account_id,borrower_income,dti_ratio,interest_rate,credit_utilization,delinquencies_6m,current_balance,default_flag,probability_of_default
1001,77417.85,0.191,0.0862,0.5511,0,23788.81,0,0.3472834769625522
1002,61543.39,0.4294,0.1202,0.9174,1,27783.48,1,0.9561034279093826
1003,81192.21,0.1351,0.2122,0.7358,0,13526.54,1,0.6373404760111878
1004,103075.75,0.3375,0.1903,0.1516,0,26222.25,1,0.2801527079842744
1005,59146.17,0.2612,0.1136,0.9087,0,34841.11,0,0.7606356512936611
1006,59146.58,0.4532,0.2223,0.4331,0,26346.97,1,0.7400042241764291
1007,104480.32,0.0572,0.0642,0.5705,0,24226.61,1,0.1858878305056437
1008,84185.87,0.0492,0.0595,0.2573,0,23495.43,0,0.08623635242872185
1009,53263.14,0.1661,0.0742,0.4948,2,35464.91,1,0.8514545443820494
1010,78564.0,0.2226,0.0721,0.4444,0,35133.59,0,0.2757256492649409
1011,53414.56,0.3101,0.0667,0.6214,1,35002.81,1,0.8014223525131278
1012,53356.76,0.1099,0.1757,0.3764,0,14846.8,1,0.33796251954927037
1013,71049.06,0.034,0.1642,0.4478,0,29715.8,0,0.27451737397045584
1014,20000.0,0.5622,0.173,0.3508,1,36156.29,1,0.9232104914254533
1015,21877.05,0.1625,0.1808,0.5241,0,27475.77,1,0.5855928050029402
1016,50942.81,0.371,0.1938,0.2681,0,36159.09,1,0.5230671139142795
1017,39679.22,0.0962,0.0894,0.2844,0,39176.14,0,0.1878502731055292
1018,72856.18,0.1826,0.1682,0.8556,0,11955.6,1,0.7149875175949839
1019,42299.4,0.0716,0.1602,0.6507,0,17253.63,1,0.5207542180981908
1020,29692.41,0.5191,0.2293,0.4962,0,29052.39,1,0.8618853068413324
1021,101641.22,0.149,0.0941,0.235,0,16587.14,0,0.11910005484528492
1022,59355.59,0.0559,0.0612,0.3654,0,42655.42,0,0.1505971436235845
1023,66688.21,0.4362,0.1742,0.5823,0,12765.37,1,0.7455587849042857
1024,29381.3,0.1661,0.1906,0.3406,0,19277.92,0,0.4386736773826739
1025,51390.43,0.4677,0.1038,0.3333,0,44772.25,1,0.5155167734636572
1026,67773.06,0.2742,0.1585,0.5012,1,12567.27,1,0.7925879824906542
1027,36225.16,0.23,0.0613,0.5054,0,22952.71,0,0.4016747809847368
1028,74392.45,0.3363,0.2324,0.3965,0,17551.29,1,0.600950613227347
1029,49984.03,0.1259,0.0709,0.9018,0,37391.97,0,0.6069279167009864
1030,57707.66,0.1558,0.0628,0.3667,0,17165.89,0,0.2097418907910257
1031,49957.33,0.2406,0.0584,0.5477,0,11457.16,0,0.4074880654238437
1032,111306.95,0.3338,0.1312,0.7814,0,42325.41,0,0.6503738246012978
1033,64662.57,0.2233,0.0685,0.4516,0,17696.1,1,0.30404548661280034
1034,38557.23,0.0355,0.1915,0.2583,1,34669.9,1,0.5408384219441281
1035,85563.62,0.247,0.2208,0.4874,0,16622.71,1,0.5464832115204473
1036,34478.91,0.1759,0.0994,0.2677,1,12143.27,0,0.5361351608727426
1037,70221.59,0.2224,0.1695,0.0522,1,37096.49,1,0.43390743907465046
1038,20000.0,0.1984,0.058,0.6204,0,7223.28,1,0.4986400056463391
1039,31795.35,0.1951,0.1234,0.3999,0,18278.91,0,0.39749563269468907
1040,69921.53,0.2294,0.1057,0.7723,0,36203.27,1,0.6072146711891828
1041,83461.66,0.3654,0.0934,0.8651,0,25485.5,1,0.7371418120997527
1042,69284.21,0.0926,0.1725,0.8204,0,32582.95,0,0.6301642663614576
1043,62108.79,0.1707,0.0747,0.5218,3,7672.68,1,0.9533388653698529
1044,57472.41,0.0872,0.2135,0.6899,1,34992.4,1,0.8487017910064567
1045,28036.95,0.1656,0.1763,0.2557,0,11877.62,0,0.3527371673866577
1046,47003.89,0.2229,0.185,0.2134,0,37348.16,1,0.3411386383574842
1047,53484.03,0.0935,0.2277,0.5231,0,27566.99,0,0.5222657225609719
1048,91428.06,0.2524,0.2291,0.4457,1,34566.47,1,0.7887861116068764
1049,73590.46,0.253,0.1548,0.5259,0,13513.31,1,0.5029635963309192
1050,20924.0,0.1074,0.1441,0.4883,0,20817.02,0,0.4473949338194834
1051,73102.1,0.1784,0.1137,0.7952,0,37082.77,1,0.5847433747540686
1052,55372.94,0.0351,0.186,0.5105,0,41432.18,0,0.38566723393849933
1053,48076.95,0.1093,0.1523,0.2043,0,14062.89,0,0.2075940842003909
1054,80291.91,0.1548,0.2272,0.6069,2,36735.75,1,0.9439378804383499
1055,90774.99,0.1403,0.0953,0.3905,2,9342.21,1,0.7473857817250277
1056,88282.0,0.0473,0.1089,0.6987,1,22029.95,1,0.647472964271974
1057,44019.56,0.082,0.1101,0.5818,1,42548.79,1,0.6891345843901537
1058,57269.69,0.1777,0.2031,0.668,1,42805.46,1,0.8725096885397007
1059,73281.59,0.4,0.0688,0.6547,1,16867.29,1,0.8401246868725202
1060,89388.63,0.3207,0.1366,0.7377,0,12716.54,1,0.6635425792003027
1061,53020.64,0.2171,0.1312,0.1883,1,10979.45,1,0.517631798023916
1062,60358.53,0.2894,0.0639,0.3156,1,24235.01,1,0.5586019774363438
1063,37341.63,0.4202,0.1281,0.8054,1,8683.07,1,0.9512193226919108
1064,35094.83,0.075,0.1475,0.3389,0,19274.12,1,0.2820619952690334
1065,85313.15,0.4333,0.0624,0.3339,1,5680.44,0,0.6406902475762161
1066,98906.0,0.3008,0.1469,0.5552,1,15375.92,0,0.7746834390314127
1067,63199.75,0.3659,0.2323,0.5699,0,41011.08,1,0.7673031518052236
1068,90088.32,0.0809,0.236,0.6634,1,22879.14,1,0.8094325290409412
1069,74040.9,0.1586,0.151,0.2846,0,7949.82,1,0.2394157874848233
1070,48872.01,0.3534,0.1479,0.7062,1,30873.47,1,0.9181515717456104
1071,74034.89,0.2037,0.1042,0.6339,0,43225.34,1,0.45979757370446156
1072,103450.91,0.185,0.2395,0.3753,0,23536.3,1,0.38701568661727676
1073,64104.35,0.4215,0.1021,0.3849,0,29971.51,1,0.48066971130977704
1074,104116.09,0.1866,0.1361,0.7824,0,41776.72,1,0.5443328505282555
1075,20000.0,0.2489,0.0506,0.3152,0,21763.98,0,0.2972093001654929
1076,85547.56,0.4197,0.1164,0.6872,0,31583.47,1,0.6871420881262623
1077,67176.18,0.4478,0.0636,0.2996,1,22628.17,1,0.66940988667846
1078,57524.82,0.104,0.1913,0.518,0,43485.24,0,0.45761684078287057
1079,67294.02,0.1814,0.1566,0.5756,0,25152.06,1,0.4950397302186511
1080,20000.0,0.3154,0.1587,0.3783,0,40426.12,1,0.5774155231266012
1081,59508.2,0.4773,0.1044,0.5294,0,25287.94,1,0.659609007302696
1082,73927.81,0.1061,0.2048,0.4666,1,31735.44,1,0.7003892823816247
1083,101947.35,0.3221,0.0506,0.502,0,20445.66,0,0.3147132900995298
1084,52043.24,0.1908,0.1134,0.766,0,41702.2,0,0.6216894667852539
1085,44787.66,0.4166,0.1753,0.2797,0,30877.69,1,0.5589914669142942
1086,52456.07,0.116,0.2225,0.4516,1,5796.49,1,0.7621192128906346
1087,87885.05,0.4241,0.0946,0.3804,0,5625.65,1,0.40996710723655755
1088,73218.78,0.3129,0.1528,0.5996,0,32047.1,1,0.6143438849698137
1089,51755.99,0.1704,0.1522,0.4024,1,9570.75,1,0.6782970992756766
1090,77831.69,0.0551,0.2161,0.1958,0,33646.58,0,0.1923392847311246
1091,67426.94,0.2796,0.0596,0.6999,0,17880.67,1,0.5261073448776495
1092,89216.12,0.2031,0.1307,0.7282,1,26556.79,0,0.8054831253632311
1093,47448.67,0.04,0.0847,0.7186,0,11975.98,0,0.4094746308552856
1094,56808.45,0.4312,0.0541,0.5593,1,14848.87,1,0.8216428696109276
1095,55197.3,0.1744,0.0779,0.7715,1,22476.71,1,0.8077327037046361
1096,28412.13,0.4095,0.2355,0.1344,0,31619.1,1,0.5738279225298966
1097,72403.01,0.2911,0.0908,0.2445,1,11229.27,1,0.5179316071219418
1098,71526.38,0.4356,0.2277,0.1844,0,16251.33,1,0.5213381332454021
1099,65127.84,0.0171,0.089,0.3774,1,13278.5,0,0.38746178710209817
1100,59135.32,0.2431,0.2269,0.322,0,39506.97,0,0.48285345052105805
1101,29615.73,0.5216,0.1744,0.1673,0,30920.26,1,0.5997353987966149
1102,54483.87,0.1128,0.0715,0.3322,0,23739.83,0,0.1809561852084362
1103,56432.14,0.239,0.1606,0.4829,0,42877.72,0,0.506366414039921
1104,44943.07,0.0755,0.1105,0.4744,0,34433.05,0,0.3029701296374615
1105,60967.86,0.5087,0.1228,0.7364,0,42289.04,1,0.8265210567448543
1106,75101.27,0.1746,0.1336,0.8512,0,28903.72,1,0.6510040678018826
1107,112154.65,0.2524,0.1303,0.5106,0,10522.28,1,0.35910223208079806
1108,69364.45,0.2086,0.1762,0.5776,0,32017.08,1,0.5494183681920982
1109,71438.76,0.3379,0.196,0.7762,1,13059.65,1,0.9362998763336853
1110,63138.85,0.1367,0.1125,0.2524,0,18838.74,0,0.18357486619110117
1111,20000.0,0.2053,0.2256,0.6891,1,25384.72,1,0.9313804071495154
1112,64337.15,0.2121,0.2283,0.4316,0,11294.64,1,0.5328113447378962
1113,66505.76,0.0486,0.0577,0.5264,0,5831.26,0,0.2098773315432205
1114,126581.05,0.0319,0.0528,0.3119,0,18083.44,0,0.06267481522548016
1115,60190.98,0.2683,0.1308,0.2671,0,37972.63,0,0.30933637808067216
1116,72538.68,0.0369,0.1622,0.4838,0,5615.2,0,0.2949286917138476
1117,64132.21,0.183,0.1028,0.4487,1,9377.36,1,0.6211412608902906
1118,35783.05,0.1022,0.0993,0.3694,0,37274.19,0,0.25713696963398763
1119,93570.57,0.2304,0.1789,0.3198,0,17234.07,0,0.3146911607449942
1120,83798.33,0.3319,0.1643,0.467,0,42528.54,0,0.5194525622728067
1121,84775.8,0.33,0.0818,0.4706,0,20209.77,1,0.3832019618679935
1122,42265.31,0.2591,0.2181,0.4368,0,36868.16,1,0.6156117166126012
1123,100069.86,0.2508,0.1792,0.1357,0,15351.59,0,0.20370032499189172
1124,29953.72,0.352,0.1189,0.4053,0,7473.25,1,0.5435700245857171
1125,79671.43,0.257,0.1799,0.6028,1,40262.18,1,0.8366922985160288
1126,119761.39,0.1445,0.0714,0.6481,0,42091.86,1,0.26899326662920353
1127,40236.59,0.0366,0.139,0.9028,0,33323.99,1,0.6576575312308284
1128,50842.56,0.3886,0.0821,0.5735,1,35802.71,1,0.8401592111635051
1129,67491.28,0.5215,0.0579,0.6241,0,5285.1,1,0.6786596981579778
1130,52413.11,0.1545,0.1143,0.561,0,35152.94,0,0.4245637199156419
1131,26233.41,0.1648,0.0786,0.1734,1,23887.86,0,0.43492224447792444
1132,66714.07,0.033,0.1704,0.7023,0,23111.62,1,0.484267351589892
1133,38442.41,0.1645,0.1781,0.5085,1,26602.8,1,0.7976619188657997
1134,76839.81,0.2009,0.0783,0.2536,0,15848.41,0,0.16656435628453592
1135,42014.39,0.1097,0.0547,0.8136,0,32851.54,0,0.514146556512349
1136,103748.36,0.1042,0.2006,0.1988,0,16823.55,1,0.16828029582628415
1137,45418.67,0.2178,0.0504,0.4221,0,27344.27,0,0.2936933134099917
1138,56948.46,0.1969,0.1153,0.6056,0,10477.09,1,0.49043954007061524
1139,85337.93,0.113,0.144,0.3584,1,32003.03,1,0.5016481617762482
1140,34228.39,0.3889,0.2055,0.3776,0,12584.51,1,0.6806185118960266
1141,70686.5,0.0118,0.2093,0.6292,0,11816.56,1,0.4600766766594177
1142,97678.57,0.3632,0.1877,0.4288,0,5971.33,1,0.5226032620375679
1143,24812.92,0.1139,0.097,0.7051,1,9871.43,1,0.8048363721751643
1144,69615.85,0.1932,0.1868,0.6691,0,14302.81,1,0.6241160656569565
1145,71497.07,0.2672,0.0968,0.4809,0,13892.37,1,0.39000181797780076
1146,84545.57,0.2249,0.0908,0.2613,0,18106.86,1,0.1842875825439781
1147,34076.23,0.1649,0.154,0.3472,1,7176.66,1,0.6748027417323801
1148,31988.58,0.1481,0.179,0.6455,0,42407.92,0,0.6403757374742247
1149,78048.54,0.1967,0.0601,0.8311,0,9767.04,1,0.5306081457444258
1150,72424.62,0.3506,0.0614,0.1314,0,33078.56,0,0.17953807081327108
1151,71262.32,0.2793,0.199,0.6779,0,26402.93,0,0.7154260057958195
1152,73661.21,0.0944,0.2133,0.227,0,27111.55,1,0.2378194632909911
1153,47999.38,0.4438,0.1648,0.5876,0,9220.67,1,0.7756243145174704
1154,70806.34,0.0614,0.1315,0.8308,0,14728.6,1,0.5406148609393967
1155,72326.81,0.3872,0.2106,0.6722,0,36195.25,1,0.7977748623659895
1156,47141.21,0.2942,0.1885,0.2062,0,23547.46,1,0.402784633435746
1157,111644.36,0.0651,0.1601,0.6816,0,23282.71,0,0.3734789671849237
1158,76845.82,0.3644,0.1108,0.4307,0,26836.47,1,0.44833204548502803
1159,35217.41,0.2992,0.0876,0.5608,0,22352.24,1,0.5559717408218486
1160,81413.84,0.2723,0.1295,0.3688,0,37245.44,1,0.3379179701428238
1161,40632.96,0.1174,0.1045,0.7226,0,34948.21,1,0.5333738942323728
1162,84677.12,0.2138,0.1145,0.8378,0,17680.17,0,0.6237531869789339
1163,93964.89,0.1284,0.148,0.6727,0,37483.24,1,0.44561167534555945
1164,44482.94,0.244,0.0821,0.8322,0,25744.26,1,0.6848605437954542
1165,89084.4,0.0831,0.2032,0.7952,0,30109.47,0,0.6050656728292427
1166,75319.52,0.4685,0.0777,0.292,0,39647.03,1,0.38308914689985507
1167,85551.5,0.2262,0.1414,0.5742,0,24039.73,1,0.4659240830179872
1168,112419.82,0.1708,0.1917,0.6319,0,35250.41,1,0.479410012758346
1169,58865.3,0.2848,0.1422,0.8976,1,30123.49,1,0.9340023164664744
1170,46156.6,0.4588,0.1186,0.7785,0,22069.8,1,0.8359951998104588
1171,42762.14,0.1312,0.1402,0.409,0,36561.93,1,0.3498553683128015
1172,44604.74,0.331,0.2112,0.4562,0,9206.36,1,0.6755797498301075
1173,63072.46,0.2347,0.2382,0.5885,0,28248.81,1,0.6910505837226731
1174,73528.8,0.1937,0.1699,0.7153,0,6856.43,1,0.6245302603129863
1175,71917.27,0.0217,0.2008,0.5353,2,11246.77,1,0.8808033807100785
1176,85679.58,0.2645,0.0528,0.6524,1,28954.95,1,0.7148548505474076
1177,65325.05,0.3222,0.2173,0.5029,0,17304.27,1,0.6662801272075434
1178,101338.35,0.3922,0.2313,0.3282,0,15499.0,1,0.5312857793017375
1179,58383.58,0.3278,0.1593,0.3852,0,43233.55,1,0.5026551662554144
1180,133004.23,0.1853,0.1932,0.4605,1,19636.22,0,0.6157112866734766
1181,80641.68,0.1105,0.1474,0.4959,0,27589.66,1,0.3240541855598153
1182,43571.06,0.0251,0.1044,0.1669,1,26369.95,0,0.3097587661074946
1183,38227.69,0.3371,0.2119,0.5638,0,7480.74,0,0.7638021371712483
1184,77061.81,0.2659,0.1634,0.6986,0,31971.03,1,0.6560927777521909
1185,59413.43,0.2091,0.1601,0.3486,1,25516.05,1,0.6666106940364844
1186,82850.01,0.1088,0.1752,0.2759,1,20256.68,1,0.48851007757037135
1187,76830.94,0.0468,0.2126,0.7957,0,7640.67,0,0.6165472657714386
1188,63179.28,0.4811,0.1891,0.511,0,16720.56,1,0.7583336023386706
1189,43830.16,0.4341,0.0901,0.565,0,40363.82,1,0.6624352119425156
1190,27128.82,0.5038,0.1387,0.4428,0,11948.45,1,0.7353985938869386
1191,53837.13,0.4675,0.2363,0.2777,0,13773.35,1,0.6765564558888877
1192,86409.97,0.2099,0.1554,0.6465,0,13211.76,1,0.530716371845132
1193,70352.34,0.1098,0.2283,0.2849,0,40632.19,1,0.31290772410324524
1194,33856.53,0.1696,0.2045,0.7429,0,32999.82,1,0.7550848931433155
1195,69329.52,0.115,0.1765,0.0876,0,40273.72,0,0.1487288498435527
1196,74632.93,0.132,0.1164,0.8724,1,41549.86,0,0.8419240897322604
1197,42903.56,0.2806,0.1078,0.1505,0,42118.7,0,0.2456991391287842
1198,68843.13,0.0989,0.1723,0.5052,1,24428.62,1,0.6859775479820995
1199,66455.22,0.2401,0.1322,0.2658,0,24048.95,0,0.2760039083445143
1200,36425.74,0.0705,0.2018,0.749,0,38156.91,0,0.675520868601307
1201,73944.68,0.2251,0.1945,0.7362,0,18277.07,1,0.7013253034364688
1202,79019.61,0.2102,0.1093,0.2027,0,5888.45,0,0.17417837749554813
1203,92076.28,0.4574,0.1835,0.5357,1,18261.91,1,0.8875001181790274
1204,91345.05,0.0783,0.144,0.4999,0,33654.01,0,0.2750358955231809
1205,30558.27,0.1447,0.1114,0.1432,0,9944.56,1,0.18125546927687838
1206,41554.37,0.1535,0.1285,0.4427,1,36391.23,0,0.6804849483321758
1207,77875.88,0.3503,0.2201,0.78,0,37618.97,0,0.8313379699358309
1208,77844.65,0.2213,0.1183,0.595,2,9036.49,1,0.911496812223836
1209,77876.19,0.2881,0.1046,0.6767,0,8913.57,0,0.5641882598166954
1210,161318.29,0.2386,0.1168,0.4425,0,12952.49,0,0.19438563271330972
1211,79272.26,0.0883,0.0908,0.601,0,19255.58,1,0.3017766783468341
1212,93389.14,0.1215,0.1535,0.3985,1,26309.34,0,0.5383315051911602
1213,88850.04,0.3123,0.078,0.6337,0,24421.68,0,0.4810938478920839
1214,81284.78,0.2649,0.2053,0.6084,0,39126.74,1,0.6424420628242244
1215,57118.27,0.1607,0.0929,0.6338,2,10689.28,1,0.9059855034350326
1216,83974.23,0.0392,0.1636,0.4306,1,32902.91,0,0.5275552399553537
1217,45679.37,0.0986,0.0738,0.6294,0,26955.46,0,0.37907002002757023
1218,59079.53,0.2679,0.2359,0.4459,0,34472.99,0,0.6196144658908215
1219,52865.91,0.1118,0.1364,0.54,0,18677.86,1,0.4039443289551061
1220,67046.85,0.4633,0.2062,0.7627,0,23855.19,1,0.8779566841897142
1221,122866.46,0.5936,0.196,0.4429,0,6143.72,1,0.6910700411362731
1222,20000.0,0.1839,0.1856,0.6348,0,9644.24,1,0.6977136729917164
1223,82156.5,0.3323,0.2072,0.4708,1,19999.82,1,0.8378062479021888
1224,24682.1,0.266,0.0691,0.3764,0,24250.19,0,0.3728406938096769
1225,53201.7,0.3412,0.1789,0.6621,1,8429.88,1,0.9162453589493278
1226,92223.76,0.5287,0.1005,0.4824,0,37999.53,0,0.5878667014506483
1227,66607.0,0.2345,0.1993,0.7282,0,42842.09,1,0.7243392936308344
1228,38056.38,0.0107,0.2318,0.4318,0,28855.9,1,0.41597220627509174
1229,47117.41,0.2697,0.2213,0.4843,0,7136.08,1,0.6545745575653981
1230,81989.94,0.4136,0.0718,0.5207,0,34553.05,0,0.48989433680899847
1231,46740.83,0.0458,0.1202,0.2543,1,13686.55,0,0.40972088595495837
1232,70411.46,0.4855,0.1192,0.6336,0,34346.07,1,0.7357008323350537
1233,66139.3,0.5148,0.0732,0.5044,0,22373.84,1,0.6100874027291565
1234,48709.99,0.3522,0.0686,0.6038,1,7137.07,1,0.8253990481913873
1235,118598.6,0.0633,0.1231,0.6619,0,16149.96,1,0.2885970873743344
1236,80847.98,0.2113,0.2385,0.7326,0,22081.2,1,0.734171621081028
1237,20000.0,0.116,0.1581,0.2353,0,34450.01,0,0.28881143867992165
1238,69661.36,0.2757,0.1681,0.2419,0,10322.77,0,0.33139611437683825
1239,48455.34,0.0965,0.1395,0.3607,0,16480.07,0,0.27556379937444675
1240,86310.83,0.4142,0.1758,0.5877,0,8341.49,1,0.6963425218380022
1241,45186.98,0.1832,0.2318,0.5005,0,29632.28,1,0.6125730551814548
1242,62131.59,0.1692,0.1619,0.1995,0,23970.86,0,0.2305973875994089
1243,77624.68,0.157,0.0624,0.7299,0,42160.2,1,0.41685869322584135
1244,86643.88,0.1459,0.1436,0.4351,0,34622.12,0,0.29212564027435856
1245,34992.59,0.2018,0.2386,0.4482,0,36115.49,1,0.6228737791580886
1246,56637.47,0.0325,0.1236,0.3456,1,11575.7,1,0.45235528264461466
1247,53126.37,0.2863,0.1628,0.2235,0,15664.9,1,0.35518236523590596
1248,48666.77,0.1244,0.0703,0.3039,0,25525.58,0,0.18092583911288007
1249,109136.36,0.3389,0.0768,0.3275,0,5539.38,0,0.23509474505327926
1250,75124.54,0.3575,0.2162,0.6155,0,39805.13,1,0.7478117673859587
1251,33477.9,0.356,0.1071,0.51,1,36109.62,1,0.8411294224602953
1252,87946.55,0.2796,0.108,0.4577,0,7317.59,0,0.3629659148058203
1253,118053.9,0.2528,0.1236,0.6017,0,38961.36,0,0.40537980972438137
1254,90811.63,0.3981,0.2336,0.6756,0,5179.52,1,0.801701998340119
1255,27015.75,0.2824,0.066,0.6835,1,9568.77,1,0.8515700039865721
1256,52894.15,0.2788,0.2056,0.5797,0,7214.58,1,0.6949004562417495
1257,96672.78,0.3187,0.1149,0.6713,0,24166.4,1,0.5596994755717188
1258,47308.26,0.474,0.2114,0.6967,0,36361.99,1,0.8834147385624136
1259,76095.49,0.5229,0.2384,0.6456,2,12141.57,1,0.9883143047337448
1260,84365.85,0.0544,0.1162,0.2678,1,35859.46,1,0.3356921884220416
1261,41826.74,0.3577,0.0746,0.5955,0,12396.99,0,0.5999012854597074
1262,63511.87,0.0927,0.0774,0.4664,0,44621.45,1,0.23211292347345078
1263,20000.0,0.2251,0.1942,0.2605,1,39138.98,0,0.7458780880545919
1264,39390.31,0.0957,0.0775,0.2926,0,34487.47,0,0.18011707040303368
1265,58685.8,0.1591,0.0995,0.6948,0,28667.54,0,0.49733097495846296
1266,33805.42,0.0564,0.0888,0.4239,1,14701.93,0,0.5359632508599899
1267,105810.28,0.3641,0.1176,0.4672,0,9770.7,0,0.4190202619350987
1268,29246.47,0.3037,0.0641,0.3849,0,23412.27,1,0.3942308830327884
1269,53998.89,0.5295,0.2128,0.7063,0,21106.41,1,0.9009179032240323
1270,68268.51,0.3525,0.2134,0.493,0,31979.24,1,0.6720531595419033
1271,101031.83,0.0556,0.1285,0.6947,0,11803.59,1,0.3504978503308205
1272,29103.45,0.4077,0.1663,0.7333,0,27485.14,1,0.8550299566239185
1273,94079.09,0.1195,0.172,0.1807,0,32734.01,0,0.1550146691551893
1274,65255.83,0.2518,0.1924,0.3106,0,16958.65,1,0.4103433230145974
1275,40462.28,0.0831,0.1489,0.6626,1,36200.57,1,0.7951498751404835
1276,76552.59,0.4744,0.147,0.2076,0,22273.71,1,0.4303759265145391
1277,69976.49,0.1195,0.1699,0.5818,0,11505.24,1,0.45807166176932185
1278,49994.58,0.1384,0.1836,0.6368,0,12790.8,1,0.5908610928160667
1279,66745.05,0.4318,0.1159,0.2726,0,16155.94,1,0.4161213402404202
1280,55367.16,0.1651,0.1128,0.5348,0,11325.05,0,0.40403566678532493
1281,67837.93,0.4439,0.1012,0.7369,0,27516.78,1,0.7522169080236412
1282,81553.27,0.2118,0.1543,0.3732,1,42965.65,1,0.6291648092448258
1283,104650.42,0.166,0.1184,0.4189,0,40842.92,0,0.23038129366149532
1284,34054.61,0.0429,0.1527,0.0891,1,17950.16,0,0.3602788721188501
1285,118325.83,0.3562,0.1271,0.5009,0,39586.77,1,0.42426468810917706
1286,20000.0,0.4948,0.209,0.1715,0,43160.92,0,0.6552273671448537
1287,61205.37,0.2464,0.0639,0.074,0,16766.69,0,0.12249949923934017
1288,79707.93,0.4962,0.1587,0.5519,1,41211.4,1,0.9018972536480243
1289,72024.8,0.1273,0.1594,0.6086,0,44897.16,1,0.4646699499492323
1290,49432.51,0.2917,0.1229,0.2879,1,36906.87,1,0.6576723645519393
1291,59796.94,0.1581,0.13,0.5443,0,20608.93,0,0.4224858697577894
1292,52674.98,0.4528,0.202,0.7726,1,29341.66,1,0.9653543957382953
1293,50265.88,0.1702,0.1033,0.3862,0,19567.47,1,0.29583240028446295
1294,86240.05,0.2542,0.2156,0.7793,1,44838.45,0,0.914655706643914
1295,73925.39,0.3633,0.2203,0.8797,1,7714.13,1,0.9629263022312605
1296,47677.26,0.4362,0.1736,0.5128,1,40723.21,1,0.9071098632629264
1297,87490.0,0.4877,0.1968,0.6182,0,7981.93,1,0.7911036278432109
1298,72682.49,0.0433,0.1665,0.6011,0,6687.91,1,0.39213003731823864
1299,85321.55,0.367,0.1498,0.4363,0,42597.58,1,0.4993456408042621
1300,80740.72,0.2238,0.2337,0.3458,0,39691.28,1,0.44313202682573044
1301,44275.12,0.2458,0.1037,0.7448,0,19462.47,1,0.6556435785192082
1302,50995.47,0.261,0.0793,0.5776,1,43301.29,1,0.7643844975945031
1303,83682.34,0.0858,0.1046,0.3066,2,39474.28,1,0.6768261404866873
1304,80259.26,0.3017,0.1668,0.5927,1,41079.32,1,0.8422004374150326
1305,64477.46,0.1312,0.0852,0.4573,0,28804.62,0,0.26114521302929533
1306,67933.18,0.0746,0.2227,0.3732,1,43333.14,0,0.646796318683961
1307,96941.62,0.3434,0.1281,0.637,1,37383.29,1,0.8255380485561334
1308,50210.72,0.3513,0.2115,0.2763,0,42598.11,1,0.5425228400027478
1309,78677.43,0.3926,0.0974,0.6167,0,16260.44,1,0.5978808689756311
1310,59945.18,0.187,0.1095,0.5911,0,26283.9,1,0.4525907855250075
1311,59557.97,0.4699,0.0613,0.4296,0,39706.51,1,0.5053944822828144
1312,92469.42,0.2188,0.099,0.4461,0,28189.16,0,0.28272371201685087
1313,85635.41,0.427,0.1432,0.6781,1,37043.93,0,0.9012017777127436
1314,85337.74,0.3982,0.2298,0.5074,0,43923.88,1,0.7063011088919464
1315,97636.97,0.1571,0.1239,0.4707,0,37182.51,1,0.2757550589458466
1316,65525.1,0.1656,0.1716,0.773,0,17614.38,1,0.6640433648626453
1317,82048.82,0.2474,0.1313,0.655,1,9747.98,1,0.8055763606615155
1318,57243.33,0.5172,0.0589,0.3702,0,15909.87,1,0.5027596341958172
1319,73104.16,0.1761,0.1457,0.5243,0,31511.64,1,0.41680558765669296
1320,61746.42,0.2626,0.0625,0.5889,0,5437.77,0,0.43886224022702736
1321,67424.9,0.266,0.2179,0.3392,2,12588.75,1,0.9190662684930107
1322,79878.93,0.1715,0.1931,0.3966,0,18076.11,1,0.37291703561536754
1323,44544.48,0.4584,0.1219,0.3333,0,40009.0,1,0.553444062474897
1324,117309.68,0.1642,0.1716,0.4388,0,7040.17,0,0.28546898211125404
1325,39849.57,0.2731,0.0713,0.3794,0,6997.45,0,0.35045171705148054
1326,34645.28,0.2957,0.1835,0.3556,0,27071.3,1,0.5466106743219029
1327,93952.77,0.3566,0.2063,0.2117,3,12110.65,1,0.9632142392425351
1328,84791.57,0.2639,0.2061,0.7335,0,14688.61,0,0.7233051167036978
1329,80603.0,0.1358,0.104,0.5036,0,12369.44,0,0.2881918469346058
1330,80708.64,0.4507,0.1001,0.7394,0,28264.29,1,0.7332462209703586
1331,64693.83,0.0082,0.1491,0.6504,2,7221.91,1,0.8860597149560505
1332,42568.64,0.1998,0.2339,0.2337,0,42600.0,1,0.4232105724983821
1333,66895.11,0.2256,0.2249,0.4914,0,9925.54,0,0.5815198972704687
1334,48070.96,0.3221,0.1183,0.6032,0,43063.82,1,0.6288498444939549
1335,89377.99,0.1563,0.1982,0.4972,0,36125.16,1,0.42375867770299025
1336,61323.57,0.3195,0.2251,0.517,1,38120.64,1,0.8876548542798604
1337,44362.57,0.2568,0.0996,0.7224,1,11912.33,1,0.8620791493326604
1338,56965.35,0.3196,0.2078,0.7432,0,31785.88,1,0.8149999874925188
1339,75323.29,0.3591,0.1009,0.3977,0,37682.89,1,0.40475166793334266
1340,50906.89,0.3029,0.1152,0.3782,1,27321.42,0,0.7157053190599592
1341,44444.49,0.3721,0.0878,0.6244,1,27042.99,1,0.8657644421430002
1342,71092.18,0.2764,0.1463,0.5603,1,11376.53,0,0.806556443799602
1343,71124.16,0.1316,0.2102,0.2883,0,21569.3,0,0.3053055159174736
1344,52326.42,0.1093,0.1503,0.6176,0,11021.6,1,0.48804362391385825
1345,53224.04,0.2937,0.0735,0.4794,0,43914.31,1,0.4181809764050613
1346,70801.25,0.1173,0.0978,0.3626,0,32394.0,0,0.2013020137268415
1347,28797.89,0.0317,0.1569,0.8401,0,6936.88,0,0.6594810364157043
1348,29813.41,0.4774,0.1608,0.7386,1,24070.72,1,0.962926039190759
1349,47038.89,0.5144,0.1596,0.7459,0,30518.57,0,0.8801704798661849
1350,59663.82,0.1163,0.0646,0.6024,3,8825.62,1,0.9540614545433411
1351,72772.69,0.1722,0.1932,0.4105,0,31599.54,1,0.4008615455474169
1352,101883.91,0.1345,0.2228,0.5011,0,12092.21,1,0.4172198599600243
1353,86441.49,0.2869,0.147,0.3216,0,21315.18,0,0.33081755282266195
1354,61001.54,0.1289,0.1866,0.2192,0,30022.16,1,0.24681680733120168
1355,64524.59,0.1585,0.2237,0.7797,0,19602.16,1,0.7375238997967037
1356,39936.77,0.3385,0.1721,0.8088,0,20235.37,1,0.8449463726051604
1357,64537.17,0.0814,0.1781,0.4733,0,38744.61,1,0.3644663786175848
1358,57783.53,0.2432,0.1871,0.7886,0,17370.59,1,0.7685511459713259
1359,73067.96,0.0746,0.0995,0.3555,0,31207.77,0,0.1720296944926495
1360,44319.23,0.1101,0.1607,0.2604,0,38966.11,1,0.2570765767022707
1361,77983.66,0.0647,0.21,0.7481,0,11105.97,1,0.5885700127183053
1362,103318.47,0.211,0.1063,0.4591,0,6837.12,0,0.27389792054637435
1363,62281.0,0.24,0.2205,0.5605,0,38021.36,1,0.6510202334367196
1364,75042.79,0.0224,0.1679,0.3274,1,27045.23,0,0.4569062755885858
1365,82253.6,0.2003,0.1304,0.7028,0,38108.05,1,0.5361400805390256
1366,54969.49,0.0632,0.1684,0.7633,1,13521.43,1,0.8317942158515789
1367,70602.31,0.5231,0.1264,0.5796,0,38305.29,1,0.7377046207474248
1368,65314.81,0.3608,0.2092,0.4702,0,8812.42,1,0.6626246907920782
1369,67441.9,0.2656,0.1416,0.4862,0,40328.12,1,0.47542651947989617
1370,45674.76,0.3682,0.2212,0.4024,0,37901.35,0,0.679849510448328
1371,65612.75,0.1771,0.1469,0.7192,0,27693.39,1,0.5947839573459058
1372,77449.96,0.3358,0.1755,0.5991,0,29333.6,1,0.6590699938635824
1373,101278.59,0.1139,0.2396,0.4105,0,18833.77,0,0.3569869221776375
1374,88981.77,0.205,0.0779,0.41,0,13064.65,0,0.23033185369362066
1375,118829.56,0.1021,0.19,0.2797,1,23217.52,1,0.4228923142238372
1376,45816.31,0.6028,0.0764,0.3769,0,31298.08,0,0.6410444111621272
1377,86808.02,0.0306,0.2094,0.2264,1,44938.59,1,0.4231547989154279
1378,69583.55,0.0671,0.1633,0.4665,0,37690.12,0,0.31449574588566653
1379,119745.07,0.1178,0.2283,0.5689,0,22372.31,1,0.42234513904865356
1380,44792.54,0.4179,0.2145,0.7666,0,34729.91,1,0.889815828839088
1381,44006.95,0.1925,0.0642,0.8456,0,9321.9,1,0.6255946926406294
1382,50015.18,0.1305,0.0761,0.2061,0,21601.44,0,0.144241604831748
1383,20000.0,0.3149,0.1642,0.6796,0,21996.98,1,0.7905827370646676
1384,51856.12,0.5851,0.1485,0.3736,1,44952.95,1,0.8977820265532919
1385,46021.68,0.1584,0.082,0.4578,0,20640.6,1,0.31468295035421606
1386,68759.84,0.3394,0.0746,0.4242,1,8331.26,1,0.682435347665716
1387,73543.9,0.3625,0.1572,0.6153,0,7689.12,0,0.6743229847111168
1388,111904.27,0.1291,0.0593,0.2761,1,32935.38,0,0.2642302634166731
1389,88760.6,0.0672,0.216,0.6451,0,16563.72,1,0.4916710578584992
1390,50577.41,0.1385,0.2033,0.3922,0,39756.54,1,0.42469473055299206
1391,42539.63,0.2791,0.1992,0.4195,1,24317.91,1,0.8333507893007458
1392,77297.98,0.2155,0.053,0.321,0,18214.9,1,0.18109025142757035
1393,31994.17,0.1753,0.0591,0.3342,0,35364.58,0,0.24350693275690358
1394,110786.47,0.1108,0.1545,0.8319,0,21701.3,0,0.5284221369641644
1395,94486.0,0.1172,0.2389,0.4364,0,34495.33,0,0.3940751527626
1396,53270.61,0.2729,0.115,0.9275,0,33563.68,1,0.7904503457341906
1397,22171.64,0.1813,0.1154,0.3704,0,33928.46,0,0.37218301078608346
1398,98846.81,0.1985,0.0755,0.2235,0,39284.87,0,0.12451097633841843
1399,62136.5,0.009,0.1781,0.3852,0,38935.98,0,0.251697419235208
1400,95945.41,0.1437,0.1729,0.4565,0,31584.33,1,0.32754530128968384
1401,25139.31,0.4148,0.0693,0.7786,0,43278.47,1,0.7927998843377579
1402,50015.62,0.3951,0.1388,0.7306,0,5829.1,1,0.7911627690515021
1403,65131.09,0.3743,0.1767,0.301,1,42216.92,1,0.7700352236597554
1404,66174.51,0.3556,0.1438,0.3171,0,10930.14,1,0.4288194428074746
1405,53748.36,0.2234,0.1781,0.5768,0,13465.72,0,0.6024791198453706
1406,80571.25,0.3678,0.2051,0.4791,0,37695.96,0,0.635079029108285
1407,38309.49,0.1341,0.1803,0.2102,1,21017.42,1,0.5750691306556075
1408,61440.51,0.3922,0.1671,0.5789,0,22012.42,1,0.7117404229674968
1409,68007.39,0.1524,0.2122,0.418,0,15449.08,1,0.43084976615437504
1410,77860.97,0.3427,0.2211,0.3511,1,13977.65,1,0.806152569414616
1411,82790.37,0.3074,0.1239,0.8629,1,9249.62,1,0.9060251772876446
1412,36883.95,0.1976,0.0829,0.4982,0,12870.85,0,0.40000206229202306
1413,26647.15,0.0221,0.2054,0.8798,0,27669.85,1,0.7499224106860454
1414,96941.92,0.4562,0.0906,0.4575,1,33264.36,1,0.7577986818934531
1415,73307.85,0.2903,0.2265,0.4208,0,34553.57,1,0.5716014329538729
1416,46287.84,0.2176,0.0543,0.2439,0,19804.93,1,0.19134388624430962
1417,103778.8,0.2565,0.225,0.414,1,41878.19,1,0.7468603666267093
1418,67891.87,0.0548,0.1619,0.3338,1,18149.12,1,0.49966404310796336
1419,94482.43,0.1162,0.1972,0.6791,0,9445.47,1,0.5198056977457821
1420,66687.96,0.3913,0.1257,0.3174,0,42808.91,0,0.4309394137211641
1421,116518.7,0.4566,0.2384,0.8583,0,26627.09,1,0.8799073044460356
1422,108883.52,0.0977,0.0932,0.2179,0,43855.05,0,0.08910831547443421
1423,58775.9,0.2559,0.1002,0.5747,0,20746.66,1,0.49069897357148934
1424,89289.27,0.2292,0.0598,0.3264,0,35295.73,1,0.18064573286169344
1425,81134.4,0.3404,0.2287,0.6782,0,9397.47,1,0.7776537322761884
1426,99215.79,0.1689,0.1366,0.4584,0,39163.17,1,0.2905780527669425
1427,40876.91,0.3293,0.1782,0.587,0,11827.99,0,0.7251330422875342
1428,82151.29,0.3593,0.1806,0.2662,0,7747.16,1,0.41347727934372236
1429,91460.61,0.2143,0.2162,0.6719,0,8910.13,1,0.640487010508488
1430,21031.51,0.3341,0.1763,0.3663,1,27295.02,1,0.84536141505471
1431,35418.54,0.1201,0.1568,0.2873,0,16674.94,0,0.2941184351525977
1432,20000.0,0.3775,0.185,0.8778,0,43438.17,0,0.9126099366842338
1433,58264.83,0.071,0.1927,0.8479,0,39107.06,1,0.6865028026297169
1434,82938.56,0.3743,0.0853,0.7319,0,37132.31,1,0.6414430873112174
1435,102558.93,0.3751,0.0708,0.2495,0,37385.54,1,0.21845817796622774
1436,66852.37,0.2788,0.0642,0.4021,0,40627.09,1,0.3031412818414417
1437,105715.39,0.2113,0.1211,0.1697,1,39608.4,0,0.35602369757575536
1438,30497.46,0.1471,0.1446,0.408,0,42128.3,1,0.39776565395493324
1439,22415.44,0.3285,0.167,0.6234,0,42374.65,1,0.7669465541203137
1440,63611.31,0.0477,0.232,0.6256,0,16932.85,1,0.5454060835807328
1441,74601.64,0.1453,0.1128,0.4642,0,13782.57,0,0.293169032261636
1442,64182.63,0.2997,0.1946,0.2989,0,30723.93,0,0.45091976843983544
1443,20000.0,0.1531,0.151,0.4814,0,9933.25,1,0.497910336091157
1444,62772.0,0.1697,0.0918,0.353,1,13445.8,0,0.5182705971243126
1445,32388.26,0.2352,0.1669,0.7839,1,35918.27,1,0.9253273005481923
1446,81741.81,0.222,0.2338,0.5421,1,30973.42,1,0.838082626151181
1447,74164.96,0.0687,0.0736,0.4763,1,31034.08,0,0.46655103055916525
1448,41503.01,0.1869,0.1464,0.7231,0,43025.54,1,0.660332890044726
1449,52153.33,0.2655,0.0598,0.6409,0,31704.98,0,0.5025007363122322
1450,38519.66,0.3448,0.111,0.2898,1,22232.29,0,0.7077218593794184
1451,63433.02,0.4324,0.1679,0.4687,0,16213.3,1,0.6638824057657154
1452,88878.56,0.29,0.2098,0.5642,1,18542.22,1,0.8507246569049612
1453,40356.85,0.0244,0.1888,0.4005,0,16112.54,1,0.33208763263765684
1454,77601.16,0.5448,0.1379,0.5536,0,6399.52,0,0.7385724302101054
1455,51743.56,0.3007,0.2228,0.6685,2,15462.96,1,0.9784873860261912
1456,45178.18,0.1696,0.1075,0.4081,0,38414.8,0,0.3272688163708833
1457,62324.24,0.1907,0.1933,0.3344,0,34129.16,1,0.3826624817332393
1458,39118.94,0.2765,0.1401,0.169,0,29873.53,1,0.3047280250537778
1459,51158.77,0.1092,0.2207,0.5777,0,41088.21,1,0.5748400668732431
1460,35053.05,0.0973,0.2015,0.3487,1,15565.0,1,0.6876916629585308
1461,114118.13,0.2081,0.2213,0.6831,0,28107.38,1,0.5996146925569836
1462,65881.59,0.5482,0.0907,0.2619,0,6253.06,0,0.4753166462344574
1463,47506.86,0.3229,0.1769,0.5271,1,40680.26,1,0.8728716910014811
1464,70349.5,0.1007,0.1903,0.508,0,22909.48,0,0.4142260258124616
1465,62191.8,0.0109,0.1911,0.2272,1,12114.86,1,0.434766426207826
1466,59475.76,0.0936,0.1458,0.393,0,14572.66,0,0.281365192339617
1467,80354.17,0.2662,0.0521,0.4809,0,38929.56,1,0.30262676340839273
1468,83937.69,0.1661,0.0997,0.5771,0,9352.25,1,0.3514000944907025
1469,51737.47,0.3676,0.1114,0.6279,0,42008.11,1,0.6672433022224294
1470,50604.54,0.1132,0.2119,0.6797,0,19938.51,0,0.6446659816989838
1471,58123.71,0.2033,0.2098,0.3152,0,15043.41,0,0.41506071415388446
1472,20000.0,0.4054,0.0699,0.62,0,18274.35,0,0.6993642295001977
1473,27120.22,0.1102,0.2305,0.3913,2,21359.33,1,0.9238154258753851
1474,99171.86,0.1438,0.0847,0.4181,2,26924.53,0,0.7379374967327266
1475,106124.19,0.1971,0.1287,0.2997,0,28472.3,0,0.19398086329261074
1476,58774.1,0.2533,0.0909,0.5652,2,22912.77,1,0.9135616915797241
1477,79413.92,0.2108,0.2135,0.6906,1,22854.56,1,0.8780035950589208
1478,72781.25,0.0498,0.1924,0.656,0,16411.99,1,0.484027069929566
1479,141972.02,0.1075,0.1172,0.4764,0,20352.39,0,0.16674722684199908
1480,92989.37,0.1759,0.1796,0.2651,0,23685.53,1,0.24060591508948098
1481,61802.06,0.1653,0.085,0.3661,0,28903.52,1,0.23411468439690342
1482,41111.49,0.3905,0.1226,0.4674,0,10228.0,1,0.6074019139413815
1483,24838.84,0.4607,0.1217,0.6662,0,35558.95,1,0.8173446596813736
1484,70086.59,0.4079,0.0952,0.4777,0,32222.85,0,0.5174932074884795
1485,46091.23,0.0985,0.2165,0.5101,0,16950.71,1,0.51573872722402
1486,29443.66,0.4272,0.179,0.5628,0,23373.76,1,0.7978759630932365
1487,48835.68,0.24,0.1032,0.7776,1,42877.16,1,0.8732702208496919
1488,37961.3,0.1624,0.096,0.2559,0,5819.1,1,0.2228075827419392
1489,107178.54,0.2088,0.0534,0.3027,0,37454.06,0,0.13212907750783068
1490,87040.99,0.2793,0.1159,0.4418,1,25468.99,1,0.6670298683160385
1491,64800.68,0.4358,0.1501,0.4486,0,29752.5,1,0.6215349955290758
1492,101998.6,0.3284,0.1028,0.5804,1,32381.3,1,0.7495782797428701
1493,66934.21,0.0213,0.1831,0.2153,0,23240.81,0,0.16649053488544696
1494,43467.89,0.4677,0.1282,0.2154,0,12674.38,0,0.479413979544319
1495,103078.1,0.0385,0.1101,0.6225,0,41383.62,1,0.2576538734129039
1496,78472.75,0.2896,0.2284,0.4148,0,34607.63,1,0.5568811829349568
1497,39068.85,0.3556,0.0999,0.6527,0,27383.59,1,0.6854204091633478
1498,60241.53,0.3327,0.1257,0.1658,3,22938.26,1,0.9436899042599743
1499,43109.54,0.0707,0.1226,0.4861,0,24973.27,0,0.3285859182220369
1500,30430.01,0.3773,0.0958,0.4227,0,37941.53,0,0.5417511714389168
1501,88154.44,0.2695,0.0913,0.7745,0,5500.14,0,0.5790101100724518
1502,112735.42,0.1557,0.1075,0.4079,0,39613.4,0,0.19282483870226916
1503,30035.81,0.1207,0.2142,0.3622,0,6870.08,0,0.45145001668306367
1504,79074.23,0.2724,0.1957,0.7328,0,29636.52,1,0.7264878903062425
1505,48733.94,0.287,0.1794,0.256,1,18324.9,1,0.7138684695532929
1506,52821.87,0.0681,0.1368,0.84,0,32129.45,1,0.6054899006833541
1507,50190.15,0.296,0.1465,0.2053,0,8421.72,0,0.33197060789609784
1508,43400.23,0.3584,0.1008,0.6275,0,27249.3,1,0.6617041296128034
1509,66213.04,0.0614,0.0641,0.592,0,39209.37,1,0.2652620056489443
1510,44226.25,0.3335,0.1129,0.4601,0,24785.51,0,0.5262699242933512
1511,71761.42,0.3713,0.1442,0.7182,0,8373.86,0,0.7362775871355476
1512,63744.05,0.1592,0.0609,0.3437,0,6495.14,0,0.1884320210418821
1513,59026.3,0.5119,0.0668,0.6211,1,29848.05,1,0.8901842451609877
1514,42310.91,0.1238,0.1,0.3714,1,7781.22,1,0.5537852879087044
1515,50580.72,0.1648,0.1197,0.1536,0,7851.55,1,0.17667488159416492
1516,83884.78,0.1246,0.1247,0.2072,0,22017.58,1,0.14114867302561684
1517,77522.93,0.4711,0.0724,0.8642,0,13380.33,1,0.7925769131017087
1518,40561.12,0.187,0.0929,0.3499,0,13167.84,0,0.28958320403192034
1519,67483.31,0.1706,0.0997,0.3029,0,24239.05,0,0.2093367720836118
1520,83784.68,0.1029,0.0629,0.6071,0,16232.07,1,0.2700869384748889
1521,23264.87,0.4291,0.112,0.6556,0,13770.66,0,0.7853140287193915
1522,78584.0,0.1258,0.0637,0.4732,0,25576.58,1,0.21602798481222138
1523,48434.41,0.1382,0.1837,0.6624,0,16635.35,1,0.6144495336110969
1524,79264.97,0.0311,0.1233,0.3335,1,8208.82,1,0.3873603191843129
1525,45918.52,0.1302,0.1121,0.6966,0,32309.56,1,0.5239203002589435
1526,20000.0,0.0669,0.074,0.284,0,28424.32,0,0.18464627227002037
1527,24311.44,0.2036,0.093,0.566,1,13484.69,1,0.781835377283039
1528,66202.12,0.3213,0.0942,0.2127,0,28289.86,1,0.2525679009568379
1529,71493.06,0.1509,0.2372,0.5979,0,43223.59,0,0.6069325565194692
1530,42392.08,0.1661,0.2087,0.2423,0,43259.14,1,0.3604981543885405
1531,80964.81,0.0865,0.0529,0.0764,0,26277.7,0,0.056082106615684774
1532,23462.0,0.4722,0.1672,0.282,0,8921.19,1,0.6470085597872162
1533,63348.01,0.4208,0.0986,0.8393,0,23327.42,1,0.7996972633295869
1534,34724.6,0.3287,0.0698,0.59,0,6079.34,1,0.5784261594532034
1535,48704.1,0.3138,0.1841,0.7632,1,21608.05,1,0.9369103863468812
1536,66184.97,0.089,0.075,0.2893,0,41376.75,0,0.13833575711881627
1537,43489.67,0.2779,0.1343,0.4576,1,23697.75,1,0.7838270032897625
1538,55386.11,0.2637,0.1701,0.3433,0,27019.5,1,0.43443095885481525
1539,90157.32,0.2879,0.1554,0.3982,1,11321.46,1,0.6936533081207548
1540,50577.7,0.0271,0.2357,0.6425,1,5626.03,0,0.8264810370016894
1541,85892.3,0.1302,0.1993,0.6132,1,44735.36,1,0.779599283597759
1542,36757.33,0.0851,0.1971,0.7287,0,18530.29,1,0.6653135812498402
1543,78245.1,0.1241,0.1176,0.4971,0,16174.0,1,0.2982804712288704
1544,101039.22,0.1542,0.0516,0.8519,1,27851.27,1,0.7310519983859652
1545,20000.0,0.2241,0.1895,0.6162,0,34812.74,1,0.7214536955179854
1546,45077.62,0.2812,0.2399,0.4496,0,15056.31,1,0.6709968973361927
1547,79426.8,0.4179,0.1271,0.2382,0,25964.95,0,0.36546109325629217
1548,59923.87,0.1091,0.2372,0.6226,1,18305.43,1,0.8482144138996113
1549,74278.65,0.3237,0.0769,0.2712,0,24238.62,1,0.25363814897416265
1550,49900.37,0.2173,0.1063,0.3894,0,11452.4,0,0.3412670250871358
1551,67164.74,0.0379,0.0824,0.7293,0,25404.73,1,0.36664072359507816
1552,61108.07,0.2363,0.1403,0.3814,0,6893.88,0,0.3785000594773754
1553,94194.55,0.401,0.2014,0.5855,0,38599.89,1,0.7041261255947209
1554,71360.52,0.3887,0.1147,0.5032,1,30106.39,1,0.809632948667538
1555,73440.07,0.1758,0.2222,0.3642,0,42659.62,1,0.41269638363981354
1556,54703.08,0.203,0.1535,0.5256,0,28989.28,0,0.4999886236090691
1557,52809.84,0.3189,0.1384,0.6851,0,12286.64,1,0.7046818788577561
1558,54186.05,0.2914,0.1995,0.129,0,24362.03,1,0.342695126060169
1559,74861.3,0.2434,0.0693,0.3158,0,31587.82,0,0.21590831814027106
1560,54475.39,0.1507,0.197,0.6434,0,19968.93,0,0.6178330962926692
1561,72244.37,0.3617,0.0962,0.3664,0,27105.99,1,0.38243450155878733
1562,116885.02,0.1447,0.1034,0.1573,0,11507.54,0,0.08651982400307492
1563,86778.12,0.3552,0.1639,0.5243,0,36084.97,1,0.5792453789095074
1564,56849.41,0.0892,0.2214,0.6008,0,41381.2,1,0.5625399107201259
1565,95030.35,0.3005,0.1599,0.3215,0,17595.06,0,0.3425352708385166
1566,54798.12,0.0854,0.1733,0.2792,1,36733.26,1,0.5345469576951981
1567,20000.0,0.3424,0.1976,0.5488,0,8677.82,1,0.7733131249383641
1568,39797.84,0.4222,0.0993,0.5171,0,14868.18,0,0.6397510619589984
1569,20000.0,0.2188,0.2072,0.2391,0,23474.8,1,0.45542518432626405
1570,56212.16,0.2946,0.1294,0.6817,0,20456.28,1,0.6626110686123512
1571,65460.46,0.4016,0.0834,0.4926,0,29785.03,0,0.5154055686636605
1572,106910.93,0.3786,0.1165,0.3471,0,27519.4,1,0.3358087001944061
1573,73173.18,0.1244,0.0968,0.7241,0,8490.88,0,0.449216895429112
1574,59522.49,0.1787,0.0935,0.7358,0,10267.78,1,0.536905064943533
1575,85735.14,0.4501,0.1037,0.5434,0,7068.47,1,0.5854913021062014
1576,20000.0,0.2087,0.0844,0.2196,1,43104.27,1,0.5378693232318866
1577,70890.36,0.2923,0.1769,0.7613,1,30813.77,1,0.912730652052827
1578,84271.63,0.1601,0.1602,0.8396,0,39223.38,1,0.6500314906575854
1579,28035.34,0.2233,0.1732,0.6579,0,26650.56,1,0.7104848765629382
1580,93593.85,0.4676,0.1153,0.5972,0,12753.53,1,0.6425456797458322
1581,73462.41,0.1749,0.1962,0.3362,0,30064.04,0,0.34964092306170746
1582,54617.8,0.219,0.0746,0.4687,0,25213.56,1,0.34301106436253453
1583,80819.55,0.1885,0.1585,0.2104,0,21327.69,0,0.21377675913958114
1584,121767.32,0.359,0.1023,0.6036,0,19872.21,1,0.4603687124615485
1585,69546.66,0.2733,0.1502,0.6471,1,31003.06,1,0.8506889446895886
1586,71205.51,0.1508,0.1115,0.4188,0,29710.47,1,0.27230305814925365
1587,53515.98,0.0558,0.2002,0.5471,0,11062.64,1,0.46094053657438766
1588,43753.89,0.2296,0.2193,0.5648,1,37648.88,1,0.8829055028004527
1589,85758.4,0.3385,0.1911,0.6364,0,30443.65,1,0.6928590545909081
1590,43597.9,0.2036,0.0834,0.3898,1,26432.34,1,0.6107494101384541
1591,66789.16,0.2934,0.1022,0.1153,0,34956.7,0,0.18865340104992004
1592,53058.56,0.2168,0.2247,0.518,0,11146.65,1,0.6263148733300951
1593,76974.5,0.3212,0.1331,0.5623,0,41788.65,1,0.5516513169899983
1594,73341.55,0.3707,0.2288,0.5858,0,15823.49,1,0.7578015978752625
1595,90938.5,0.0426,0.1246,0.1789,0,15510.29,0,0.0933697241244468
1596,52249.59,0.1773,0.2308,0.7189,0,37596.1,1,0.7449960901415125
1597,58253.13,0.1813,0.2259,0.6972,1,18359.65,1,0.8978902017628043
1598,40530.91,0.2067,0.1755,0.4877,0,38228.33,1,0.5436025559320204
1599,53892.67,0.1113,0.0517,0.3778,1,18120.39,0,0.43927862101278486
1600,74432.51,0.2638,0.1261,0.5726,0,27027.52,1,0.5012705147878038
1601,83924.72,0.136,0.2231,0.563,0,14233.8,1,0.5125356067122587
1602,41945.87,0.2278,0.2182,0.0653,0,34260.81,0,0.298973703040969
1603,86740.15,0.1998,0.0856,0.6152,0,11677.64,1,0.3812463561378168
1604,98890.95,0.0928,0.1258,0.2483,0,40977.26,0,0.12681021655036454
1605,75335.87,0.1658,0.2087,0.4711,0,19865.95,1,0.4625247001322413
1606,111919.9,0.3199,0.1598,0.5762,0,23862.98,1,0.5211630502682065
1607,45655.27,0.1435,0.211,0.7371,1,5960.88,0,0.899051462465258
1608,33883.63,0.2742,0.207,0.2553,0,44031.6,1,0.4859702120084503
1609,20531.99,0.2226,0.2224,0.3648,0,37527.01,1,0.5843935273843015
1610,102401.11,0.0419,0.0723,0.4318,0,22880.36,0,0.128792974605667
1611,81359.14,0.0497,0.0776,0.6156,0,41810.45,0,0.2604954541103884
1612,63610.38,0.0911,0.0657,0.7537,0,42242.39,1,0.41453103288734
1613,71999.22,0.0818,0.2277,0.2378,0,26322.08,1,0.2564600510667514
1614,36862.77,0.5882,0.1403,0.6097,0,14354.03,1,0.8577014944732069
1615,126143.8,0.3078,0.0622,0.1952,0,24484.41,0,0.12028948726049761
1616,68230.53,0.1852,0.1111,0.4665,0,17991.94,1,0.33783305152482385
1617,67734.87,0.1903,0.1168,0.472,0,22919.43,0,0.35588430374856983
1618,83144.17,0.1632,0.2038,0.5144,0,41455.68,0,0.468153552303839
1619,77025.23,0.3353,0.1897,0.3808,0,16273.38,1,0.51118909264698
1620,70597.1,0.1504,0.181,0.3323,1,38558.67,0,0.6108630571167198
1621,45238.14,0.1955,0.0542,0.1449,0,42412.04,0,0.13744855475480186
1622,76786.71,0.3177,0.223,0.4281,0,37202.11,1,0.5883444454199532
1623,112050.61,0.1766,0.091,0.2722,0,26090.13,1,0.13022094250736127
1624,98635.5,0.0616,0.1695,0.4433,1,27559.09,1,0.5328353817635307
1625,104829.67,0.441,0.0617,0.4922,1,37785.4,1,0.7166305504982764
1626,52219.61,0.2437,0.0655,0.6068,1,6780.03,1,0.750958138209121
1627,40259.88,0.3105,0.0518,0.6327,1,34437.2,1,0.8119350832261978
1628,61855.33,0.3062,0.1575,0.6825,1,26154.7,1,0.8910563327600558
1629,66393.12,0.3418,0.1696,0.5235,0,20885.5,1,0.6233510254469361
1630,92354.79,0.0995,0.0596,0.7409,0,35677.11,1,0.3370423542595596
1631,22688.38,0.0746,0.1052,0.5004,0,15649.89,1,0.3612086564598228
1632,103238.76,0.4439,0.2118,0.5363,0,40821.35,1,0.7000889046925344
1633,61049.8,0.2577,0.0692,0.3183,2,32539.51,1,0.8027274770033609
1634,54327.97,0.0052,0.0911,0.5395,0,29406.22,1,0.24902173628091517
1635,39697.39,0.2591,0.1306,0.4265,0,25924.81,1,0.47009500014510275
1636,23628.58,0.0856,0.21,0.7551,0,13510.31,1,0.72884634071971
1637,85579.26,0.139,0.0984,0.8071,0,29677.8,1,0.5026678018075996
1638,66832.95,0.2267,0.2395,0.4035,0,33996.56,1,0.5360672352614075
1639,32750.98,0.147,0.1175,0.4979,1,5467.59,1,0.715903927208964
1640,32623.03,0.442,0.1234,0.4812,1,19656.77,1,0.8818735622691245
1641,56605.38,0.0679,0.0732,0.4566,0,38298.56,1,0.21730868678489215
1642,106725.54,0.2985,0.1792,0.4832,0,30288.43,1,0.470453827749223
1643,58510.22,0.2161,0.0963,0.5271,0,29610.82,0,0.4099833596929245
1644,27421.43,0.0859,0.1695,0.3525,0,14144.51,1,0.34794014721113076
1645,58856.42,0.3569,0.0924,0.7397,0,30283.55,1,0.6951310470697516
1646,58181.91,0.2501,0.1237,0.3592,0,36446.0,0,0.35463967405916863
1647,20000.0,0.0593,0.2128,0.2883,0,21070.26,1,0.3598632585322801
1648,63642.63,0.3002,0.1904,0.6223,2,12283.69,1,0.9655568173250109
1649,59226.64,0.1465,0.0794,0.8367,0,8090.97,0,0.5660101621600541
1650,82405.16,0.4298,0.1655,0.6169,0,25227.83,1,0.7216739618095075
1651,111223.9,0.3267,0.1694,0.309,0,32354.34,0,0.33409325565294534
1652,93164.13,0.2412,0.0672,0.6206,1,11505.57,1,0.6794938074558196
1653,58277.78,0.215,0.1385,0.5324,0,21857.74,0,0.48305354310420695
1654,37336.85,0.4347,0.0995,0.479,0,27745.73,0,0.627639017580146
1655,129334.0,0.1766,0.1388,0.0856,0,11234.34,0,0.08648282574046091
1656,66480.46,0.0292,0.1976,0.3307,0,15795.6,0,0.2489145620692228
1657,65348.23,0.2403,0.0801,0.2867,0,29336.54,0,0.225934564931849
1658,64396.87,0.2856,0.0734,0.5475,0,34000.96,1,0.43826524140713086
1659,69952.12,0.1378,0.1012,0.6416,2,30439.74,1,0.894323823902401
1660,61390.99,0.1664,0.2309,0.3026,0,33545.37,1,0.3981499987114848
1661,50658.45,0.2167,0.1921,0.4324,0,28260.18,0,0.510922549049945
1662,51328.53,0.0336,0.0537,0.6265,1,38433.32,0,0.5780283431595419
1663,64181.17,0.3855,0.1262,0.8458,0,38069.44,1,0.809918132878513
1664,51414.38,0.2157,0.0989,0.4561,1,36849.9,1,0.6766643043417458
1665,47178.86,0.4967,0.1712,0.6929,0,28018.32,1,0.8619059411009443
1666,67660.76,0.3751,0.1373,0.4039,0,44765.21,1,0.5027660087196664
1667,58625.57,0.2033,0.2333,0.0893,0,6564.48,0,0.28342813310165893
1668,102599.82,0.111,0.0916,0.4297,0,12826.12,0,0.17735346525860743
1669,20000.0,0.2742,0.1617,0.7267,0,37355.09,1,0.7880959985605837
1670,92287.67,0.3666,0.183,0.4669,0,38051.7,1,0.561822113262603
1671,96152.13,0.0851,0.2069,0.525,0,37750.11,1,0.37978921084106376
1672,20000.0,0.0807,0.1273,0.5586,1,39908.56,1,0.7435112447916257
1673,56432.81,0.3976,0.1805,0.8766,0,21904.32,1,0.8840941068075225
1674,55713.98,0.28,0.1076,0.5495,0,42273.34,1,0.5124106235117092
1675,29812.21,0.2458,0.1327,0.4284,0,13366.82,0,0.4868014389741737
1676,45554.58,0.1837,0.2202,0.3258,0,42477.94,0,0.45267233958533554
1677,37235.6,0.3703,0.2305,0.4295,0,27267.14,1,0.7297510471234001
1678,108806.76,0.1259,0.1866,0.1605,1,11555.36,0,0.36926302732953475
1679,88391.96,0.1226,0.1211,0.5646,0,34443.08,1,0.32808749746878496
1680,96788.88,0.101,0.2058,0.3605,0,16835.17,0,0.27277824330643935
1681,83041.8,0.1196,0.0549,0.62,0,13818.3,0,0.2817341211191729
1682,36773.71,0.1807,0.0695,0.2238,0,11883.01,0,0.1899302961275432
1683,51886.99,0.6359,0.1757,0.4105,1,6176.21,1,0.9348155119971477
1684,77234.36,0.2522,0.1053,0.2797,0,35586.16,1,0.2390195730727089
1685,34446.8,0.2948,0.2308,0.5112,0,24460.17,1,0.7324689811894386
1686,82824.96,0.1132,0.1329,0.8329,1,44149.29,1,0.8181330452100765
1687,58991.87,0.2895,0.1316,0.191,0,22570.86,1,0.2778663820278855
1688,55629.48,0.1905,0.1788,0.3889,0,38734.02,0,0.41759143914911406
1689,82774.0,0.1634,0.1958,0.385,1,43723.79,1,0.6571997080853211
1690,76106.58,0.404,0.1404,0.4458,0,5898.48,1,0.5482482614432515
1691,55975.85,0.3359,0.0907,0.391,0,9212.76,0,0.4077537450830359
1692,93983.25,0.1479,0.1969,0.3757,0,18914.55,1,0.3125888200579059
1693,37973.42,0.2757,0.1109,0.4142,0,39804.65,1,0.44714633136053433
1694,80398.39,0.4444,0.0833,0.6871,2,38518.02,1,0.9610655480591433
1695,79827.53,0.4965,0.17,0.1761,0,19669.4,0,0.4552637900627347
1696,57261.34,0.2661,0.0672,0.6219,0,12996.16,0,0.487446972663054
1697,73153.33,0.3724,0.2346,0.2003,0,37092.84,1,0.48290602203993477
1698,33722.16,0.3102,0.1702,0.1763,0,28876.58,0,0.3959079848656601
1699,88100.68,0.227,0.2373,0.7125,0,6264.02,1,0.7171262017515859
1700,60377.45,0.1442,0.1144,0.4914,1,37168.64,1,0.6462556134888241
1701,51931.92,0.2886,0.2345,0.5645,0,43278.43,0,0.7333786889325498
1702,91225.23,0.2094,0.0777,0.6729,2,6683.48,0,0.8948095649829257
1703,47391.41,0.2968,0.0577,0.1303,0,16434.94,0,0.18179996699251016
1704,29788.47,0.1397,0.0563,0.1636,1,37778.6,0,0.36115493860592635
1705,26084.27,0.2925,0.1383,0.2417,0,28385.99,1,0.3981271789370681
1706,80150.25,0.1246,0.0658,0.6176,1,44574.25,1,0.6045563604327844
1707,32989.27,0.0982,0.1473,0.3485,0,41620.12,0,0.31060805930419005
1708,108869.85,0.433,0.1122,0.5074,0,12130.86,0,0.498826071306455
1709,20000.0,0.2668,0.1138,0.5659,0,31961.13,1,0.609055026211243
1710,107411.41,0.0928,0.1708,0.4786,2,31131.48,1,0.8227015353465924
1711,70275.44,0.2262,0.081,0.7899,0,9434.29,1,0.5776715103751978
1712,62582.17,0.2562,0.1956,0.647,1,8580.76,1,0.8855346977092321
1713,51377.02,0.2982,0.1606,0.6769,0,27777.76,1,0.7165643058584372
1714,74978.4,0.3704,0.2238,0.5301,0,21118.93,1,0.7127676726316444
1715,64059.13,0.2455,0.1193,0.7412,0,26817.84,1,0.6322753094778016
1716,92582.55,0.1307,0.2367,0.713,0,14553.14,0,0.6283433491416233
1717,67855.69,0.0903,0.1594,0.7708,0,27266.52,1,0.5718807052757358
1718,68757.54,0.2336,0.2349,0.7232,0,20335.81,1,0.7617599540670997
1719,55909.69,0.3129,0.0551,0.5093,0,40501.5,0,0.42314716670774655
1720,63576.36,0.1696,0.1883,0.3589,0,17243.47,1,0.3722439047363227
1721,72695.04,0.1407,0.2052,0.2937,1,39833.38,1,0.6057767399657796
1722,22245.79,0.1425,0.0601,0.4915,0,20599.69,1,0.34485982384997554
1723,31295.36,0.148,0.16,0.4176,0,28126.64,1,0.42911447206209435
1724,83581.6,0.2298,0.2024,0.434,0,16455.08,0,0.4613953528077566
1725,69271.64,0.1953,0.1566,0.4849,1,37363.56,1,0.7243314834090874
1726,60400.42,0.0803,0.0621,0.8981,0,38745.86,0,0.5230381475971987
1727,65460.85,0.4057,0.1818,0.501,0,37362.02,1,0.6811425228551753
1728,73689.54,0.366,0.0615,0.3261,0,30593.46,0,0.3016489793682417
1729,51506.01,0.1621,0.2053,0.5745,0,17191.36,1,0.5944985216389655
1730,45542.38,0.2167,0.0582,0.3159,0,30459.53,0,0.23561251704985445
1731,69896.13,0.0989,0.0761,0.7949,0,43380.47,1,0.45659585498391314
1732,40540.68,0.1701,0.1023,0.4586,0,30935.41,0,0.36735768037335814
1733,75206.32,0.0142,0.1703,0.2667,1,43255.72,0,0.4045011705309183
1734,22435.41,0.1701,0.2355,0.5018,0,17183.22,1,0.6592576691005152
1735,90728.89,0.2894,0.0724,0.3081,1,38840.04,1,0.4928730030835441
1736,76814.94,0.1834,0.0771,0.3102,0,33738.74,0,0.18260692116632332
1737,71400.74,0.1906,0.1201,0.5503,0,37768.16,1,0.4131727938048164
1738,89567.27,0.3513,0.2089,0.6151,0,33430.52,1,0.705402465756549
1739,106636.86,0.2593,0.1388,0.6089,0,24214.51,1,0.469301887314335
1740,90359.25,0.1251,0.1111,0.7734,1,32463.0,1,0.7569026611358195
1741,20000.0,0.3138,0.1566,0.9223,0,42283.6,1,0.8873954183111591
1742,33010.58,0.1862,0.0995,0.2049,0,21701.65,1,0.22179815321592036
1743,49379.54,0.4817,0.1262,0.5055,0,43069.81,1,0.6992886585597685
1744,65652.28,0.2038,0.1132,0.1783,1,6976.0,1,0.43670513945432493
1745,77941.48,0.0941,0.2028,0.3274,0,5566.91,1,0.27882053405329715
1746,46856.4,0.1407,0.2256,0.3319,0,24752.11,1,0.42382208981393715
1747,69669.17,0.1828,0.1943,0.6614,0,38940.52,1,0.6207134510884559
1748,46115.43,0.3817,0.1334,0.6143,1,14913.41,1,0.8960449394234323
1749,49712.05,0.1611,0.1458,0.3921,0,32736.95,0,0.3557758442757163
1750,29833.47,0.084,0.0738,0.3989,1,26876.2,1,0.5260992893788102
1751,41919.17,0.1095,0.1919,0.5314,1,16631.8,1,0.7856989098178484
1752,31207.88,0.0563,0.1633,0.5509,0,16431.74,0,0.4575212708255118
1753,40603.17,0.2636,0.2215,0.2191,2,7931.05,1,0.9101125787447558
1754,91341.04,0.1768,0.0881,0.4783,0,26448.56,0,0.26033606667975207
1755,41265.03,0.3097,0.1943,0.2713,0,23005.64,1,0.49297068227303176
1756,130809.55,0.3318,0.1801,0.6397,0,16576.92,0,0.5712189618952281
1757,77332.95,0.2005,0.1005,0.7128,0,43817.29,1,0.506790655990694
1758,69620.9,0.3792,0.1768,0.5536,0,37738.99,1,0.680862781741178
1759,43541.06,0.046,0.2256,0.3253,1,25998.03,1,0.645526956862398
1760,82507.75,0.3084,0.2245,0.6391,1,25868.17,1,0.9013960131507381
1761,50609.05,0.3897,0.1867,0.4157,0,12744.47,1,0.645405708296958
1762,68050.25,0.2102,0.0591,0.1722,0,30965.09,0,0.13207629583567906
1763,129002.11,0.1505,0.2157,0.3168,0,43145.42,0,0.23387035317694338
1764,62598.5,0.4393,0.175,0.6728,2,40931.58,1,0.9806263200972182
1765,93731.83,0.1153,0.109,0.4117,1,8390.84,1,0.46856002467223523
1766,47420.59,0.2294,0.0856,0.3505,0,7123.89,1,0.29884268241645856
1767,64125.29,0.1394,0.0721,0.0665,0,43449.8,0,0.08578042612817617
1768,109270.02,0.1308,0.0595,0.4518,0,12996.23,0,0.15879981044965982
1769,49325.82,0.0833,0.1933,0.5484,0,27016.56,1,0.4862937103565546
1770,110311.21,0.4156,0.0948,0.3126,1,7988.39,1,0.6022423175089009
1771,82693.8,0.1128,0.0546,0.6934,0,38731.9,0,0.32723429621043554
1772,50938.33,0.1554,0.1255,0.4463,1,9714.58,1,0.6600134007074725
1773,80810.19,0.2965,0.1417,0.3366,0,30750.29,1,0.3543009323232088
1774,89313.86,0.2137,0.0822,0.4146,1,7265.12,0,0.528762410885001
1775,80545.25,0.1453,0.0584,0.629,0,11266.88,1,0.3179737767935035
1776,25744.38,0.138,0.0859,0.4302,1,25485.64,1,0.6290602552778641
1777,46821.57,0.2197,0.179,0.3254,1,6827.41,1,0.7120528464374174
1778,58812.03,0.1448,0.0656,0.5749,0,12824.51,1,0.33595179890765076
1779,63139.16,0.3131,0.1555,0.3785,0,10446.89,1,0.4656365617269196
1780,80516.8,0.3034,0.0778,0.5115,1,6623.0,1,0.6946194840851222
1781,69442.53,0.2372,0.0872,0.3723,1,43839.87,1,0.5724917741365677
1782,31616.39,0.2821,0.1247,0.1421,0,23006.65,1,0.28476436180467013
1783,74504.95,0.1549,0.0692,0.3781,0,39357.43,0,0.1956201082786456
1784,80264.64,0.2146,0.0829,0.6584,0,19328.91,1,0.43950487365349417
1785,78994.76,0.1457,0.1163,0.8598,1,6703.68,1,0.837460809878739
1786,92019.52,0.4209,0.1126,0.6923,0,32826.15,0,0.6724949896184622
1787,85848.05,0.0998,0.1924,0.8476,0,6550.17,1,0.6500554359537755
1788,76479.5,0.2006,0.0642,0.5811,0,27111.29,0,0.3464430743135844
1789,63245.86,0.2286,0.2135,0.5007,0,10564.48,1,0.5818144586864391
1790,23475.98,0.2097,0.2051,0.4433,0,31832.68,1,0.599803563232953
1791,75740.46,0.3896,0.1955,0.8655,0,40708.16,1,0.8673057932221867
1792,70192.19,0.1733,0.1088,0.2704,1,43230.55,1,0.464614058405048
1793,71789.47,0.2245,0.2063,0.595,1,26111.05,1,0.850654370318831
1794,33081.29,0.2773,0.0847,0.433,0,26308.15,1,0.43250765230391586
1795,37973.59,0.2354,0.0736,0.7962,0,6531.16,1,0.6533435251642409
1796,91328.82,0.2492,0.0585,0.7501,2,35795.05,1,0.9177354064291294
1797,64011.12,0.1337,0.2285,0.3044,0,43248.34,1,0.3610615210891661
1798,82037.52,0.0833,0.1085,0.5429,0,22529.36,1,0.27768868055332846
1799,65707.96,0.1577,0.2243,0.5527,0,36747.68,1,0.5703103596918422
1800,65743.9,0.3095,0.1018,0.3665,1,36898.26,1,0.6628280363702088
1801,88457.1,0.2316,0.2224,0.201,0,36428.03,1,0.30544225465988917
1802,52098.88,0.2044,0.2217,0.5334,0,35347.24,1,0.6247521315715364
1803,67403.02,0.1795,0.2255,0.6148,1,13603.87,1,0.8589962386492414
1804,53443.12,0.4808,0.1443,0.93,0,35056.99,1,0.9092285802406685
1805,54137.59,0.4565,0.2145,0.3956,0,10775.82,1,0.7176981996061006
1806,57270.7,0.2053,0.2306,0.4301,0,33500.12,1,0.5462171418418749
1807,70553.34,0.0667,0.1117,0.4708,0,5141.55,0,0.24611119933151585
1808,53031.28,0.6047,0.1296,0.3755,0,41753.0,1,0.7039248924279663
1809,96393.9,0.6558,0.1867,0.7987,0,38095.55,1,0.9162435648763947
1810,42634.82,0.3884,0.1071,0.3703,1,32318.54,1,0.7761002543594117
1811,60328.21,0.1877,0.1932,0.7709,0,8778.71,1,0.7213811227540072
1812,54006.72,0.455,0.064,0.2228,1,37999.54,1,0.6486805079908116
1813,101174.45,0.3549,0.1495,0.4338,0,40006.95,1,0.4470869085031875
1814,69913.87,0.2194,0.0732,0.6264,0,32519.51,0,0.4272360381474253
1815,90796.11,0.2518,0.1057,0.3353,1,44035.47,1,0.5351464648421863
1816,27860.99,0.0931,0.0991,0.4854,1,8715.17,1,0.6474356869097702
1817,71676.26,0.3719,0.2094,0.5171,0,33345.98,1,0.6917875448874151
1818,87240.77,0.3447,0.0868,0.2995,1,25991.84,1,0.5694225449768511
1819,67057.1,0.1978,0.2036,0.7497,0,10824.25,1,0.7157567000553603
1820,91637.01,0.0776,0.2009,0.3656,0,31336.56,0,0.26239069554289557
1821,52067.79,0.1333,0.1448,0.7144,0,36981.13,1,0.5800361813255687
1822,100233.69,0.1083,0.0944,0.5079,0,11589.93,1,0.22304695045738482
1823,122472.45,0.3146,0.0931,0.5009,0,36739.63,1,0.3258391172987757
1824,55929.04,0.2081,0.1383,0.1614,0,8718.82,0,0.21745389797136427
1825,53862.44,0.3595,0.0517,0.6637,0,28656.0,0,0.5900597196822217
1826,101334.61,0.0599,0.151,0.29,0,36938.8,0,0.14523918552256002
1827,104489.3,0.3263,0.231,0.6883,1,10838.27,1,0.9062576260797285
1828,51928.5,0.2459,0.0794,0.6711,0,27860.76,1,0.5418792029579056
1829,54495.33,0.3158,0.1589,0.2255,0,21995.13,0,0.37305732226706406
1830,57955.38,0.121,0.2327,0.3704,0,29291.02,0,0.4216228254911867
1831,31388.74,0.2009,0.2135,0.7713,0,21968.87,1,0.805195787080464
1832,42033.7,0.172,0.2116,0.327,0,15036.47,0,0.43721119415171644
1833,39896.48,0.3718,0.2062,0.4262,0,15152.44,1,0.6900962974296894
1834,45805.06,0.0638,0.1087,0.2197,0,39588.01,0,0.15098060507563937
1835,64132.88,0.0869,0.2192,0.6882,1,11258.17,1,0.8443270549691765
1836,70855.37,0.0958,0.2289,0.6591,0,9924.57,1,0.5937156771699612
1837,103762.51,0.0876,0.1442,0.4444,0,8883.17,1,0.22529179413930478
1838,40041.15,0.0961,0.1174,0.7238,0,7966.19,1,0.5373770917300978
1839,89608.06,0.1991,0.1287,0.5131,0,5579.69,1,0.3633940351683294
1840,59650.28,0.2629,0.1135,0.7413,0,11416.23,0,0.6483036676229592
1841,63763.41,0.0738,0.0904,0.4189,0,12709.1,0,0.20790784329970485
1842,81870.49,0.1936,0.1675,0.4655,0,15788.96,1,0.40068244750171444
1843,36931.95,0.2425,0.1569,0.6477,0,9961.58,1,0.6771923497138373
1844,74560.24,0.3224,0.1379,0.578,0,8766.23,1,0.5789448450268524
1845,69161.31,0.0405,0.0682,0.4034,0,26659.07,0,0.15282825870632816
1846,77311.28,0.2759,0.2014,0.8531,0,33747.46,1,0.8079804747142765
1847,72229.22,0.2428,0.0832,0.4103,0,30207.49,1,0.2961067187622949
1848,126382.5,0.1911,0.0718,0.8452,0,27268.25,0,0.43885993821950636
1849,49056.5,0.1368,0.1684,0.6834,0,22622.55,1,0.6038125559472093
1850,51725.08,0.0865,0.1257,0.5544,1,30359.21,1,0.6796715282353404
1851,49421.49,0.0577,0.0614,0.6715,1,41074.67,1,0.6504391422556867
1852,51113.07,0.3105,0.1176,0.6491,0,30096.74,1,0.6454825870303743
1853,49065.32,0.0698,0.1966,0.563,0,7434.44,1,0.49172169317818293
1854,94725.41,0.0936,0.1669,0.4206,0,27816.76,0,0.2590153366007532
1855,100512.61,0.258,0.1189,0.6113,0,25968.58,1,0.4519802180375258
1856,50731.34,0.0215,0.0864,0.7921,0,23080.93,0,0.44611629637048317
1857,44191.11,0.2151,0.17,0.3342,0,27751.81,1,0.4094686346023523
1858,76785.39,0.1562,0.2186,0.6907,0,31904.71,1,0.641331175989657
1859,51194.42,0.2436,0.1728,0.3648,1,6490.4,1,0.7386476675415087
1860,80823.3,0.1198,0.2045,0.4806,0,24208.04,1,0.40800835821794657
1861,70073.08,0.1823,0.1491,0.936,1,37689.12,1,0.9112824917490716
1862,27106.4,0.2628,0.1864,0.746,0,26231.09,1,0.8067317112379125
1863,103687.63,0.4115,0.2203,0.2682,0,7714.31,0,0.4764451925819584
1864,109896.94,0.145,0.1969,0.6303,0,36002.8,1,0.46888542880948814
1865,49680.28,0.1382,0.2229,0.2145,0,42653.26,1,0.32204824457721537
1866,55307.46,0.0874,0.1319,0.7616,0,39073.76,1,0.5468906561644152
1867,72146.63,0.185,0.2218,0.2007,0,19502.75,0,0.30128095176390807
1868,73361.42,0.3449,0.1681,0.1335,0,26392.95,1,0.3029978933349019
1869,81463.61,0.2906,0.2153,0.641,0,28652.49,1,0.7011543588700725
1870,115255.11,0.275,0.0575,0.3609,0,33631.94,0,0.18282875176438432
1871,60576.32,0.327,0.175,0.7658,0,31642.75,1,0.7909387664429637
1872,45042.57,0.1433,0.2111,0.4102,0,12962.86,1,0.46975515577765115
1873,30517.02,0.0144,0.0831,0.6935,0,38721.54,0,0.40397879230734235
1874,46726.75,0.1316,0.1757,0.609,0,38967.3,1,0.557471254203389
1875,64171.83,0.3123,0.2067,0.2594,1,21174.06,1,0.7409249680453118
1876,109863.95,0.1043,0.1047,0.8161,0,10236.59,1,0.42940911832029544
1877,52059.72,0.3259,0.127,0.4619,0,29342.67,0,0.5250144898821438
1878,70594.7,0.2005,0.1582,0.5534,0,19290.4,1,0.489381216603893
1879,64589.43,0.2303,0.1486,0.4875,0,34655.63,0,0.46222946998888653
1880,94709.83,0.3213,0.0574,0.8017,1,17626.28,1,0.8263244763788473
1881,128173.31,0.1612,0.0687,0.7861,0,15519.97,1,0.3571181968437547
1882,51728.28,0.4569,0.0691,0.2832,0,39708.41,0,0.4071947602549904
1883,52764.01,0.2021,0.0998,0.3387,0,29632.82,1,0.2787511854442808
1884,91104.02,0.4471,0.0967,0.2803,0,8439.67,0,0.34936116099765274
1885,82047.29,0.237,0.191,0.1639,0,32574.51,1,0.25565586288423753
1886,111167.68,0.139,0.1588,0.3105,1,35109.34,0,0.4487110839896964
1887,79598.2,0.2992,0.1952,0.2325,1,14408.14,1,0.6653818962646164
1888,56017.7,0.2419,0.0633,0.6233,0,43706.25,1,0.46263985872617047
1889,79766.37,0.0758,0.1422,0.1198,0,19914.33,1,0.10756452603558969
1890,92717.59,0.3965,0.1115,0.2907,0,42622.95,0,0.3331670248914224
1891,85512.05,0.2743,0.2115,0.461,1,16744.68,1,0.8005444278186888
1892,77681.85,0.4203,0.1845,0.5608,0,29367.84,1,0.7124022116613281
1893,91666.87,0.2371,0.2152,0.388,0,25702.79,0,0.4326551603575161
1894,94232.39,0.1204,0.0588,0.3398,1,44686.34,0,0.33625242788781945
1895,99553.97,0.2441,0.187,0.5723,0,21334.22,0,0.5227150027787009
1896,81217.75,0.2427,0.1526,0.514,1,12171.63,1,0.749226611851178
1897,60822.05,0.1413,0.2068,0.6738,0,38328.35,1,0.6335947030662817
1898,68667.84,0.1566,0.1464,0.4982,0,6681.77,1,0.3903785755586064
1899,95162.72,0.1939,0.1526,0.468,0,40398.24,0,0.349302360878004
1900,44576.61,0.4194,0.0598,0.484,0,9423.58,1,0.5365827279612988
1901,74216.83,0.0408,0.177,0.2219,0,27880.5,1,0.1640916013077251
1902,55166.53,0.173,0.1019,0.5357,0,33536.61,0,0.39487642358047653
1903,65718.62,0.4208,0.0537,0.6519,1,18452.93,1,0.8456470894498317
1904,96961.3,0.0748,0.0626,0.4546,1,38789.66,1,0.3828639617027036
1905,69777.48,0.6358,0.2319,0.3862,0,28748.2,1,0.8226318573202008
1906,66160.91,0.3213,0.1158,0.1474,0,20806.24,0,0.23983856603695797
1907,31003.6,0.0971,0.2149,0.4763,0,18014.54,0,0.521015483488729
1908,83656.34,0.2386,0.2323,0.7796,0,9480.33,1,0.768908573873716
1909,81137.1,0.132,0.2292,0.293,0,30614.54,0,0.31506076141178263
1910,119081.37,0.1224,0.2175,0.4579,0,19561.72,1,0.32673410457864804
1911,57305.54,0.249,0.22,0.4452,0,17822.42,1,0.5809467685461503
1912,70478.76,0.0319,0.1049,0.3159,0,42997.92,1,0.14205183671458763
1913,71234.59,0.0429,0.0788,0.1011,1,15911.9,0,0.19951914883020114
1914,104436.33,0.2546,0.1715,0.5339,1,40062.6,1,0.7508323052732412
1915,62617.61,0.1446,0.1427,0.515,0,43995.84,0,0.4009849263042657
1916,71975.54,0.2912,0.0688,0.3864,1,37909.6,0,0.5968068046421559
1917,80197.41,0.2087,0.1787,0.5542,0,5780.68,0,0.5083673274402776
1918,69665.23,0.1248,0.1569,0.0831,0,39744.96,0,0.13512170390616338
1919,53839.16,0.3028,0.214,0.547,0,13536.61,1,0.7011480127850744
1920,69852.25,0.2419,0.1657,0.3918,0,19131.11,0,0.4115862774910109
1921,91840.79,0.6138,0.159,0.7747,0,44663.33,1,0.8826393122823208
1922,39337.12,0.1484,0.1337,0.4795,0,21199.11,0,0.41684701071566543
1923,68324.24,0.077,0.1379,0.4704,0,31193.4,1,0.2918752182663247
1924,47496.98,0.3808,0.2313,0.2535,0,17428.77,1,0.5901124325473908
1925,94876.17,0.1832,0.0763,0.6414,1,19777.15,1,0.6562889878899272
1926,26920.33,0.0892,0.1348,0.8992,0,28905.01,1,0.7189313137853007
1927,51026.95,0.2496,0.1746,0.8289,0,42931.43,1,0.792161309252207
1928,74430.3,0.2333,0.1323,0.4232,2,16298.22,1,0.874743869208937
1929,104138.1,0.2029,0.1038,0.508,0,14894.64,1,0.29515787161998597
1930,63356.24,0.2899,0.1046,0.5665,1,6050.98,1,0.7852093986382148
1931,51120.01,0.1477,0.0944,0.3062,0,13084.35,0,0.2176728821863809
1932,112028.93,0.3716,0.1153,0.5551,1,15496.5,0,0.7614047208240343
1933,28799.65,0.2685,0.2156,0.2026,1,7515.03,1,0.7514843194026211
1934,20000.0,0.0835,0.146,0.9349,1,27544.35,1,0.9187160573022004
1935,76000.36,0.2966,0.0956,0.478,0,10070.57,0,0.4015471658711528
1936,52448.64,0.1647,0.1231,0.5516,1,25443.06,0,0.7330921927837925
1937,39469.18,0.6192,0.0701,0.2582,1,12559.25,0,0.8210018155161547
1938,82708.91,0.1412,0.2218,0.7246,0,42429.02,1,0.645470235611156
1939,71095.02,0.0869,0.1276,0.3567,0,17283.9,1,0.21159656010328975
1940,50898.03,0.1291,0.2363,0.1738,0,8717.14,0,0.3028833064200436
1941,32992.39,0.1791,0.116,0.6683,0,38446.17,1,0.5836754153582024
1942,86811.43,0.182,0.2089,0.9219,0,21081.46,1,0.7804378141577426
1943,81255.03,0.2884,0.0987,0.5445,0,37804.84,0,0.43940649682298377
1944,62520.6,0.0544,0.0645,0.1495,1,17499.58,0,0.23166460811716133
1945,111165.92,0.1047,0.056,0.5209,0,25001.51,0,0.1706294659353605
1946,38247.88,0.2153,0.1652,0.5891,2,22814.29,1,0.952056859660157
1947,26861.87,0.0725,0.1092,0.4375,0,27316.25,0,0.3106808736619156
1948,47702.3,0.3086,0.1343,0.7084,0,21066.05,1,0.7170168483213325
1949,63860.35,0.1077,0.2055,0.8435,0,24872.09,1,0.7184808273138892
1950,71083.49,0.1454,0.0971,0.5583,0,32173.1,0,0.3445045940563872
1951,58969.1,0.0694,0.1086,0.3405,0,21587.31,0,0.19130636081299343
1952,73801.38,0.0638,0.2106,0.4741,0,32376.19,0,0.37915653061830956
1953,33711.51,0.3734,0.1436,0.6734,0,33572.08,1,0.778269223153518
1954,101094.12,0.1877,0.2073,0.4003,1,34957.07,1,0.6657841306085526
1955,62946.22,0.1207,0.1212,0.635,0,23837.47,1,0.4388528868585692
1956,92932.4,0.3209,0.1257,0.0544,0,5151.6,1,0.16067943804758
1957,73568.13,0.589,0.0818,0.3755,1,35140.44,1,0.8231793529916834
1958,76418.83,0.1748,0.2241,0.472,0,41363.4,1,0.49455441136337686
1959,79244.18,0.3759,0.2204,0.3574,0,31104.72,0,0.5750670404563578
1960,76192.71,0.3479,0.237,0.4431,0,25981.88,1,0.6496593077452423
1961,81068.07,0.2396,0.1265,0.5314,1,27383.65,1,0.7246031138482564
1962,98228.81,0.1918,0.2055,0.2642,1,30632.47,1,0.5688247493249867
1963,69913.03,0.5317,0.1288,0.3101,0,44940.99,1,0.5525269186134899
1964,82725.09,0.08,0.1363,0.8562,0,7482.24,1,0.5574060957676334
1965,62756.61,0.4209,0.2077,0.3933,0,5847.32,1,0.6600582047015122
1966,101002.93,0.1732,0.0837,0.2385,1,43566.72,1,0.3288251004298642
1967,48090.19,0.1471,0.0919,0.7136,1,22618.99,1,0.7870750677618683
1968,110023.51,0.0669,0.1098,0.5871,0,29494.15,0,0.24280851272890816
1969,63996.05,0.1702,0.1998,0.6624,0,35137.64,1,0.6319905085515622
1970,29230.62,0.0734,0.1208,0.5805,0,34683.85,1,0.43201200912972043
1971,68202.61,0.3759,0.1181,0.6548,0,30887.77,0,0.667824164645422
1972,47973.71,0.2075,0.2398,0.8111,1,23875.66,1,0.9445620342945259
1973,86016.09,0.3034,0.1229,0.5323,0,28043.13,0,0.4718337455911886
1974,48684.4,0.1754,0.0971,0.7139,1,34185.84,1,0.8088706712749252
1975,53845.41,0.2869,0.1684,0.8071,0,39032.58,1,0.7920504875550306
1976,20000.0,0.1171,0.2024,0.185,1,10092.16,1,0.6183755164410094
1977,53692.34,0.1497,0.0632,0.6629,1,16118.34,0,0.7122477228185433
1978,20000.0,0.1018,0.1676,0.4862,0,20903.79,0,0.4816210421111605
1979,25402.43,0.3098,0.0568,0.2587,2,31619.93,1,0.8413899269349469
1980,84010.37,0.1346,0.15,0.5844,0,20826.86,1,0.4079169170075503
1981,84645.0,0.3058,0.0988,0.4875,0,14555.4,1,0.40208909883429284
1982,75636.44,0.0167,0.1083,0.5295,2,6325.72,1,0.7876434488452764
1983,40825.6,0.4446,0.1387,0.4921,1,38700.32,1,0.888679291610901
1984,63807.22,0.1792,0.2262,0.5695,0,21757.35,1,0.6104462093974728
1985,64909.94,0.298,0.185,0.625,0,18169.16,1,0.6874157056703879
1986,36040.88,0.0168,0.228,0.4107,0,26233.05,1,0.40348750590355775
1987,102584.96,0.0405,0.1754,0.1826,1,9916.79,0,0.31095228433983896
1988,86934.06,0.6356,0.0514,0.5719,2,20894.33,1,0.9633081115556108
1989,59475.9,0.1425,0.1005,0.3108,0,35071.43,0,0.21005917280880648
1990,65672.15,0.4248,0.2221,0.2038,0,34444.7,1,0.5319946315303882
1991,70209.57,0.1098,0.1723,0.1374,2,35875.85,1,0.7025235996209704
1992,20000.0,0.2203,0.2365,0.6149,1,23696.68,1,0.9237783880537802
1993,58820.57,0.2037,0.0796,0.7107,0,19756.55,1,0.5184151897744508
1994,47950.39,0.1142,0.1064,0.47,1,38257.62,1,0.6198673337954412
1995,39959.5,0.1915,0.1188,0.6528,1,11931.64,1,0.8224647598438403
1996,57972.49,0.0792,0.112,0.2361,0,34005.51,1,0.15280559024357981
1997,109942.16,0.4769,0.0979,0.3294,0,40517.89,0,0.3713386245585761
1998,81021.07,0.2191,0.1343,0.4731,0,16446.09,0,0.37862039559581817
1999,50720.53,0.1916,0.172,0.4992,0,12911.82,1,0.5083424107220382
2000,79314.57,0.0767,0.1091,0.4467,0,25500.98,0,0.22038731966146152
2001,99983.89,0.2497,0.0651,0.6039,1,13655.63,1,0.656620094868576
2002,88115.84,0.0731,0.1846,0.6382,0,39830.74,0,0.44116350852656727
2003,66490.76,0.0785,0.1372,0.2846,0,14776.68,1,0.1865239113191463
2004,48826.58,0.1126,0.1557,0.4229,0,17558.64,1,0.35440242994767285
2005,82455.58,0.0292,0.1365,0.3135,1,40536.78,0,0.38368438252978704
2006,74837.13,0.0723,0.2192,0.6655,0,13224.86,1,0.5521116949906688
2007,87379.83,0.2201,0.1562,0.545,1,40391.36,1,0.7455622451719748
2008,80879.3,0.2347,0.2254,0.4059,0,13392.12,1,0.4878499439369587
2009,91238.82,0.0784,0.147,0.2694,1,41472.23,1,0.3893780827488888
2010,51619.12,0.2832,0.1056,0.484,0,17705.68,0,0.4687472809902937
2011,97934.85,0.3142,0.1175,0.3814,1,14849.38,1,0.6300835023127044
2012,69939.99,0.3369,0.1492,0.5485,0,24087.59,1,0.5978814737430129
2013,116881.52,0.3738,0.1507,0.569,2,19768.94,1,0.9340682105124043
2014,47770.3,0.1674,0.1806,0.6462,0,13069.99,1,0.6243389278842779
2015,108399.1,0.1337,0.0927,0.5889,0,18534.15,0,0.27282314879075265
2016,69947.77,0.1931,0.1752,0.7402,1,33529.17,1,0.8706479283098288
2017,48714.55,0.2377,0.1979,0.3431,0,38276.03,1,0.47218752254289525
2018,52902.85,0.3306,0.1786,0.5045,0,37830.47,1,0.6437230429673708
2019,56991.32,0.0468,0.1415,0.6232,0,35272.69,1,0.40934537858165515
2020,75604.15,0.2536,0.2384,0.4453,1,5217.41,1,0.8230232922892469
2021,78070.89,0.1731,0.1269,0.1957,0,22064.16,0,0.16923224594378602
2022,50657.5,0.1927,0.0703,0.3794,0,11758.89,1,0.2633021780390644
2023,64391.14,0.185,0.2061,0.6911,0,7939.03,0,0.6742590692326913
2024,118556.76,0.1166,0.0903,0.7007,0,34435.28,0,0.31111550029631807
2025,108188.58,0.2305,0.1855,0.3815,0,36739.19,1,0.33726110976636914
2026,75908.09,0.2529,0.084,0.401,0,37584.67,0,0.2912973958556343
2027,65950.09,0.2447,0.0532,0.6455,1,40612.43,1,0.73454556127545
2028,68000.78,0.1433,0.0804,0.3568,1,28601.93,0,0.4651119021226707
2029,80337.95,0.1649,0.1216,0.5599,0,44925.19,1,0.37928624099554137
2030,39430.19,0.0339,0.0703,0.3196,0,24348.91,0,0.1536409106265472
2031,58565.59,0.1099,0.0876,0.3038,0,40339.96,0,0.17568130313783376
2032,23285.4,0.0586,0.1953,0.368,0,9517.63,1,0.385230044698041
2033,74980.58,0.3276,0.1963,0.2766,1,10956.94,1,0.7289441146517792
2034,81179.9,0.131,0.2053,0.5492,0,28613.98,1,0.47374384994031293
2035,52920.34,0.2294,0.2098,0.1114,0,9965.39,0,0.29756011336088484
2036,104349.67,0.2004,0.1299,0.3487,0,8012.03,0,0.22668407423226722
2037,34355.86,0.1811,0.2148,0.5934,1,12842.59,1,0.8801929686556614
2038,28390.63,0.0783,0.1499,0.6419,0,36501.47,1,0.5365500969485942
2039,70611.3,0.1546,0.1394,0.6869,0,42098.32,0,0.5239860754239835
2040,91177.46,0.3819,0.1865,0.2939,0,18338.69,0,0.4442687655250012
2041,107098.19,0.3218,0.0906,0.6379,0,43990.23,0,0.46987510006468525
2042,53527.89,0.4213,0.2,0.6146,0,37382.02,1,0.8060769877243863
2043,91967.02,0.4495,0.1316,0.646,0,14044.31,1,0.6904525242323167
2044,64037.29,0.1911,0.0742,0.8774,0,28444.6,1,0.6184491589604888
2045,60684.32,0.311,0.0727,0.5376,0,44271.74,1,0.4615245074021153
2046,87091.5,0.1574,0.0813,0.6074,0,38951.43,1,0.33185564070585943
2047,81308.07,0.2146,0.2192,0.6347,0,19534.36,1,0.6402306041587932
2048,25590.2,0.2254,0.2383,0.3595,0,17252.92,1,0.5963997968827079
2049,101913.51,0.3117,0.1178,0.8293,0,37770.17,1,0.667466985975426
2050,99502.28,0.3714,0.1055,0.3948,0,26966.61,1,0.36483529236840934
2051,49360.93,0.197,0.0916,0.5881,2,11537.7,0,0.9104414536805457
2052,74895.09,0.2271,0.2065,0.3102,2,18113.3,1,0.8850877709875119
2053,77350.75,0.1858,0.0897,0.1775,1,31472.52,1,0.3555576802886492
2054,71516.84,0.2232,0.2256,0.7112,0,11126.36,1,0.7302117859964017
2055,51242.37,0.2101,0.1768,0.6038,1,32948.65,1,0.8479707180488187
2056,48209.42,0.2839,0.2205,0.1903,0,33397.15,1,0.4300686863263411
2057,64361.15,0.1086,0.1553,0.5449,1,15829.85,1,0.7062964956808468
2058,94318.23,0.1301,0.1812,0.2393,0,20921.22,1,0.1967878880803092
2059,78590.0,0.349,0.1677,0.2961,0,42418.03,0,0.4153917446718241
2060,55734.64,0.2631,0.2079,0.527,1,34967.03,1,0.8616825670243758
2061,84292.47,0.1549,0.2088,0.2544,1,36512.43,1,0.5659603440597134
2062,20000.0,0.4672,0.1621,0.3514,0,25650.61,0,0.6927859765120521
2063,93719.14,0.0283,0.1702,0.6258,0,13525.6,0,0.35564175911301404
2064,21507.16,0.2055,0.2252,0.5301,0,28650.24,0,0.6952312717579595
2065,55938.98,0.1943,0.2267,0.7677,0,35884.17,1,0.7740299247054715
2066,37008.25,0.3605,0.1762,0.6797,0,5155.33,1,0.8042075722739647
2067,32632.96,0.161,0.0515,0.4215,0,9551.05,0,0.2770242413687167
2068,94020.67,0.1936,0.0698,0.9128,2,23971.76,1,0.9417841971069972
2069,53307.47,0.2222,0.213,0.7773,0,22487.85,1,0.7860053215423054
2070,73662.6,0.0917,0.0661,0.5361,0,44291.32,1,0.24099170485738983
2071,63826.99,0.2366,0.0906,0.3807,2,8686.12,1,0.8379897424901562
2072,76926.02,0.2171,0.0938,0.7063,0,17947.45,1,0.5068176765392577
2073,66920.55,0.3854,0.164,0.6243,0,37604.42,1,0.7215846200623498
2074,32925.19,0.548,0.1596,0.4668,0,29497.1,1,0.7937578219090099
2075,89906.67,0.3816,0.105,0.4686,1,27464.58,1,0.7432752786797434
2076,52656.09,0.181,0.0894,0.5627,1,34648.04,1,0.7070394867216035
2077,26085.45,0.0865,0.1953,0.7456,0,6599.32,1,0.6983426605861308
2078,54297.12,0.1301,0.2277,0.7053,1,42899.67,1,0.8869569984259482
2079,102518.99,0.1412,0.06,0.617,1,12650.56,0,0.5566877397338652
2080,86255.54,0.0839,0.0753,0.5767,0,8273.5,1,0.24868387050292926
2081,56283.7,0.3624,0.172,0.4226,0,18558.14,1,0.5906004700412532
2082,56268.56,0.3161,0.2028,0.2959,1,33094.25,1,0.7746866069180539
2083,56959.12,0.2002,0.2003,0.4383,0,14259.33,1,0.49863034173052645
2084,116918.7,0.1891,0.1867,0.7867,2,6994.45,1,0.9483686631515883
2085,74548.39,0.2888,0.2186,0.2471,0,7296.51,1,0.41393443406002656
2086,75751.04,0.2403,0.0913,0.6097,2,15263.08,1,0.9081741394007501
2087,90757.09,0.1712,0.0704,0.3629,0,10410.95,1,0.17463642395538384
2088,70969.73,0.1751,0.1669,0.5438,0,19897.32,0,0.4714730757279141
2089,58523.95,0.3541,0.2062,0.1618,1,11922.92,0,0.7191872424662867
2090,60091.25,0.1228,0.1606,0.4239,0,18772.57,1,0.3462225658753342
2091,63209.97,0.3547,0.233,0.5009,0,22779.49,0,0.7173111529425094
2092,64069.44,0.2603,0.2012,0.2171,0,34701.57,1,0.3623166097470942
2093,83190.74,0.4525,0.1832,0.8692,0,14095.98,1,0.877551508102855
2094,66298.65,0.1762,0.0614,0.7265,0,24002.55,1,0.45725766414499963
2095,83316.0,0.0836,0.0705,0.3258,0,37614.21,1,0.1270398116771606
2096,62982.09,0.252,0.1991,0.2522,0,44455.09,1,0.3810018705125379
2097,66965.88,0.1085,0.0877,0.1762,0,27292.25,0,0.11425196622846538
2098,20000.0,0.1044,0.0555,0.3962,0,22292.81,0,0.24918944250631925
2099,87908.19,0.4358,0.223,0.6066,0,30261.33,1,0.7808345948662689
2100,73662.21,0.3666,0.2193,0.4103,0,24451.83,1,0.619474206648039
2101,89950.25,0.2011,0.0915,0.1676,1,11590.27,0,0.33608852176626974
2102,20000.0,0.2317,0.1982,0.5225,0,23377.89,1,0.6753900636107697
2103,117209.37,0.2234,0.0591,0.3386,1,44164.01,1,0.372399623590492
2104,61510.26,0.2902,0.1042,0.4613,0,30617.15,1,0.4307526185940742
2105,92704.57,0.1725,0.1685,0.425,0,16337.29,0,0.329109241966128
2106,39002.35,0.0112,0.195,0.396,1,42885.84,1,0.6319616735414927
2107,80319.35,0.0663,0.052,0.7117,0,20543.27,1,0.3039334711661202
2108,38664.61,0.1399,0.112,0.6752,0,20604.86,0,0.5330198202171035
2109,49405.78,0.1715,0.0907,0.717,1,29663.98,0,0.800373020305563
2110,112850.78,0.3064,0.2398,0.5364,0,27758.95,1,0.6053818053803987
2111,60232.94,0.386,0.1775,0.2097,2,16617.46,1,0.9052191089761417
2112,70435.82,0.1377,0.1271,0.5465,0,23683.21,1,0.3764825528736919
2113,86751.69,0.2151,0.0644,0.7576,0,18300.52,0,0.4739002711688993
2114,77392.05,0.3035,0.1637,0.6634,1,34511.22,1,0.8720326004248177
2115,68760.47,0.1375,0.1719,0.5374,0,9900.11,1,0.44510508410099653
2116,74124.03,0.371,0.2051,0.6941,0,35010.05,1,0.7907187975791808
2117,125085.39,0.0614,0.1048,0.6666,2,11446.68,1,0.8051249171771508
2118,63559.53,0.1966,0.2365,0.7102,0,17239.28,0,0.7394999842609709
2119,70027.48,0.1958,0.1335,0.5162,1,18333.27,1,0.7127558037906598
2120,91266.36,0.2982,0.1062,0.6677,2,44616.49,1,0.9336549494270192
2121,92638.15,0.0893,0.1162,0.2473,0,28592.88,0,0.12469753270965937
2122,94675.76,0.3726,0.1487,0.6584,0,36102.17,1,0.6554912106016927
2123,80968.26,0.3223,0.228,0.4489,0,27215.12,1,0.6069558740481878
2124,36424.88,0.2009,0.1897,0.4041,0,44326.32,1,0.5038516067905489
2125,105835.79,0.1743,0.1597,0.346,0,12095.25,0,0.24058947671949088
2126,36341.37,0.2896,0.0809,0.3302,0,29194.97,0,0.35029896853635833
2127,72565.89,0.3273,0.0784,0.3293,0,36895.28,1,0.2994481937734119
2128,46143.1,0.3441,0.1454,0.6669,1,30142.25,1,0.9059164394814954
2129,63396.54,0.1364,0.1885,0.7978,0,40877.45,1,0.6870756158048716
2130,73219.06,0.1189,0.1927,0.526,0,29028.32,1,0.4422507023482544
2131,73033.93,0.1182,0.0929,0.2379,0,38057.54,1,0.13759313835339348
2132,75548.02,0.3565,0.069,0.597,2,12031.88,1,0.9266980225904518
2133,105342.78,0.2008,0.123,0.4401,0,15482.56,0,0.2722013707244978
2134,76338.36,0.0989,0.2245,0.2079,1,22762.74,1,0.5217668002612944
2135,58896.08,0.3071,0.1536,0.4723,0,39064.71,1,0.543454270671076
2136,89102.18,0.3178,0.1108,0.6988,0,22062.38,1,0.5921133707982033
2137,94736.76,0.1751,0.1115,0.3478,1,30098.36,1,0.47395337928738057
2138,34309.8,0.0759,0.0751,0.5984,0,20832.46,1,0.36363597119298136
2139,79935.0,0.5895,0.1399,0.3785,1,37228.82,1,0.8669415898794247
2140,82529.32,0.1887,0.2004,0.6103,1,13011.5,1,0.8193755461438282
2141,57560.91,0.2868,0.234,0.6757,0,28750.78,1,0.7873729548164615
2142,99392.67,0.1807,0.1453,0.4957,0,28115.61,0,0.3382942198075851
2143,61248.61,0.1218,0.0818,0.2103,1,21129.67,0,0.34931695863996426
2144,68139.41,0.2628,0.1798,0.6678,0,33205.12,1,0.6748393980982041
2145,60673.2,0.0956,0.1938,0.6438,0,6139.06,1,0.5484699286256209
2146,65389.48,0.2982,0.0636,0.7785,0,38660.0,0,0.6169003490686805
2147,37593.12,0.4685,0.2115,0.316,0,18918.61,1,0.7026314936695321
2148,28998.73,0.1625,0.2076,0.5829,0,36720.9,0,0.656155867154161
2149,104862.63,0.1498,0.1398,0.863,0,17202.38,1,0.5794441100145434
2150,43825.97,0.1069,0.1565,0.3623,0,12516.26,1,0.31770683513659786
2151,40215.19,0.1545,0.1855,0.2809,0,20579.58,1,0.34890580924543135
2152,20000.0,0.1759,0.1786,0.5539,0,36894.68,1,0.6216322664276777
2153,49025.96,0.3675,0.0531,0.5822,0,33140.72,1,0.5461221408338415
2154,31922.76,0.2656,0.0733,0.3649,0,21041.25,1,0.35396451541325
2155,106050.38,0.3483,0.0809,0.7201,0,42514.75,1,0.5477587624356293
2156,90245.43,0.1568,0.1936,0.5256,0,21351.05,1,0.4373200421764152
2157,47796.24,0.2512,0.1336,0.5435,0,19030.11,1,0.5431231775989858
2158,121310.9,0.239,0.1536,0.0206,1,10788.76,0,0.2868129527882272
2159,89544.14,0.0307,0.1968,0.4836,1,7811.15,1,0.6029791597974299
2160,56879.22,0.0352,0.1148,0.4577,0,18996.1,1,0.24496770960075226
2161,20000.0,0.0397,0.1923,0.3268,0,8680.09,0,0.34073448952298835
2162,122273.56,0.1917,0.134,0.7183,0,23505.4,1,0.4494188171667746
2163,30260.69,0.325,0.1217,0.5846,0,39400.38,1,0.662350762030819
2164,23865.03,0.116,0.1133,0.6689,0,24044.67,1,0.5437840730447171
2165,90564.26,0.0729,0.2333,0.4613,0,24223.24,1,0.37442001036624467
2166,125993.81,0.1418,0.1967,0.4272,1,15137.62,1,0.5725712691168596
2167,99606.82,0.2055,0.0538,0.6024,0,11651.82,1,0.3011654560688093
2168,79097.73,0.1082,0.2319,0.2893,0,13893.15,0,0.3016379538937157
2169,79868.86,0.0835,0.1973,0.6395,0,27719.54,0,0.49287232876695614
2170,86335.39,0.079,0.0783,0.5756,0,28671.72,1,0.24818515679814784
2171,83973.21,0.5439,0.0645,0.3452,0,13807.51,0,0.4515982945348735
2172,72029.79,0.0653,0.1086,0.3184,0,20956.81,0,0.16027626538326156
2173,67605.03,0.2769,0.1686,0.5348,1,27747.31,1,0.8218546294865671
2174,63435.17,0.5358,0.1671,0.3098,0,35418.48,1,0.6325565148555706
2175,46150.89,0.3577,0.1024,0.6061,0,17790.77,0,0.6416192961009459
2176,57983.12,0.0832,0.1347,0.4555,1,15854.28,1,0.6026789232992091
2177,22676.08,0.4628,0.0903,0.7103,0,34218.68,1,0.8118553320684516
2178,62541.51,0.0684,0.0596,0.3883,0,25552.49,1,0.16105131866540506
2179,40285.22,0.1393,0.1482,0.6683,0,39269.86,0,0.5823976428730536
2180,37410.27,0.176,0.1159,0.2133,0,13440.12,0,0.2315352986123729
2181,69497.35,0.0893,0.1531,0.3078,0,35837.72,0,0.21747718882620967
2182,99800.06,0.2327,0.2298,0.129,0,11481.34,0,0.24725128670833435
2183,87957.92,0.1181,0.0772,0.34,0,28390.85,0,0.14764761900470952
2184,25737.48,0.5337,0.0504,0.4258,0,16345.35,1,0.6234757582441064
2185,40259.3,0.1664,0.0646,0.4617,0,9043.64,1,0.3110162532724933
2186,88519.28,0.3224,0.1379,0.5861,0,29670.58,0,0.5519922312483924
2187,40437.82,0.4623,0.1843,0.6517,1,25271.96,1,0.9512206590597363
2188,59384.17,0.2808,0.1603,0.6186,0,24439.21,1,0.6439642151284999
2189,78751.3,0.5269,0.144,0.2011,1,28700.78,1,0.7505747045408157
2190,40791.39,0.3497,0.1173,0.8651,0,19897.49,0,0.8245823256128324
2191,67634.39,0.2554,0.1089,0.4246,0,31806.7,1,0.364349440264172
2192,31649.36,0.1845,0.1215,0.5447,0,10233.75,0,0.5012643596638227
2193,49965.81,0.0556,0.1662,0.6513,1,33598.86,1,0.7754507443102676
2194,72994.55,0.1955,0.0819,0.2989,0,28192.55,0,0.19445942377478073
2195,25175.16,0.105,0.1966,0.645,0,24458.91,1,0.6452449203134826
2196,76011.87,0.3982,0.1593,0.3511,1,10106.02,1,0.7753838694257856
2197,64509.06,0.1046,0.1011,0.7494,0,16130.58,0,0.47947327224449443
2198,78812.25,0.2264,0.1452,0.6291,0,16811.86,1,0.5334679125328263
2199,70597.85,0.3146,0.2329,0.7348,1,14352.51,1,0.9381808406002998
2200,99103.51,0.0945,0.0539,0.3808,0,43167.19,1,0.12217807738600105
2201,68130.61,0.2337,0.0879,0.5103,0,41625.66,1,0.3768749023023035
2202,54264.86,0.1469,0.1352,0.5285,0,26845.33,1,0.42134146819175056
2203,68057.44,0.2889,0.1713,0.6941,0,13226.9,1,0.7021155343597324
2204,78582.45,0.0699,0.0903,0.7343,1,41445.53,0,0.6854655500129561
2205,66221.5,0.5261,0.227,0.3203,0,34976.26,1,0.713538902765038
2206,66014.79,0.2511,0.1721,0.6076,0,6550.87,1,0.6129903663127767
2207,47450.21,0.4726,0.2167,0.5636,0,24628.46,1,0.8348277680070059
2208,48427.48,0.3589,0.1126,0.4223,1,29197.78,0,0.7828922919265957
2209,29934.87,0.1298,0.2075,0.753,0,7658.93,1,0.7443342939914978
2210,108739.42,0.3277,0.1219,0.8074,0,6993.24,1,0.6560614325741576
2211,33903.42,0.4285,0.098,0.3936,1,23540.96,1,0.8165419239184151
2212,47677.37,0.3766,0.2232,0.6805,0,5078.07,1,0.8434521467413171
2213,47039.82,0.2461,0.0675,0.7083,1,6873.42,1,0.8186376531353599
2214,87373.11,0.1198,0.2291,0.3287,0,11605.51,1,0.3170797377051776
2215,57626.26,0.3005,0.1371,0.6541,0,41398.83,0,0.655766728792771
2216,96193.55,0.2869,0.2386,0.3757,2,35651.34,1,0.9229974887718789
2217,48162.73,0.1629,0.1525,0.5877,1,23017.04,1,0.7955436050443684
2218,71974.85,0.089,0.1939,0.4771,0,24168.23,1,0.3816138453636221
2219,44116.32,0.2597,0.0513,0.6295,0,32440.98,1,0.49326197198403976
2220,118628.73,0.1073,0.1444,0.1646,1,23975.46,1,0.27529186461164945
2221,35310.04,0.1631,0.1901,0.1827,2,7557.0,1,0.8408250538790709
2222,72745.52,0.3113,0.1987,0.5715,0,34549.26,1,0.6633207130463035
2223,80844.42,0.1022,0.08,0.5577,0,7309.99,0,0.26594953763673607
2224,75344.98,0.0669,0.1296,0.394,1,24443.73,1,0.48807597739607805
2225,60367.81,0.0476,0.1296,0.2872,0,39468.3,0,0.17216357064921733
2226,61754.48,0.2792,0.0697,0.6108,0,9695.19,1,0.483827422334606
2227,66095.29,0.2884,0.1342,0.0819,0,33265.12,1,0.20317858962010127
2228,61324.95,0.1701,0.2033,0.516,0,6853.12,1,0.5281707002594896
2229,89096.98,0.3601,0.107,0.2146,1,44722.38,0,0.5440477985416029
2230,120263.08,0.1854,0.1322,0.6584,0,32283.46,1,0.3979490154104603
2231,51062.71,0.1908,0.2326,0.2524,0,43759.58,0,0.4076429168476506
2232,30754.93,0.1713,0.056,0.797,1,31728.96,1,0.8319431670364205
2233,62792.95,0.046,0.1624,0.2266,0,14691.33,0,0.1709156250436644
2234,129492.73,0.1378,0.1913,0.765,0,42054.58,1,0.5147490564169475
2235,44908.14,0.0483,0.1946,0.9459,0,30066.81,1,0.7615701810961323
2236,105977.92,0.1478,0.186,0.3486,1,28037.48,1,0.5455326882216179
2237,106942.52,0.3211,0.188,0.488,1,22164.48,1,0.783611382916277
2238,51160.29,0.0367,0.0612,0.4001,0,16383.76,0,0.166787741099013
2239,79224.58,0.1402,0.1515,0.3548,0,26202.78,1,0.26056764249660896
2240,105709.92,0.1388,0.1988,0.3443,0,19642.31,0,0.26386731028067884
2241,55521.81,0.2995,0.0679,0.6769,0,39160.98,1,0.5683459550181962
2242,59910.49,0.1133,0.0523,0.6646,0,6151.94,1,0.35301025785804324
2243,50457.98,0.3432,0.2048,0.5978,0,26203.66,1,0.7577992271042804
2244,39631.08,0.1214,0.1853,0.6961,0,38462.6,0,0.6478676543284683
2245,48768.06,0.3531,0.1283,0.206,0,6104.25,1,0.3563292713747888
2246,34401.49,0.3277,0.2287,0.397,1,16292.11,1,0.8800726246812427
2247,65852.09,0.2158,0.1957,0.3591,0,7060.9,1,0.4200331325410084
2248,45750.67,0.1801,0.2339,0.4543,1,28800.15,1,0.8254001154415921
2249,70844.65,0.0711,0.2266,0.2924,0,17669.44,0,0.2844408375903571
2250,26102.61,0.2179,0.1414,0.5214,1,43389.2,1,0.8159285635470851
2251,73272.01,0.3545,0.1934,0.7909,0,29651.74,1,0.8195853990913633
2252,85838.22,0.0872,0.1771,0.3814,1,27472.08,0,0.5500031345215965
2253,20000.0,0.3598,0.2042,0.4595,0,41689.59,1,0.7398132792654134
2254,74351.41,0.392,0.1997,0.5423,0,13943.02,1,0.7057648928008994
2255,95691.72,0.1128,0.0791,0.4335,0,27489.69,0,0.17783179281992195
2256,34758.97,0.2145,0.0944,0.2411,0,26711.31,0,0.252985726400443
2257,106814.31,0.4984,0.1005,0.3106,0,8284.57,0,0.38704316896355917
2258,75475.48,0.1395,0.2055,0.526,1,42282.39,1,0.7607440074825558
2259,47374.7,0.3367,0.204,0.2812,0,33009.39,1,0.5274164732811868
2260,63605.77,0.1123,0.1441,0.4595,1,40524.23,1,0.6331832467546329
2261,78958.17,0.1908,0.1604,0.3561,0,44301.5,0,0.31253426033234066
2262,66900.13,0.1256,0.2071,0.5155,1,24186.16,1,0.7622379768758623
2263,78468.9,0.1823,0.1094,0.6956,0,37146.39,1,0.4878557913299273
2264,41983.16,0.303,0.0595,0.6109,0,28102.39,0,0.5372472883660798
2265,69234.02,0.2134,0.1417,0.3825,0,44084.92,0,0.3435217563176581
2266,29657.14,0.2166,0.2236,0.2132,0,14888.94,0,0.43625147583361024
2267,62219.35,0.1124,0.2002,0.1375,0,5552.69,0,0.2034743903291789
2268,42402.31,0.4458,0.1197,0.7325,0,12437.9,1,0.8137141442111775
2269,46611.75,0.4366,0.0623,0.5174,0,10120.75,1,0.5784279536191153
2270,95902.33,0.2923,0.171,0.3403,0,22478.09,1,0.3644753496294955
2271,92282.75,0.5367,0.2086,0.7874,1,8096.41,1,0.9659767124095205
2272,80228.45,0.3162,0.1763,0.5097,0,13807.91,1,0.5678454725821859
2273,37692.18,0.0246,0.1308,0.8742,2,8850.64,1,0.9517928860145702
2274,57089.79,0.0746,0.0734,0.3628,0,24470.11,0,0.17287319461296524
2275,95327.44,0.1417,0.223,0.3991,1,15671.08,0,0.6624973948292682
2276,68542.92,0.3035,0.1024,0.7294,0,23840.29,0,0.637295231829243
2277,122983.24,0.0549,0.0926,0.5977,0,8555.52,1,0.19966888525983015
2278,74832.95,0.2262,0.205,0.4651,0,25674.83,1,0.5089408672428476
2279,69801.23,0.3309,0.2364,0.6394,2,10202.77,1,0.9770135909137193
2280,57272.09,0.1543,0.1754,0.5403,1,8973.86,1,0.7748221474989031
2281,68338.52,0.2377,0.1687,0.5533,0,17400.78,0,0.5468034004324654
2282,61188.25,0.2743,0.1107,0.4898,0,39976.7,0,0.45045471579919805
2283,82702.72,0.2902,0.0539,0.2735,0,36540.86,1,0.19280336103474605
2284,88917.56,0.1753,0.0864,0.1988,0,43365.99,1,0.12476976651734306
2285,45350.26,0.3561,0.161,0.7391,1,23407.81,1,0.9343946840663871
2286,31719.18,0.1566,0.0788,0.6533,1,17497.66,1,0.7718572917066013
2287,20000.0,0.2253,0.2179,0.3818,0,43836.27,1,0.5942417110154229
2288,77699.78,0.2054,0.0857,0.4467,1,20270.72,1,0.5806229710945463
2289,37415.83,0.1853,0.1492,0.6569,0,5364.14,0,0.6228439129864285
2290,20000.0,0.2456,0.1473,0.6737,0,37804.34,0,0.718771234032504
2291,74714.47,0.4069,0.1647,0.5024,0,11768.42,1,0.6373902258263595
2292,127324.99,0.0483,0.1122,0.2636,0,33716.5,1,0.08216546952694997
2293,64848.23,0.1903,0.216,0.3113,0,5604.88,1,0.3944668258326719
2294,85962.27,0.0775,0.1344,0.2974,0,9439.61,0,0.16201998478877952
2295,67045.73,0.0483,0.183,0.2454,0,24342.54,0,0.19564651475141948
2296,62527.76,0.1267,0.1708,0.3908,0,7715.92,0,0.3351773922006235
2297,87976.91,0.4366,0.0723,0.439,1,40545.24,1,0.7257065947452214
2298,57743.14,0.2568,0.1683,0.2125,1,34994.76,1,0.6220435292352084
2299,71684.81,0.1654,0.1546,0.481,0,18127.41,1,0.3908367643163642
2300,73042.45,0.1351,0.2207,0.4173,0,28900.82,0,0.41636636016074574
2301,48297.74,0.2759,0.2174,0.9442,0,33621.07,1,0.893125491439917
2302,89801.06,0.2075,0.0787,0.3862,1,35215.97,0,0.4928760494539828
2303,60626.01,0.174,0.0655,0.477,0,20827.04,1,0.2870430853511262
2304,46106.37,0.0677,0.106,0.4976,0,40952.01,0,0.3040713806873355
2305,78412.75,0.1096,0.2375,0.7296,1,42671.39,1,0.8690768350615323
2306,42538.3,0.4071,0.0541,0.466,0,12828.61,1,0.5060096395388998
2307,65704.53,0.2425,0.1778,0.4502,2,41449.55,1,0.920828774771708
2308,64772.03,0.1077,0.1656,0.6766,2,33507.22,1,0.9319152946130239
2309,92147.39,0.2653,0.1728,0.774,2,40525.52,1,0.9645114020937264
2310,76867.46,0.3497,0.0915,0.8142,0,21990.17,0,0.7023396709464607
2311,64374.33,0.1366,0.0931,0.3183,0,31447.9,0,0.19479711046946738
2312,85444.16,0.1864,0.1318,0.6678,0,14415.19,1,0.4892945619426067
2313,99755.19,0.1984,0.0682,0.2535,1,35044.07,0,0.34037027771744527
2314,78945.26,0.1014,0.0642,0.7409,1,28269.34,1,0.6771610886488392
2315,65258.82,0.2462,0.0668,0.7976,0,24237.8,0,0.5908086671903118
2316,32204.09,0.1072,0.1589,0.4633,0,32707.26,0,0.4243603703557048
2317,38372.16,0.0526,0.1256,0.2483,0,27093.81,0,0.18383195220862233
2318,57369.38,0.1046,0.1058,0.6382,0,35614.19,0,0.4149551283612592
2319,49762.19,0.2374,0.11,0.1569,0,39337.44,0,0.21179333577925305
2320,60325.72,0.1081,0.0894,0.2078,0,37024.25,1,0.13348166997121114
2321,66416.25,0.1915,0.1282,0.691,0,17300.27,1,0.5531343962384014
2322,78242.32,0.2118,0.0886,0.2848,0,44044.77,0,0.19575604437784352
2323,63237.53,0.0702,0.1826,0.8198,0,30989.65,1,0.6395949280839268
2324,77162.54,0.5521,0.0735,0.8259,0,17938.66,1,0.8218036531196984
2325,66611.86,0.1626,0.2302,0.3952,0,6703.24,1,0.4548107951943975
2326,20000.0,0.3366,0.0671,0.1854,0,44523.86,1,0.3001306208736479
2327,41516.62,0.1907,0.2293,0.3582,0,28960.7,1,0.510421518883281
2328,61397.81,0.3327,0.2083,0.6948,0,14101.61,1,0.7915204478678224
2329,34757.63,0.3015,0.1793,0.908,2,24644.95,1,0.9887574469393704
2330,79998.22,0.2117,0.2233,0.3942,0,20901.62,0,0.45565033724274956
2331,103268.77,0.0552,0.0765,0.7346,0,43054.61,0,0.2981396422201814
2332,95469.05,0.4389,0.0835,0.5843,1,24706.44,1,0.8109713976347885
2333,59663.93,0.1038,0.0979,0.578,0,24386.71,1,0.35033858182333627
2334,102268.15,0.0715,0.0965,0.6048,0,36783.99,0,0.2543759950195479
2335,68716.69,0.3151,0.1091,0.5713,1,20636.46,1,0.799562385528982
2336,56572.85,0.2408,0.1594,0.2539,1,12860.73,1,0.6284637123500215
2337,49664.93,0.1928,0.0554,0.4766,0,35735.95,0,0.30974304866663416
2338,57438.26,0.1355,0.1226,0.1721,0,41404.35,0,0.16306587624299623
2339,55295.58,0.4021,0.0968,0.4963,1,6829.05,1,0.8194536283739171
2340,69260.41,0.0836,0.1653,0.3519,0,39396.0,1,0.2545421676137063
2341,69014.35,0.2203,0.2372,0.8099,1,22514.53,1,0.9344300013465304
2342,65076.15,0.0717,0.1484,0.8231,0,16565.34,1,0.5852737988666511
2343,75923.45,0.3053,0.1309,0.6147,0,6567.21,1,0.5779518052124816
2344,94766.16,0.5315,0.12,0.6747,0,13220.91,1,0.7496984158559269
2345,88738.85,0.277,0.1991,0.2842,0,18314.79,0,0.3684258076751407
2346,27877.55,0.1105,0.0637,0.4233,0,7827.37,0,0.2661664359357823
2347,20000.0,0.3348,0.2324,0.5617,1,12551.6,1,0.9382643914239941
2348,88358.0,0.1471,0.1294,0.6106,0,34473.62,0,0.3964965431661618
2349,30828.03,0.1288,0.1096,0.443,0,32474.43,1,0.3531761311839836
2350,59380.86,0.1888,0.2351,0.5705,1,35793.56,1,0.862882023098849
2351,35747.17,0.0521,0.2278,0.662,0,11610.31,1,0.6366500667598426
2352,20000.0,0.451,0.172,0.7557,0,6721.21,0,0.8943270323701115
2353,78536.57,0.2115,0.0535,0.8422,1,23743.59,1,0.8044076419746923
2354,83978.88,0.2215,0.1922,0.5077,1,18711.39,1,0.7740792902769251
2355,50587.24,0.4132,0.1138,0.3206,0,36069.32,1,0.47299428209750416
2356,20000.0,0.4203,0.1238,0.6392,0,26553.07,1,0.78935109631612
2357,51343.89,0.1436,0.0802,0.6772,1,42247.21,1,0.7438696524186595
2358,74795.1,0.2276,0.1495,0.6223,1,7448.26,1,0.8073670552472979
2359,28027.21,0.1145,0.1915,0.2407,0,19547.05,0,0.3218689463961004
2360,69584.0,0.3692,0.1019,0.6321,0,21209.62,1,0.6173151484468338
2361,64617.25,0.4412,0.2284,0.4529,0,10035.58,1,0.7413496496505323
2362,79482.29,0.0465,0.087,0.5862,0,28320.64,1,0.25535437356719154
2363,67989.51,0.456,0.0626,0.2823,0,6608.1,0,0.3580893664461965
2364,40673.28,0.0903,0.1724,0.2233,0,33509.01,0,0.24186041737331157
2365,94914.29,0.1557,0.2114,0.2785,2,6497.73,1,0.8189767485030046
2366,61036.76,0.0686,0.2311,0.5036,0,39938.88,1,0.47046784594872604
2367,64317.39,0.2666,0.1958,0.6423,0,7601.08,1,0.6910390873655926
2368,41668.3,0.0935,0.0879,0.8035,0,23253.98,1,0.5467570450399079
2369,53917.94,0.1734,0.2358,0.2941,0,11215.42,1,0.42328574143692355
2370,42879.93,0.1694,0.2247,0.0559,0,10324.89,1,0.2560837700394269
2371,60676.35,0.0351,0.081,0.5526,1,33848.63,1,0.5424078151544588
2372,107792.71,0.2709,0.1562,0.3954,0,35970.04,1,0.3383398543120082
2373,30702.47,0.0241,0.1555,0.4691,0,34567.96,0,0.35346604497761674
2374,24660.97,0.1592,0.1341,0.576,2,21159.67,1,0.9347650325330239
2375,101779.26,0.3245,0.237,0.7319,1,44631.44,1,0.9220436439987075
2376,59766.91,0.3448,0.0613,0.8752,0,18598.76,1,0.7319824859971276
2377,48273.18,0.1613,0.1692,0.7262,0,14811.18,1,0.6604091392327531
2378,90997.62,0.0869,0.089,0.672,0,44860.22,1,0.3232049914183342
2379,49859.61,0.2494,0.1502,0.5132,1,44091.07,1,0.8032378128414601
2380,110650.24,0.2749,0.1982,0.6397,0,28673.44,0,0.5966827225095797
2381,81948.15,0.3097,0.0969,0.3304,0,13361.57,0,0.29310453175107776
2382,52802.21,0.2011,0.1247,0.499,1,14539.95,1,0.7274923455999238
2383,118932.71,0.3368,0.2306,0.6178,0,25835.42,1,0.6650653568560034
2384,49857.13,0.1687,0.1947,0.7429,0,36044.13,1,0.711225176110155
2385,83552.38,0.1664,0.1588,0.357,0,8098.17,1,0.28256223951311643
2386,72482.31,0.1661,0.0922,0.3789,1,32506.82,0,0.5130088058285995
2387,97543.53,0.2494,0.1308,0.4905,0,9124.43,1,0.3751616563484378
2388,104037.78,0.1939,0.1971,0.5966,0,38764.43,1,0.5015973301552152
2389,65800.1,0.4173,0.2059,0.4211,1,26284.73,1,0.8752129259066709
2390,46164.55,0.3975,0.0965,0.6076,0,44587.76,1,0.6673660454438138
2391,76499.3,0.2272,0.1758,0.8035,0,35119.29,1,0.7173497023610779
2392,48057.12,0.0455,0.0681,0.2809,0,24889.15,0,0.13148409424649585
2393,115334.68,0.4471,0.0544,0.7029,0,10647.09,1,0.5590055076980911
2394,68413.38,0.3021,0.1542,0.2379,0,26695.83,1,0.33252405724774176
2395,55866.96,0.0621,0.0926,0.6575,0,9577.79,0,0.37465571354696064
2396,69617.01,0.3263,0.065,0.3987,0,41206.5,0,0.3344822594271012
2397,31321.84,0.0476,0.1887,0.6305,0,14202.71,0,0.5558761703026772
2398,40709.65,0.059,0.1446,0.344,2,39614.67,1,0.8094267666938129
2399,95010.35,0.1805,0.2013,0.4383,0,17156.1,1,0.3909556873001181
2400,48577.64,0.64,0.1761,0.5338,0,13875.94,1,0.8660178170028875
2401,38827.23,0.1085,0.1887,0.3072,0,17169.45,0,0.3374074970357732
2402,78416.32,0.4396,0.1084,0.3255,0,33302.17,1,0.4253116238044643
2403,94642.6,0.3321,0.1,0.2587,0,26008.62,0,0.24350537860931445
2404,82973.83,0.1085,0.1642,0.1922,0,9298.9,0,0.16206132619859126
2405,89901.19,0.2527,0.088,0.7185,1,10482.36,1,0.7830394293443692
2406,46080.12,0.4561,0.2049,0.5077,0,20141.19,1,0.7877562670036203
2407,29454.73,0.2899,0.1494,0.7266,0,18541.74,1,0.7681101582881955
2408,102533.34,0.0688,0.0931,0.3471,0,39069.42,1,0.12453300841632128
2409,56933.0,0.0438,0.1688,0.3651,0,27890.13,0,0.2618364351193376
2410,58729.17,0.3472,0.2296,0.796,0,12468.6,1,0.8682535101771242
2411,98204.85,0.129,0.0656,0.2447,2,6133.72,1,0.5738439088735291
2412,78905.75,0.1943,0.0708,0.4944,0,9094.52,1,0.28487970013934766
2413,76397.19,0.1458,0.2103,0.659,0,33016.47,1,0.5957188787523229
2414,119125.06,0.1664,0.0708,0.7393,0,38883.89,1,0.35006206324410666
2415,48912.04,0.1625,0.0575,0.2503,0,36301.52,1,0.1638033785252725
2416,88196.0,0.1122,0.1161,0.6486,0,36595.02,0,0.37441091276320365
2417,66425.33,0.2963,0.1387,0.3601,0,15438.44,0,0.40033253359203175
2418,71714.81,0.3324,0.1582,0.9232,0,44563.44,1,0.8379557849409793
2419,103211.71,0.1193,0.1464,0.3456,1,8456.34,1,0.45762107150298725
2420,77695.89,0.1273,0.2235,0.4747,0,37843.81,0,0.4485469018169723
2421,78457.4,0.3853,0.196,0.3613,0,8872.69,1,0.5487515050225452
2422,91812.68,0.1118,0.2369,0.7086,1,15701.25,1,0.8452687639077804
2423,55876.18,0.285,0.1405,0.7895,0,24816.56,0,0.7441149756688771
2424,44019.76,0.4147,0.066,0.6815,2,7133.63,1,0.964999859045495
2425,38879.77,0.0857,0.2316,0.3684,0,20766.85,1,0.43153880790045784
2426,20000.0,0.1307,0.0508,0.6847,0,19004.58,1,0.4759410605032762
2427,116405.18,0.1399,0.1975,0.2382,1,30886.88,1,0.44235287403957535
2428,37419.79,0.1756,0.0559,0.1498,0,33720.54,0,0.14096004523814568
2429,59468.66,0.2297,0.1946,0.4369,0,8619.81,0,0.5093889775657536
2430,58079.67,0.1414,0.2282,0.6409,0,6522.74,1,0.6479399687967724
2431,72685.17,0.2681,0.124,0.8086,0,36035.65,1,0.6884731169010012
2432,85393.43,0.3022,0.0958,0.1644,0,26119.66,1,0.1839210326053583
2433,86511.84,0.621,0.093,0.2868,1,26385.47,0,0.7886347689235849
2434,50423.06,0.3883,0.1434,0.3611,0,44228.67,1,0.5323343495677956
2435,60821.96,0.2878,0.0825,0.5566,1,22509.66,1,0.7565517065677176
2436,72064.5,0.2046,0.1779,0.8859,0,12847.7,0,0.763638446041191
2437,58782.72,0.1773,0.12,0.5142,0,32225.65,1,0.402347904558555
2438,105183.64,0.3689,0.1114,0.5763,0,37627.12,1,0.5028423317990944
2439,77274.37,0.1651,0.1376,0.6728,2,25094.43,1,0.9248346630517927
2440,83371.94,0.168,0.1531,0.6922,0,32672.58,1,0.532450126061296
2441,81572.03,0.1124,0.077,0.6123,0,25557.26,0,0.3044013402832892
2442,94336.85,0.1768,0.1845,0.6572,0,21294.09,1,0.5376273188681641
2443,69525.54,0.0958,0.2178,0.6113,0,6371.12,1,0.5405953020292316
2444,32579.2,0.2103,0.1028,0.1217,1,11949.7,0,0.45973365833778773
2445,74992.2,0.169,0.0843,0.4902,0,24190.7,0,0.28896508631468953
2446,48716.08,0.2233,0.1945,0.6153,0,20861.14,1,0.6679755760406201
2447,51784.58,0.2061,0.0849,0.6881,0,38715.35,0,0.5281923112157009
2448,79659.1,0.3045,0.0578,0.6467,0,9337.84,1,0.4732291074675461
2449,95957.08,0.2193,0.1677,0.3489,0,7005.1,1,0.30519923359715434
2450,65531.79,0.269,0.0956,0.4602,0,8485.49,1,0.38749666160704666
2451,72720.83,0.2702,0.0826,0.2156,0,32123.71,0,0.19673989551918614
2452,107555.37,0.2462,0.2365,0.1867,0,28778.94,0,0.2878070328945509
2453,71018.83,0.2588,0.1055,0.6239,0,30288.81,0,0.512440767639839
2454,130042.08,0.1797,0.2217,0.4414,1,11276.86,1,0.6472101642514834
2455,79137.74,0.4374,0.0839,0.8217,0,25654.11,0,0.7571643763907305
2456,20980.93,0.2514,0.2056,0.3306,0,35706.8,0,0.5549390928952891
2457,83833.54,0.0519,0.1454,0.2244,0,32355.05,0,0.1320916199222302
2458,74528.96,0.1044,0.0649,0.7593,0,22547.51,0,0.4039062001112595
2459,97243.82,0.2497,0.1894,0.4534,0,9140.02,1,0.44101592525387495
2460,81829.53,0.1866,0.2195,0.4487,1,39826.01,1,0.7524577841703642
2461,61538.6,0.2187,0.081,0.0954,0,26048.17,0,0.13101556379749454
2462,34392.54,0.0444,0.1879,0.6189,0,40586.43,1,0.5348079940450572
2463,59774.42,0.2688,0.1346,0.4071,1,22548.0,1,0.7176588426787249
2464,43736.99,0.0605,0.1932,0.277,0,14480.52,0,0.2748492374110789
2465,50486.91,0.4163,0.1856,0.4989,0,17296.52,1,0.7237215704219248
2466,79714.46,0.1384,0.0551,0.6952,0,21725.97,1,0.35731749817077607
2467,106747.61,0.2434,0.084,0.463,0,29568.93,0,0.26439724888543586
2468,74866.79,0.1091,0.1395,0.5962,0,35756.44,1,0.3989276863725913
2469,35102.92,0.0238,0.2274,0.6241,0,14705.63,1,0.5830937996267263
2470,76115.07,0.1002,0.115,0.1536,0,12508.88,0,0.11303010605569509
2471,94915.79,0.176,0.1695,0.2249,1,13106.35,0,0.47075433154834956
2472,49755.43,0.0443,0.0523,0.3344,0,42379.99,1,0.13707745739869334
2473,61649.57,0.5293,0.1851,0.2523,1,11557.95,1,0.8478251027831484
2474,65367.2,0.2077,0.1646,0.4931,0,18829.73,1,0.4704052053694656
2475,45377.54,0.1258,0.1859,0.6781,0,24434.7,1,0.6260736155444543
2476,81207.01,0.3488,0.2219,0.5446,1,27248.14,1,0.8860490227172401
2477,61976.3,0.1749,0.0778,0.5978,1,39323.41,0,0.6909548862721152
2478,75488.31,0.2958,0.0997,0.5808,1,9515.35,1,0.7710012746335402
2479,42812.7,0.0894,0.2392,0.5148,1,9320.54,1,0.8139952137359957
2480,54063.54,0.3577,0.0797,0.3885,0,17656.39,1,0.4122517389933494
2481,83059.53,0.1063,0.1869,0.2469,0,21528.06,0,0.2103574767730367
2482,55679.17,0.2031,0.1878,0.3917,0,19951.03,1,0.44592088841768257
2483,108174.1,0.2004,0.1798,0.7281,0,20676.07,1,0.5753143598537489
2484,55009.1,0.3962,0.0932,0.3564,0,39058.2,1,0.44150040314687017
2485,70617.12,0.233,0.0909,0.1325,0,38466.73,0,0.14925245153987463
2486,88314.77,0.2472,0.1766,0.6086,0,37220.05,1,0.564912224376382
2487,29540.86,0.3324,0.0854,0.1462,0,35211.23,0,0.27661802965174936
2488,20979.78,0.0948,0.1757,0.401,0,6615.57,0,0.4175447359776059
2489,26858.59,0.1688,0.1436,0.4197,1,10975.51,0,0.7274824932426253
2490,96564.6,0.3486,0.1235,0.4286,0,34287.71,0,0.4059026416682208
2491,51203.55,0.2758,0.107,0.2982,0,28793.76,1,0.3219827853790227
2492,128954.98,0.179,0.23,0.4218,1,31957.78,1,0.647065410700467
2493,50893.81,0.3139,0.1465,0.475,0,33677.26,1,0.5595142735396466
2494,69613.78,0.1387,0.1566,0.1445,1,41454.59,0,0.41162765641239224
2495,103552.75,0.1402,0.2304,0.2501,0,30405.72,0,0.2504296488542736
2496,115152.32,0.1198,0.1742,0.6259,0,16022.7,1,0.3928853037630346
2497,116537.59,0.2621,0.232,0.4706,0,8320.64,1,0.49014068443722775
2498,95209.16,0.1337,0.0702,0.5768,0,22283.39,1,0.26098273759278934
2499,90601.56,0.4058,0.2109,0.4013,0,33393.98,1,0.5946213225291643
2500,79813.17,0.6118,0.1137,0.8516,1,16276.06,1,0.9652898248993609
2501,84459.03,0.1146,0.204,0.3127,0,9803.17,0,0.2734210356145004
2502,51220.36,0.1809,0.2126,0.8894,0,44949.7,1,0.8219905589193226
2503,44545.03,0.3062,0.1016,0.2758,0,21754.97,0,0.33731066104764296
2504,64915.64,0.262,0.1277,0.3274,0,13652.59,0,0.33248412791208704
2505,60745.38,0.1611,0.1879,0.622,1,11582.24,1,0.8287162952563029
2506,53669.3,0.2618,0.0688,0.3206,0,39511.3,1,0.26852426046843714
2507,82409.69,0.2959,0.1936,0.3387,1,37784.16,1,0.7276975503656165
2508,88882.63,0.3067,0.071,0.479,0,29532.82,1,0.3435761440399599
2509,67210.17,0.4286,0.2237,0.6836,0,26887.42,1,0.8456658274628954
2510,101938.25,0.3185,0.1025,0.3825,0,43057.56,0,0.30249019455077586
2511,36457.77,0.1758,0.1594,0.5011,0,14130.7,0,0.5089689290855841
2512,60158.51,0.1168,0.0723,0.3501,0,21615.74,0,0.18442313232725663
2513,47079.44,0.1759,0.1012,0.7373,0,5986.6,1,0.5780797468945242
2514,20000.0,0.2505,0.1268,0.8457,1,21743.59,1,0.9327285537798835
2515,62932.98,0.0582,0.1425,0.5021,1,20368.66,1,0.6174803441061588
2516,61956.31,0.199,0.05,0.6148,1,42979.73,1,0.6824484791096359
2517,102836.24,0.4913,0.2188,0.3399,0,19329.3,1,0.6071038920154803
2518,80770.29,0.6306,0.0515,0.6285,0,38391.57,0,0.7304072346349717
2519,39395.33,0.2471,0.197,0.4561,1,35663.75,1,0.835551835011261
2520,111352.31,0.0601,0.1394,0.6783,0,10890.88,0,0.33590405029773984
2521,95525.84,0.2829,0.1495,0.4957,0,43508.69,1,0.44418719286527003
2522,79552.44,0.054,0.0896,0.175,0,30238.63,0,0.08586275852844721
2523,59337.9,0.1603,0.1654,0.6743,0,28862.02,1,0.5888335289975384
2524,41014.02,0.2542,0.1521,0.7741,0,5468.22,1,0.7548323855276855
2525,55694.83,0.299,0.0812,0.5776,0,32968.43,1,0.5091398626187127
2526,92218.72,0.4294,0.0952,0.6292,1,7225.15,1,0.8424702108864248
2527,112114.66,0.0566,0.0627,0.6197,0,12415.23,0,0.19728766658762323
2528,103581.09,0.21,0.0626,0.5108,0,8944.84,1,0.2490705853397981
2529,52778.76,0.1458,0.0526,0.7955,0,20128.24,0,0.5033278878955726
2530,37009.56,0.3101,0.0919,0.5171,0,36828.46,0,0.5335118387927744
2531,68522.16,0.0874,0.1791,0.2205,0,33295.26,0,0.19950352608289373
2532,20789.02,0.0705,0.1101,0.6684,0,9267.81,0,0.503250696529215
2533,73079.19,0.2236,0.1151,0.8563,0,36938.45,0,0.6724737452031366
2534,61309.94,0.0346,0.0751,0.1619,2,23433.89,1,0.5246759155313357
2535,53349.09,0.3648,0.1593,0.3379,1,6305.23,0,0.784552994164724
2536,25132.42,0.2844,0.115,0.6986,0,13953.06,1,0.7107852365947785
2537,77840.0,0.2032,0.1785,0.721,2,36407.42,1,0.9558763935128792
2538,51682.48,0.1512,0.1909,0.7133,0,34331.99,1,0.6674291699602652
2539,35752.08,0.2147,0.1611,0.3464,1,12534.04,1,0.7199012825834916
2540,20000.0,0.2075,0.1025,0.4606,0,6519.96,0,0.45115882148472974
2541,64312.13,0.4196,0.1466,0.7997,1,16808.08,1,0.9431991126579354
2542,109306.29,0.4239,0.0979,0.2249,0,36797.08,0,0.2576297307901203
2543,106531.48,0.4139,0.2216,0.4449,0,42535.62,1,0.6156705393497286
2544,53572.59,0.4436,0.1956,0.5637,0,27915.43,1,0.787904300559102
2545,49944.7,0.2781,0.1437,0.5886,0,8644.15,1,0.6145312990531032
2546,76719.36,0.1372,0.2334,0.4434,0,25083.45,0,0.4511066673673186
2547,40040.36,0.3829,0.1539,0.5062,0,44951.65,1,0.6798697281213922
2548,72544.8,0.4376,0.1124,0.4861,1,42546.76,1,0.8245381206714989
2549,84152.01,0.3484,0.0681,0.3182,1,44728.44,1,0.5646117707202575
2550,95673.33,0.3539,0.1533,0.2853,0,32976.59,1,0.3495499655615592
2551,62496.15,0.1587,0.2135,0.394,1,22043.54,0,0.7267361303540399
2552,59908.16,0.3601,0.2147,0.8401,0,40725.18,1,0.8772594051005735
2553,43050.44,0.1121,0.1649,0.7084,0,40807.22,1,0.6096862370541993
2554,44327.99,0.4099,0.1248,0.7793,0,10774.59,1,0.8187772213577236
2555,59338.03,0.1698,0.1736,0.8408,0,36015.43,1,0.7293901243309188
2556,74184.14,0.0677,0.1948,0.5556,1,41772.38,1,0.7164391577801393
2557,87839.62,0.4706,0.1282,0.5589,0,40940.79,1,0.6490323109070107
2558,44920.53,0.3576,0.1405,0.7197,2,33273.34,1,0.9762292063455333
2559,102317.21,0.2941,0.1793,0.5277,0,26494.33,1,0.5134683505788279
2560,58221.91,0.2677,0.2166,0.4715,0,36069.97,1,0.6107595433025755
2561,64465.82,0.1665,0.2003,0.5458,0,25646.23,1,0.5364032905599218
2562,46319.71,0.3289,0.0543,0.7142,0,17849.36,1,0.6237445432104572
2563,20000.0,0.1135,0.0736,0.5066,0,15357.54,0,0.35688097858788187
2564,87101.13,0.0815,0.212,0.6963,0,26626.29,1,0.5439758981331188
2565,83421.1,0.4061,0.2084,0.4925,0,23238.2,1,0.6758357634338893
2566,57966.81,0.3488,0.1239,0.3146,1,25979.81,1,0.7060478409210923
2567,66674.77,0.4008,0.161,0.5428,0,15427.88,1,0.6740788403305547
2568,77898.48,0.5005,0.2221,0.4756,0,28623.32,1,0.7643426241657488
2569,25936.35,0.1029,0.2232,0.4954,0,31482.98,1,0.5677296693057224
2570,51773.68,0.2909,0.1988,0.2704,0,37273.96,1,0.4566908049594427
2571,84856.62,0.2024,0.0898,0.3135,0,28599.5,0,0.19606130841705643
2572,33642.76,0.3163,0.1888,0.2799,1,35242.83,1,0.7876884086988087
2573,72338.95,0.1684,0.0692,0.5758,0,11775.41,1,0.3321673983538472
2574,31085.45,0.3819,0.2198,0.2805,0,9842.51,1,0.6318100593575419
2575,76660.75,0.3553,0.0783,0.8124,0,12185.64,1,0.6873299093574164
2576,64108.96,0.2815,0.1758,0.4542,1,38850.6,1,0.7966590935182388
2577,24621.7,0.0328,0.1659,0.5201,0,27246.0,1,0.43124649500316314
2578,94118.48,0.1851,0.1976,0.8349,0,23212.61,1,0.7005514862033766
2579,46635.21,0.4904,0.1548,0.8559,0,35486.38,1,0.903339990207582
2580,44743.69,0.3165,0.0613,0.419,0,9963.12,1,0.39162555558518986
2581,70014.23,0.4168,0.1841,0.5679,0,5248.32,1,0.7289417708056667
2582,93715.93,0.039,0.1228,0.4901,0,17438.59,0,0.2121756097788416
2583,39604.45,0.0357,0.1109,0.3406,0,14955.77,0,0.2037927027593277
2584,66542.0,0.2017,0.2384,0.4327,0,17293.23,0,0.5354267767932324
2585,75720.41,0.288,0.1622,0.524,1,43942.77,1,0.8043104275033848
2586,82327.64,0.3173,0.185,0.3403,0,27709.83,0,0.4409612026481672
2587,69411.04,0.1742,0.15,0.4404,0,28564.48,0,0.3654740611833728
2588,55824.3,0.2178,0.1963,0.5716,0,31226.77,1,0.6174747492135069
2589,44310.24,0.0638,0.1929,0.6716,0,20909.02,1,0.5793340321805619
2590,67153.6,0.2521,0.1749,0.6885,1,44159.04,1,0.8790556680769016
2591,38196.52,0.0938,0.2396,0.632,0,43930.46,0,0.6622287294368163
2592,20000.0,0.3468,0.1374,0.3987,0,35769.81,1,0.5875830790064902
2593,75914.0,0.2155,0.1842,0.5622,1,13467.69,1,0.8040917683928304
2594,87598.37,0.3403,0.2016,0.223,1,40207.87,1,0.6844397205901054
2595,20000.0,0.1442,0.1214,0.4414,1,9036.8,1,0.7068248376151836
2596,39756.73,0.2424,0.1369,0.5556,0,30195.79,1,0.5695154549106931
2597,80478.86,0.1452,0.2341,0.2322,0,23288.61,1,0.2918552023634731
2598,116437.39,0.1191,0.0561,0.6632,0,6568.63,1,0.24700559837186134
2599,65519.84,0.1785,0.1137,0.3027,0,41156.28,1,0.23364826129214813
2600,46799.93,0.1201,0.1424,0.178,0,43443.71,1,0.19180599228774622
2601,60427.59,0.3625,0.0503,0.7422,0,41295.78,1,0.6359426571999993
2602,99371.91,0.2174,0.2208,0.408,2,12698.67,0,0.898479216813834
2603,48850.9,0.177,0.1044,0.3048,0,18319.28,0,0.25238601544548805
2604,45020.2,0.2324,0.099,0.8244,0,43229.32,1,0.6931205260440392
2605,52931.41,0.165,0.2059,0.4922,0,9256.96,1,0.5288166071221627
2606,41166.78,0.197,0.1028,0.5773,0,28332.19,1,0.485164353860978
2607,68066.76,0.317,0.1749,0.6992,0,24420.9,1,0.7315782881688108
2608,105616.96,0.2057,0.2061,0.7757,1,11075.95,1,0.8729326010610077
2609,73076.98,0.1948,0.2006,0.1504,1,40463.1,1,0.5324938343917185
2610,58691.16,0.3733,0.1986,0.6846,0,10366.18,1,0.8044148630758412
2611,57704.72,0.0855,0.0668,0.4116,0,28708.28,1,0.19533753775505075
2612,25920.23,0.1497,0.0652,0.2668,0,17727.24,1,0.2060736672882072
2613,87077.74,0.1751,0.1083,0.507,2,21719.25,1,0.8476832022788972
2614,63054.07,0.4567,0.0568,0.1773,0,13454.38,0,0.28626749617661035
2615,60488.0,0.2306,0.1451,0.5454,0,29986.76,0,0.5137639816763662
2616,144827.69,0.1873,0.125,0.6883,0,44547.1,1,0.3550410356128961
2617,72468.82,0.0644,0.1558,0.5647,0,38341.72,0,0.3664714358697749
2618,46205.22,0.137,0.1068,0.5453,1,32328.23,1,0.6982502237423359
2619,54341.06,0.3149,0.1423,0.3127,0,35255.25,1,0.4140229662890414
2620,93711.14,0.1129,0.1136,0.5134,1,38571.47,1,0.5565667753181984
2621,67831.76,0.2708,0.0871,0.7474,0,23901.88,1,0.6000047543081292
2622,29043.05,0.4295,0.1734,0.2277,1,27681.77,1,0.8183878106768228
2623,87980.72,0.1919,0.178,0.7711,0,40819.31,1,0.6449402516991092
2624,48296.4,0.1538,0.2076,0.4131,0,32837.89,1,0.46815721748026856
2625,111832.44,0.0602,0.2162,0.5307,1,10440.93,1,0.6440736245229339
2626,92001.2,0.2357,0.1838,0.3366,0,36181.43,1,0.34166546311235496
2627,53816.95,0.2808,0.1806,0.6189,0,5908.25,1,0.6863144923510296
2628,97025.41,0.0842,0.0608,0.7304,0,38901.08,1,0.30889019971582776
2629,66696.39,0.037,0.0709,0.7193,1,36531.97,1,0.6443457738721861
2630,86319.34,0.2382,0.2044,0.6447,0,38229.84,1,0.6340426764442474
2631,77118.32,0.1778,0.0943,0.3233,0,5943.7,0,0.20334763618033083
2632,43841.08,0.4059,0.1176,0.5334,1,43897.95,1,0.8696383888084098
2633,48911.25,0.0728,0.0776,0.6316,0,29565.28,1,0.35691989054916007
2634,90749.02,0.4202,0.0871,0.2745,0,37001.94,1,0.3097133828812549
2635,56630.62,0.2378,0.1973,0.5431,1,27662.36,1,0.8466003320530533
2636,54908.79,0.2156,0.0998,0.8982,0,18589.97,1,0.7112429089959572
2637,41121.94,0.3738,0.1353,0.9075,0,16845.93,1,0.8690106612801763
2638,75589.98,0.4006,0.0788,0.8627,0,7797.36,1,0.7566136998844265
2639,116563.12,0.1704,0.1788,0.7452,0,26700.6,1,0.539657231578246
2640,38311.68,0.2908,0.1884,0.4711,0,10743.57,1,0.63223827685106
2641,65605.49,0.2009,0.1187,0.7427,0,27700.7,1,0.5894054753227604
2642,100305.51,0.0855,0.1991,0.3556,0,29996.65,0,0.24357126686938263
2643,63008.97,0.2675,0.0956,0.4959,1,22683.23,1,0.7163188310744203
2644,76309.29,0.1891,0.1815,0.6929,0,11252.99,1,0.6150929570595255
2645,38440.16,0.1279,0.1887,0.6309,0,22308.3,1,0.612005582276916
2646,75707.68,0.1343,0.234,0.6554,0,40146.88,1,0.6218645878937624
2647,60321.39,0.3088,0.0941,0.5849,0,23321.91,1,0.5343480307384334
2648,89643.25,0.226,0.0678,0.4714,0,18709.18,0,0.2685938392301268
2649,94684.65,0.1677,0.1,0.3106,1,30190.56,0,0.41846704580910427
2650,129739.09,0.1728,0.0733,0.5165,1,29754.49,1,0.4603949455057792
2651,79490.83,0.0721,0.0822,0.4605,1,8624.66,1,0.45822349842412174
2652,73144.91,0.3623,0.1135,0.6784,0,14459.62,1,0.6560485498072514
2653,69859.61,0.2094,0.1287,0.2164,3,24776.19,0,0.9205759168063029
2654,56170.84,0.2563,0.2217,0.3853,0,19653.24,0,0.5451569180645477
2655,73462.1,0.248,0.0872,0.3305,1,17798.28,0,0.5391524405422866
2656,57614.96,0.4472,0.2346,0.69,1,22828.55,1,0.9610634845105354
2657,69211.52,0.233,0.2039,0.7713,1,16612.56,1,0.9133253857980141
2658,97939.94,0.1348,0.2175,0.4241,0,18898.87,1,0.35876493302024204
2659,39836.44,0.2361,0.2266,0.3166,1,35945.19,1,0.7896286768264453
2660,93496.96,0.033,0.1931,0.6166,0,25409.24,1,0.388828891653956
2661,97927.88,0.1705,0.1999,0.329,1,39914.24,1,0.5925234536868139
2662,62048.29,0.2945,0.1332,0.5042,0,42942.41,1,0.5161747282413326
2663,20000.0,0.1268,0.147,0.7207,0,41883.09,1,0.6562265521680075
2664,49804.45,0.4424,0.2272,0.3254,0,15148.44,0,0.6853703985156344
2665,97424.86,0.0917,0.1219,0.3096,0,23915.44,0,0.1486128500789985
2666,64428.3,0.3136,0.058,0.5544,1,26402.09,1,0.735890328020929
2667,40017.44,0.1591,0.1949,0.211,1,39087.63,1,0.6174832101462808
2668,52380.63,0.5003,0.1589,0.5454,0,27360.83,1,0.7740924771207983
2669,86015.5,0.2356,0.2048,0.3433,0,15108.62,1,0.3926149219878827
2670,78668.34,0.1032,0.0644,0.4837,0,26901.56,1,0.20830177844470935
2671,59026.7,0.3676,0.168,0.3083,1,6771.38,1,0.7701115736778651
2672,55829.39,0.2737,0.0971,0.5389,0,38365.49,1,0.4801704474259645
2673,55206.05,0.3442,0.2216,0.3695,1,27639.97,1,0.8474783494696884
2674,41939.75,0.3497,0.0709,0.7906,1,31068.69,1,0.9032520439384217
2675,105384.39,0.148,0.2102,0.2636,0,13037.57,0,0.23585745503931813
2676,56941.99,0.5445,0.0668,0.3301,0,27325.38,1,0.5094244147466224
2677,95428.96,0.4078,0.0548,0.7278,0,26225.48,1,0.591086290102427
2678,103032.9,0.3542,0.0947,0.2027,0,29785.24,0,0.20576295407567138
2679,89957.77,0.2065,0.1133,0.4461,0,38896.8,1,0.29792174752927486
2680,54209.49,0.0787,0.169,0.4006,0,35581.54,1,0.3180427477842485
2681,75093.25,0.0408,0.075,0.6301,0,26874.98,0,0.27179222036342926
2682,64395.11,0.0717,0.1331,0.5399,0,40736.12,1,0.33776386911655853
2683,42407.45,0.1413,0.0888,0.4674,1,19336.73,1,0.6267971626526554
2684,73108.98,0.1749,0.2125,0.4234,2,24702.03,1,0.9066151316116497
2685,35524.01,0.1529,0.0585,0.1681,0,30977.36,0,0.14226793580266214
2686,94691.98,0.3881,0.1176,0.4744,0,22630.67,1,0.4736632270562638
2687,53384.57,0.2985,0.17,0.1632,1,19456.73,1,0.6334213785374198
2688,70028.99,0.4475,0.2235,0.2373,0,9495.77,0,0.5716926924795032
2689,72082.2,0.1427,0.2149,0.2855,0,30435.98,0,0.31692040105206526
2690,58527.38,0.2894,0.2201,0.6002,0,12704.25,1,0.7253169233574401
2691,79667.35,0.4507,0.0619,0.456,2,10530.2,1,0.9122595303595923
2692,53127.41,0.4462,0.2098,0.3311,0,12286.12,1,0.6599617777000127
2693,86782.43,0.0159,0.1982,0.7754,0,32539.22,1,0.5251599999368618
2694,31350.51,0.1213,0.2215,0.126,1,10534.37,1,0.579941189037763
2695,68159.49,0.046,0.1092,0.4172,1,44049.44,1,0.47109908414466656
2696,113473.22,0.2418,0.2232,0.5805,0,35341.66,1,0.5533484718909644
2697,39991.72,0.2997,0.1265,0.7082,0,20709.39,1,0.7148703305020052
2698,48056.38,0.1568,0.1705,0.8195,0,28731.31,1,0.7237308153711057
2699,77847.7,0.3582,0.1306,0.7023,1,5305.07,1,0.8834020026830369
2700,69489.54,0.1811,0.1313,0.7701,2,38781.28,1,0.9488525952673378
2701,73765.75,0.1154,0.1539,0.4003,0,15848.46,1,0.2853509327211362
2702,77229.68,0.2164,0.1176,0.7048,0,7875.35,1,0.5436824169403517
2703,80868.04,0.052,0.2006,0.4836,0,35324.76,1,0.3448800132524959
2704,92742.5,0.302,0.1704,0.5833,1,18183.27,1,0.824541550343824
2705,75245.47,0.4717,0.1811,0.5667,0,27701.65,1,0.7538192171849756
2706,58968.56,0.3796,0.0939,0.5684,1,38761.26,1,0.8332063580601937
2707,81814.34,0.3184,0.2342,0.4906,0,36037.25,0,0.6430992847443052
2708,112497.05,0.3394,0.1754,0.4035,0,18473.47,0,0.42384326288194335
2709,61684.16,0.1945,0.0875,0.3109,1,39747.86,1,0.5026083141250249
2710,40636.77,0.3236,0.1926,0.3779,1,20554.0,1,0.8340502532011621
2711,92677.02,0.1504,0.083,0.6256,1,25000.95,1,0.6315918192235163
2712,61990.47,0.1791,0.062,0.5366,0,29498.35,0,0.32449122683910814
2713,20000.0,0.2987,0.1502,0.5173,1,7839.23,1,0.8693223016703794
2714,86185.54,0.1871,0.1552,0.3278,0,28886.55,1,0.26906799903190504
2715,51616.8,0.2208,0.0859,0.4113,0,28096.69,0,0.32613160222215437
2716,62736.67,0.1557,0.1162,0.5498,0,39939.78,0,0.39553722866284347
2717,73299.51,0.3748,0.2297,0.3387,0,19146.55,1,0.5884058509135349
2718,69762.49,0.2441,0.1042,0.7535,0,14687.55,1,0.6036642131076715
2719,82736.3,0.3848,0.0796,0.6298,0,24060.58,1,0.5627230628785321
2720,54112.84,0.0887,0.2386,0.2237,0,32493.27,1,0.30201358597960465
2721,77827.64,0.1401,0.1074,0.4759,0,27475.77,1,0.28318807990286915
2722,58511.33,0.236,0.1792,0.442,1,10528.27,1,0.7744039075658021
2723,83470.26,0.3295,0.094,0.3983,0,18915.67,1,0.3499026381576331
2724,80384.19,0.1891,0.1545,0.5926,0,7551.43,1,0.48066993260033447
2725,41614.03,0.4776,0.1234,0.4631,0,34573.05,1,0.678652583186225
2726,92149.55,0.0964,0.2327,0.546,1,40317.93,1,0.7464211203549732
2727,51600.91,0.237,0.1322,0.475,0,6826.92,1,0.46267255418785075
2728,85201.44,0.4313,0.161,0.2093,0,26017.1,1,0.394923745810257
2729,74182.18,0.4881,0.2295,0.8292,0,27639.2,1,0.9143378519560802
2730,110954.59,0.1827,0.238,0.7757,0,22553.12,1,0.6797835595214036
2731,59413.35,0.0608,0.0693,0.0836,0,25109.35,0,0.07067712340942221
2732,56267.08,0.2181,0.2085,0.3324,0,33414.27,0,0.444624605195237
2733,64514.51,0.0775,0.1226,0.1173,0,24349.03,1,0.10915795411266498
2734,57420.51,0.2062,0.163,0.4439,0,41786.09,1,0.445825878479786
2735,84998.55,0.2344,0.1213,0.6891,0,26634.95,0,0.5349469093483761
2736,24592.23,0.1286,0.1262,0.5967,0,7871.87,0,0.5165207744495957
2737,38657.94,0.2739,0.0802,0.5377,0,43132.99,1,0.49311456254218017
2738,38304.93,0.2861,0.1588,0.3923,0,10872.43,1,0.5176711327451634
2739,88757.69,0.2618,0.1539,0.5743,0,36378.4,0,0.5121131832921123
2740,107765.33,0.287,0.086,0.7036,0,26076.23,1,0.48163655218209533
2741,62388.77,0.207,0.1529,0.3046,1,34635.7,1,0.6141543613757516
2742,60779.46,0.2015,0.2349,0.2517,0,25537.2,1,0.39758432047547
2743,66751.3,0.1816,0.1857,0.7371,2,7358.81,1,0.960968422465398
2744,94046.96,0.2272,0.1414,0.4169,0,19997.04,0,0.3256220502197132
2745,41816.17,0.1026,0.2241,0.4881,0,29827.44,0,0.524691751292177
2746,70959.22,0.3018,0.1593,0.3694,2,30155.29,1,0.9035424139460473
2747,89379.94,0.2408,0.0757,0.2065,0,43921.78,1,0.147491918491437
2748,77527.35,0.1532,0.154,0.3541,0,29252.99,1,0.27614907676076167
2749,69739.54,0.1121,0.0844,0.6358,0,16457.57,1,0.3574662399525108
2750,90026.15,0.0582,0.1958,0.6582,0,6737.02,0,0.4573666432311261
2751,20000.0,0.1992,0.2338,0.3985,1,36536.61,1,0.8446479806340026
2752,81946.88,0.1759,0.1186,0.4262,0,40571.62,1,0.284395090786183
2753,48648.11,0.4283,0.1326,0.7558,0,29545.52,0,0.8190484412762322
2754,20000.0,0.1107,0.1301,0.4303,0,24295.08,1,0.38414615689002496
2755,77780.06,0.1463,0.1042,0.6433,1,39439.46,0,0.7042749485057889
2756,99341.46,0.047,0.2009,0.0829,0,14614.24,1,0.10491733979708866
2757,61563.79,0.2601,0.1674,0.4234,0,20949.28,0,0.4763976766228431
2758,88821.86,0.1512,0.0622,0.3697,0,25306.26,1,0.16229762705287065
2759,105306.96,0.2713,0.2094,0.6495,0,6974.9,1,0.6310645329912713
2760,97872.86,0.1974,0.0855,0.7559,0,32543.16,1,0.4640446555322396
2761,105999.11,0.3093,0.236,0.1417,1,12542.39,1,0.60904254337286
2762,83553.19,0.3533,0.1216,0.3466,0,18326.13,1,0.3737156365033202
2763,66885.84,0.1342,0.1671,0.7509,0,21579.71,0,0.6104205793561156
2764,24950.85,0.2336,0.0648,0.3333,0,30540.41,0,0.3073588877995008
2765,58848.44,0.131,0.1155,0.3109,0,7619.36,0,0.220767877080112
2766,43918.84,0.455,0.2024,0.7138,0,18634.47,1,0.8790215858459924
2767,119273.57,0.2672,0.1407,0.3946,1,15974.47,1,0.5858014325240181
2768,60602.85,0.13,0.2219,0.601,0,5060.78,1,0.5916974502981925
2769,68080.12,0.207,0.1593,0.7633,1,32666.14,1,0.8750311527371781
2770,78787.13,0.1584,0.2264,0.3353,0,14437.4,1,0.36910795921357914
2771,66090.06,0.4256,0.2367,0.3144,0,11657.53,1,0.6421036766990962
2772,107376.28,0.0717,0.1362,0.6016,1,36918.61,1,0.5934101173389966
2773,49433.77,0.2562,0.1574,0.6437,0,6567.93,0,0.6593455547671977
2774,69865.19,0.2964,0.2086,0.8524,1,41009.6,1,0.9468702779739128
2775,46438.24,0.3665,0.0921,0.621,0,32476.07,1,0.6439189806857925
2776,31999.44,0.0486,0.2137,0.5838,0,11869.85,1,0.5586725503505999
2777,49705.77,0.3549,0.1625,0.5573,0,19004.12,0,0.6852959881470132
2778,64074.08,0.2057,0.1878,0.5893,0,42999.33,1,0.5876818903168463
2779,54267.44,0.0692,0.0652,0.868,0,29753.78,1,0.5082992319279409
2780,47689.48,0.1476,0.1956,0.4739,0,29348.71,1,0.49336958451884055
2781,29842.06,0.2305,0.109,0.5288,1,31122.84,1,0.7871858759000917
2782,62922.36,0.2855,0.203,0.1679,1,23509.51,0,0.6548302889300243
2783,27381.99,0.2224,0.1467,0.5735,0,11692.14,0,0.6105157147036027
2784,84001.4,0.3035,0.1022,0.6055,0,11035.64,0,0.5019899727071968
2785,67060.99,0.258,0.231,0.8541,0,32492.43,1,0.8416230034760566
2786,28561.21,0.4373,0.1954,0.8099,2,40357.65,1,0.9920851122193349
2787,57269.77,0.2158,0.2373,0.5456,0,17008.44,0,0.655973089907766
2788,46196.09,0.4132,0.1192,0.5473,0,25136.14,1,0.6702095478724147
2789,72979.36,0.1097,0.1734,0.5816,0,44689.51,1,0.44737274785171066
2790,98511.26,0.1485,0.1662,0.6366,0,15286.45,0,0.4540543114927298
2791,20000.0,0.1534,0.1806,0.6375,0,20608.56,1,0.6677966110273854
2792,67875.65,0.4047,0.0573,0.7474,0,19540.86,0,0.6695259014121258
2793,60996.68,0.0782,0.1054,0.7822,0,6303.43,1,0.4972801659613196
2794,81783.5,0.2104,0.2228,0.7039,0,25380.68,1,0.6911399151523258
2795,70329.92,0.0066,0.1305,0.7102,0,13347.12,1,0.39259985728945324
2796,46200.77,0.2083,0.2325,0.3559,0,10143.9,0,0.5188519794616808
2797,57023.65,0.1381,0.0906,0.5312,1,33416.64,1,0.6419576115326808
2798,45099.35,0.0303,0.2395,0.5492,0,35630.42,1,0.5246711909609006
2799,91900.18,0.288,0.1825,0.2357,0,40555.66,0,0.3106170830390767
2800,65532.79,0.3291,0.1975,0.6623,0,42365.3,1,0.7507540140986745
2801,112529.77,0.2532,0.1254,0.4207,0,39762.64,0,0.2879408017780381
2802,63483.48,0.0683,0.2223,0.5586,0,9899.79,0,0.49434443288191277
2803,47289.83,0.3112,0.1536,0.3547,1,13945.15,0,0.7628602304644593
2804,27157.14,0.263,0.1794,0.9153,1,9899.01,1,0.9601867135965171
2805,20000.0,0.1528,0.068,0.8173,0,19140.98,1,0.6300676264862064
2806,25396.6,0.3852,0.17,0.3686,0,9962.87,0,0.6372396705709247
2807,71678.17,0.1482,0.217,0.8416,0,31131.09,0,0.7468820577806505
2808,77718.13,0.1577,0.0839,0.9329,0,33668.62,1,0.6154741277596939
2809,25470.23,0.2561,0.1902,0.3087,0,11383.75,1,0.505146592435948
2810,87375.96,0.2787,0.0548,0.3581,0,29863.04,0,0.22465280124868425
2811,52923.47,0.2249,0.226,0.5713,0,5919.58,1,0.6748586176194794
2812,68669.83,0.3713,0.2368,0.4554,0,22374.81,0,0.6935743014078833
2813,105305.52,0.0452,0.1173,0.8013,1,16413.56,1,0.6951402511405566
2814,87420.98,0.5363,0.0703,0.3888,0,44939.8,0,0.48112311541277425
2815,58286.73,0.5454,0.1751,0.5659,0,41911.38,1,0.8200543617112962
2816,42720.19,0.2903,0.0557,0.7318,1,10902.62,1,0.84710979888264
2817,20000.0,0.2675,0.1417,0.6628,0,41694.83,1,0.7205642979760666
2818,47021.17,0.1651,0.1016,0.6323,0,21751.59,1,0.48395547138168205
2819,59721.74,0.0982,0.1399,0.5424,0,28065.93,0,0.3833134987198341
2820,40320.51,0.3556,0.0535,0.0834,1,26350.58,0,0.4630863985758711
2821,61718.58,0.1231,0.0598,0.431,0,34046.26,0,0.21449997608062507
2822,66921.3,0.1095,0.053,0.2809,0,18398.27,0,0.1263446368936372
2823,59378.6,0.5295,0.1676,0.9068,0,7787.3,1,0.9246604181207633
2824,48749.94,0.0811,0.1564,0.1925,1,21705.08,1,0.44681633262454196
2825,69216.37,0.1216,0.0943,0.6952,0,26780.22,1,0.4288667825968555
2826,76048.52,0.2489,0.1729,0.4757,0,27196.56,1,0.48238203405770846
2827,37740.02,0.1823,0.218,0.2183,0,36703.91,0,0.3813689035530354
2828,100273.31,0.3559,0.1027,0.0967,0,6769.03,1,0.16665889662082092
2829,62535.3,0.1717,0.2081,0.4839,0,44523.77,1,0.5085825925723099
2830,65471.24,0.1435,0.1759,0.3227,0,44622.6,1,0.3017808376959425
2831,82705.36,0.0353,0.0564,0.3756,0,8960.67,1,0.11576945289502254
2832,70830.4,0.3144,0.1213,0.3327,0,18760.7,0,0.3578795818231498
2833,88828.42,0.4566,0.1465,0.5386,0,28612.43,1,0.6476168369822825
2834,72178.1,0.2869,0.189,0.6313,0,19933.03,1,0.6732557558590795
2835,49689.07,0.3594,0.1046,0.8262,2,24504.99,1,0.977763340729757
2836,74037.59,0.0335,0.2367,0.4181,0,18037.13,1,0.3504239217545976
2837,36406.84,0.2408,0.1801,0.3424,1,33485.33,1,0.7591999439307668
2838,67713.99,0.1393,0.1208,0.6866,1,19560.69,1,0.7669730931893634
2839,64169.25,0.4317,0.0684,0.234,0,22195.46,1,0.3195637692216092
2840,59797.08,0.645,0.0845,0.7555,0,28036.31,1,0.8685481258283098
2841,61786.56,0.0776,0.1426,0.5913,1,43768.05,1,0.7013283527163474
2842,20000.0,0.2252,0.144,0.2109,1,30672.18,1,0.6414165748861604
2843,51281.88,0.4098,0.1959,0.7752,0,8876.85,1,0.869850731284829
2844,67321.12,0.027,0.188,0.7545,1,17756.02,1,0.8091864505638459
2845,68996.41,0.0989,0.0882,0.5307,0,21788.58,0,0.27980120044547446
2846,39308.12,0.4399,0.163,0.5865,1,34606.95,1,0.927156230457412
2847,96642.7,0.4571,0.0539,0.5067,0,22875.02,0,0.4536798641154093
2848,43345.63,0.0616,0.1257,0.3424,1,31364.17,1,0.5126212075693407
2849,89236.43,0.2745,0.1952,0.6748,0,38579.79,0,0.6667112828144474
2850,75679.86,0.183,0.1259,0.7003,0,9173.5,0,0.526554356549818
2851,48844.32,0.1256,0.2088,0.5554,0,35629.58,1,0.5581153627901698
2852,109382.77,0.3425,0.2355,0.5696,0,34823.19,1,0.6628238113524337
2853,35159.08,0.0876,0.1654,0.6313,0,37788.5,1,0.5458076489036242
2854,87978.85,0.0775,0.0776,0.2648,0,43242.66,1,0.10460485686236118
2855,90014.56,0.2057,0.1221,0.8549,0,17383.92,0,0.6293758238316529
2856,48234.49,0.2674,0.0518,0.1496,0,22160.82,0,0.16820148233198626
2857,99811.63,0.4158,0.1645,0.775,0,15507.28,1,0.7754320511057522
2858,58748.84,0.1209,0.2061,0.2153,0,18084.23,1,0.26766894783505346
2859,72217.34,0.1272,0.1697,0.4804,0,18193.04,1,0.37920932743959535
2860,71508.05,0.1668,0.1994,0.4971,0,39791.0,0,0.4784353109866268
2861,61642.28,0.1579,0.202,0.5751,0,7515.93,1,0.5617080269104368
2862,85270.21,0.3067,0.2117,0.7148,0,13107.94,1,0.7487917884388673
2863,84837.22,0.2445,0.1007,0.1786,1,29422.33,1,0.40804676173104465
2864,21286.7,0.0677,0.2155,0.3971,0,35607.79,0,0.45393535937808394
2865,97608.51,0.2489,0.1743,0.6276,0,32895.08,0,0.5556275160282342
2866,23437.7,0.0815,0.105,0.0747,0,6863.03,1,0.12566731661248734
2867,90813.66,0.3426,0.2376,0.5854,0,23151.78,0,0.7156078505097174
2868,93167.63,0.0316,0.2305,0.5997,1,12378.94,1,0.7287656665470233
2869,37725.84,0.4237,0.1591,0.6369,0,44525.69,1,0.8003124692580079
2870,54729.64,0.0769,0.2102,0.397,0,44955.68,1,0.37468868778346465
2871,37357.38,0.2742,0.0997,0.8038,0,7035.94,1,0.7276778886478807
2872,59626.97,0.3082,0.129,0.5327,0,31708.97,1,0.5509007752638266
2873,57299.14,0.09,0.085,0.6504,0,37522.6,1,0.37849807693809423
2874,84491.51,0.3218,0.1488,0.8511,1,17991.19,1,0.9191152389626673
2875,97757.72,0.3103,0.1442,0.3767,1,32745.46,1,0.6642087222722491
2876,99892.1,0.1111,0.0904,0.3741,0,12506.74,1,0.15489430003747148
2877,50945.8,0.3905,0.1778,0.6927,0,10118.37,1,0.8087271640639153
2878,59769.45,0.1953,0.0724,0.6899,1,42012.07,1,0.7624703151025837
2879,22914.05,0.0541,0.0617,0.3477,0,30701.43,0,0.1922200662374428
2880,44853.25,0.1416,0.1231,0.2953,0,37677.89,1,0.2524733601229314
2881,89121.29,0.1733,0.1279,0.3626,0,26308.53,1,0.24090586728059502
2882,105389.57,0.103,0.1108,0.4331,1,11189.01,1,0.4492340428142756
2883,34141.28,0.062,0.099,0.5576,0,20066.21,1,0.358084135058196
2884,50188.39,0.1537,0.1144,0.7648,1,40266.28,1,0.8359008136568988
2885,64339.86,0.2841,0.081,0.1678,1,5624.26,0,0.4524453814281544
2886,72004.03,0.2997,0.1267,0.366,0,13287.11,1,0.3760324472443013
2887,44759.91,0.1077,0.2219,0.2909,0,15131.46,0,0.3617236377302638
2888,75601.53,0.0787,0.0926,0.3423,0,15519.83,0,0.15847233154591434
2889,53154.02,0.1598,0.18,0.2854,1,8943.47,1,0.6216671373074159
2890,64638.69,0.2129,0.0769,0.6365,0,38928.79,1,0.44808372549240894
2891,78657.11,0.0642,0.1172,0.6286,0,11380.56,1,0.34138199504266825
2892,65160.56,0.1694,0.111,0.2272,1,38186.98,1,0.4419245671192031
2893,54090.35,0.1935,0.228,0.3081,0,19202.47,1,0.43971303701637915
2894,62259.75,0.2293,0.1313,0.6291,1,23292.72,1,0.8119313116575257
2895,62790.93,0.1935,0.1812,0.6058,1,23514.03,1,0.8292137837977533
2896,55749.72,0.4828,0.1645,0.7599,1,33525.95,1,0.9576418539944471
2897,58530.1,0.3388,0.0768,0.5251,1,34251.99,1,0.769560566011506
2898,104966.18,0.5809,0.2285,0.1377,0,30627.52,1,0.5385026783150935
2899,79022.99,0.084,0.1157,0.2865,0,35950.74,0,0.1529935748637522
2900,57612.99,0.0564,0.0585,0.4082,0,5332.13,0,0.16943924398715024
2901,82423.86,0.2139,0.1071,0.6029,1,25192.42,0,0.7235627979511909
2902,56654.51,0.0968,0.1138,0.677,0,25961.01,1,0.45363284063431514
2903,94328.12,0.2664,0.0676,0.447,0,14573.59,0,0.27336269597895513
2904,74241.05,0.1455,0.1678,0.2679,0,27254.84,0,0.24061679016031368
2905,62317.45,0.0605,0.1159,0.4147,0,23686.29,0,0.22844988087792034
2906,76192.92,0.2893,0.1695,0.645,0,23884.49,1,0.6474000599923577
2907,25728.1,0.4957,0.0513,0.3617,0,9738.02,1,0.5398903015002989
2908,36830.81,0.1881,0.2366,0.7627,1,22410.5,1,0.9366007638625322
2909,35151.87,0.1857,0.0824,0.7004,0,35657.23,1,0.555380740295756
2910,68573.58,0.2663,0.1753,0.636,0,21399.6,1,0.6468990410379863
2911,108312.87,0.269,0.186,0.6165,0,24499.94,0,0.5586533312827057
2912,120782.5,0.4415,0.0826,0.5305,1,43700.82,1,0.7384561526956993
2913,80951.28,0.1948,0.0712,0.5377,0,39871.37,0,0.3111506216442984
2914,77521.11,0.4981,0.079,0.5872,0,42148.01,1,0.6417023520283583
2915,20000.0,0.3423,0.0969,0.4575,0,8107.06,1,0.5644579987789422
2916,51433.16,0.0789,0.082,0.7708,0,29743.23,0,0.473061654991907
2917,45305.41,0.1291,0.1781,0.3261,1,13936.47,1,0.6407527690571418
2918,49478.81,0.1332,0.13,0.3587,0,21169.75,0,0.28711476596889807
2919,60796.4,0.565,0.1522,0.5447,1,32190.01,1,0.9303908512729964
2920,53197.74,0.1473,0.059,0.6551,1,28156.6,1,0.7003245106260494
2921,20000.0,0.3721,0.2136,0.1056,0,25229.29,1,0.5001290781240597
2922,83697.76,0.083,0.0824,0.8629,0,37577.94,0,0.47390576149539915
2923,38181.42,0.2337,0.1184,0.4689,1,32303.95,1,0.7513967919033919
2924,70981.17,0.1639,0.0637,0.2358,0,37841.8,0,0.13632631612667467
2925,116852.07,0.4636,0.076,0.4156,0,42277.29,1,0.37557992351911407
2926,42015.39,0.0767,0.1765,0.5835,2,33478.83,1,0.9235809039618916
2927,20000.0,0.0894,0.1816,0.494,0,20815.82,1,0.49969476747544356
2928,57849.89,0.0893,0.1786,0.3558,1,13511.13,0,0.6006075283455896
2929,92523.99,0.1221,0.1549,0.9572,0,15836.61,1,0.6780578890556783
2930,113958.69,0.167,0.231,0.1893,0,20865.2,0,0.2155261823232814
2931,34261.26,0.2549,0.1464,0.6423,2,34603.64,1,0.9617036547723214
2932,77417.48,0.3052,0.1354,0.3654,0,6606.19,1,0.3815993892148466
2933,53367.24,0.1189,0.097,0.463,0,37571.26,0,0.2930796451933468
2934,62351.29,0.198,0.0688,0.4703,1,35325.4,1,0.6015254752715642
2935,131108.58,0.4651,0.1541,0.8391,1,24976.67,1,0.9245850534990346
2936,27425.74,0.4491,0.1098,0.6346,0,20986.67,1,0.776929319625159
2937,71343.49,0.0521,0.1496,0.7171,0,9507.88,1,0.46827792020969633
2938,76692.33,0.0695,0.0892,0.3866,0,16588.06,0,0.16897816725100817
2939,92144.66,0.0993,0.2093,0.2721,0,9385.12,1,0.2303532498437844
2940,67449.58,0.2569,0.2399,0.4932,0,37755.38,1,0.6332043235403826
2941,72701.26,0.182,0.1113,0.1222,0,25373.51,1,0.13601672555920163
2942,55208.79,0.1064,0.21,0.927,0,14871.47,1,0.7889163728389262
2943,71728.17,0.235,0.2159,0.4117,0,5723.57,1,0.4993549148629558
2944,56420.19,0.4566,0.2393,0.3326,0,25956.84,1,0.7049476112627069
2945,80539.3,0.0561,0.1151,0.3506,0,35083.48,0,0.16447490283819372
2946,55759.74,0.2054,0.1936,0.4577,0,35659.75,1,0.5110539790276776
2947,74427.51,0.1431,0.0935,0.1257,0,13577.05,0,0.10738939984056271
2948,64268.43,0.3621,0.1687,0.3647,0,44802.48,0,0.5192149951185344
2949,93151.26,0.0608,0.1839,0.8301,1,27751.2,1,0.8231599878292102
2950,63715.16,0.1586,0.1908,0.3945,0,18280.28,1,0.3935621206485486
2951,20674.19,0.377,0.0894,0.7515,0,20712.31,0,0.7841367252197136
2952,96548.04,0.1557,0.2113,0.0342,1,9977.47,0,0.3654395690926097
2953,42356.69,0.2293,0.13,0.4908,0,24734.23,1,0.4871701657866197
2954,48655.84,0.0574,0.0911,0.6195,0,35131.82,1,0.35588258567159875
2955,50108.47,0.1896,0.1531,0.5968,0,21376.4,1,0.5557854641006867
2956,99360.95,0.2418,0.214,0.7245,0,39674.11,1,0.6812886297503312
2957,20000.0,0.3059,0.2337,0.1762,0,24070.1,1,0.5293193784935445
2958,143443.71,0.083,0.1922,0.1409,0,41024.39,0,0.09042374648833004
2959,91401.42,0.2035,0.0511,0.6822,0,33128.15,0,0.37116829323575884
2960,70580.97,0.2582,0.0756,0.4844,0,7200.39,0,0.3539800920609107
2961,63627.65,0.2019,0.0645,0.2343,0,7680.7,0,0.16351315177286688
2962,72138.85,0.1482,0.0692,0.6028,1,37004.26,1,0.6376104045422962
2963,78028.06,0.092,0.1228,0.1518,0,19272.95,0,0.11271053595439501
2964,81130.39,0.2249,0.1143,0.3553,0,12569.8,0,0.270580700219378
2965,78890.11,0.259,0.0716,0.5721,0,39612.82,1,0.39638704703159966
2966,67239.52,0.3243,0.2176,0.4431,1,44332.27,1,0.8502515944671623
2967,60066.54,0.1065,0.1669,0.3837,0,37349.93,0,0.313187160209566
2968,61218.17,0.3243,0.2013,0.7376,0,34005.18,1,0.801770519510804
2969,60127.29,0.0594,0.1206,0.6263,0,5038.34,1,0.3824329045626248
2970,93344.25,0.0867,0.1279,0.4085,1,9238.96,1,0.47166688840017845
2971,79838.92,0.3351,0.1103,0.5223,1,31837.75,1,0.7681770995857258
2972,20000.0,0.1889,0.1333,0.4461,0,21382.58,0,0.4731156824000927
2973,81397.52,0.2982,0.166,0.6178,1,5779.01,1,0.8490267504586523
2974,69868.4,0.4326,0.1437,0.6536,0,34634.79,1,0.7426834309155089
2975,64532.28,0.3241,0.2092,0.416,0,21750.6,1,0.5912740444846033
2976,55287.04,0.114,0.221,0.099,0,31353.0,1,0.21786007198716792
2977,93102.82,0.2101,0.1392,0.6425,0,23733.43,0,0.4844262677110643
2978,88688.16,0.573,0.0956,0.5802,0,6059.91,0,0.6986344963534594
2979,45678.06,0.0997,0.2296,0.3162,0,30436.98,1,0.38390194842405806
2980,75176.31,0.3711,0.1897,0.2662,0,36523.44,0,0.45585243018162025
2981,40708.58,0.2078,0.1716,0.5422,0,11239.07,0,0.5814714559489412
2982,30509.55,0.5395,0.1916,0.2894,1,40643.29,1,0.9023326214903009
2983,49332.07,0.2088,0.0644,0.6225,1,12262.47,1,0.7399251288256382
2984,86559.84,0.1919,0.0628,0.7943,0,21913.47,1,0.4799562672716584
2985,88828.13,0.2478,0.0791,0.3876,0,26087.48,1,0.24780741587793592
2986,77827.14,0.395,0.078,0.447,0,17554.63,1,0.43339105053454535
2987,83127.39,0.1983,0.1299,0.8288,0,25018.29,1,0.6308757475575407
2988,77904.46,0.166,0.0799,0.7412,0,33734.26,0,0.46217282503650653
2989,48962.96,0.4006,0.2124,0.3154,0,33578.21,1,0.6224255775860993
2990,75798.06,0.1793,0.1598,0.7772,0,41891.31,1,0.6381743318927722
2991,85010.24,0.2904,0.12,0.7729,1,39483.64,0,0.8655144677739102
2992,83857.28,0.102,0.0632,0.4962,1,44404.22,0,0.4728497027400393
2993,94722.83,0.1303,0.1623,0.5639,0,28815.19,0,0.3827225375360265
2994,82707.6,0.3013,0.0721,0.6938,0,21020.59,1,0.5249153854184355
2995,73786.21,0.1139,0.1912,0.5856,0,14603.92,0,0.48200043492052536
2996,91753.76,0.0814,0.2025,0.5638,0,14758.77,0,0.4099354872137002
2997,64336.97,0.2504,0.1534,0.4867,2,11036.96,1,0.9207808167110112
2998,42953.13,0.5585,0.0784,0.5288,0,34066.68,1,0.7212731446136447
2999,60923.33,0.1372,0.1995,0.6516,0,31169.69,1,0.6012079959155276
3000,46377.43,0.2661,0.1085,0.6187,0,16691.77,1,0.5793923310058762
3001,48120.54,0.3062,0.0923,0.3599,0,40685.5,1,0.3779931179284872
3002,61387.03,0.132,0.1394,0.7179,2,27091.45,1,0.9370450972476143
3003,45189.5,0.0931,0.2253,0.3141,0,7760.76,1,0.37090948649866035
3004,57300.96,0.1283,0.1065,0.9094,0,7458.04,1,0.6533182570673137
3005,20000.0,0.1643,0.2221,0.7488,0,10727.48,1,0.7986039819165144
3006,70332.34,0.3143,0.0602,0.5613,0,13450.53,1,0.43980808302844077
3007,65030.14,0.0931,0.0659,0.2362,1,40497.49,0,0.3127380292543792
3008,44572.78,0.4345,0.1827,0.4578,0,36137.94,1,0.71815707321145
3009,81481.14,0.1875,0.0862,0.604,0,13068.97,1,0.37487946992193716
3010,88439.25,0.1976,0.1102,0.5566,0,14939.69,1,0.3690610910949875
3011,24811.0,0.2102,0.0759,0.2336,0,30471.52,0,0.24061410196744082
3012,45931.88,0.2167,0.1131,0.5337,0,39860.92,1,0.4735578859158098
3013,45771.44,0.2981,0.1033,0.6318,0,17669.16,1,0.6114903227041795
3014,41502.42,0.2161,0.1899,0.4119,0,26019.86,0,0.5123261907328732
3015,85736.87,0.3736,0.1834,0.1636,1,40615.1,1,0.6461046962210443
3016,60154.35,0.2556,0.2314,0.4618,0,35825.27,1,0.6114530763894981
3017,58387.13,0.1722,0.1876,0.6165,0,40660.38,1,0.5919925371268763
3018,20000.0,0.2221,0.182,0.7409,0,16122.95,1,0.7859283199797755
3019,80885.45,0.1425,0.1819,0.2945,0,32637.37,0,0.2602249385018528
3020,34018.54,0.2339,0.2178,0.7724,0,9560.5,1,0.8247244035900279
3021,66498.32,0.0962,0.1063,0.6085,0,29648.31,1,0.3641778857104716
3022,71934.42,0.2392,0.107,0.554,0,17161.02,1,0.4378317098618669
3023,99016.46,0.1555,0.1908,0.2345,0,33059.21,1,0.2125949424307548
3024,32279.49,0.2763,0.0935,0.3435,0,10674.98,1,0.37741235870826545
3025,20000.0,0.1386,0.2233,0.6554,0,31623.21,1,0.7281948176968127
3026,69596.24,0.3184,0.1516,0.6557,0,33340.77,1,0.6673466757152612
3027,110012.78,0.4801,0.107,0.5434,0,39286.25,1,0.560319006866325
3028,95973.66,0.248,0.1975,0.4308,0,32483.06,0,0.43764593506970045
3029,70241.49,0.2624,0.1093,0.413,0,25914.57,1,0.3564093862415601
3030,52709.1,0.1139,0.233,0.7128,1,36366.39,1,0.8884301891158577
3031,85178.06,0.2098,0.2368,0.5475,0,16377.33,1,0.5875319099034868
3032,40661.35,0.1533,0.1767,0.2895,0,32098.66,1,0.3400178335994544
3033,76908.94,0.2906,0.0716,0.7859,0,33981.11,1,0.6018290117545537
3034,77636.75,0.2027,0.1,0.4089,0,20701.65,0,0.2766922849652836
3035,91505.25,0.4481,0.1479,0.318,0,44558.66,1,0.4604474765984984
3036,133991.5,0.4369,0.2118,0.6828,0,19243.59,1,0.7308651105524162
3037,74810.4,0.2484,0.0851,0.5384,0,8379.65,0,0.3916828981343936
3038,52275.91,0.0187,0.0698,0.1951,0,17138.98,0,0.09135840879671187
3039,64360.64,0.2583,0.0642,0.0992,0,8977.49,1,0.13339423550794496
3040,20773.1,0.1974,0.1463,0.4811,1,18572.17,1,0.7967088153062543
3041,47632.17,0.1391,0.2181,0.4962,1,10114.92,1,0.8043199554583057
3042,54767.94,0.3819,0.058,0.4706,0,22581.39,1,0.4630096598634749
3043,51897.79,0.0584,0.0903,0.4798,1,36119.02,1,0.5417115472472358
3044,68808.87,0.2162,0.1817,0.894,0,7697.72,1,0.7857339872456792
3045,44439.5,0.201,0.2069,0.4431,0,27524.32,1,0.5446627776521198
3046,93025.77,0.0463,0.2034,0.4289,0,6753.1,1,0.2807018674164736
3047,65005.18,0.2656,0.1992,0.3834,1,40384.37,1,0.7725163799365923
3048,64767.49,0.192,0.0747,0.7553,1,41855.31,1,0.7914336476114506
3049,56802.63,0.3031,0.1255,0.3775,0,24694.31,0,0.4216396477531467
3050,68879.77,0.0569,0.2371,0.4767,0,35769.25,1,0.42896550431291236
3051,85627.46,0.2584,0.2379,0.5566,0,28716.44,1,0.6382016419199261
3052,43321.74,0.3257,0.1645,0.8427,0,18626.52,1,0.8421929556854699
3053,48547.09,0.3458,0.1848,0.8244,0,14805.63,1,0.8549655895396229
3054,57406.85,0.0428,0.2307,0.1483,0,35343.83,0,0.2076440199936612
3055,31353.23,0.1121,0.1355,0.7051,1,22199.21,1,0.8323661989807536
3056,44518.55,0.1517,0.076,0.2768,0,41809.54,1,0.19494333391659252
3057,53094.48,0.3271,0.1771,0.4683,1,44027.68,1,0.8452144492601742
3058,86859.73,0.2371,0.2324,0.3048,0,13415.71,0,0.4059467630696535
3059,71564.03,0.1651,0.1825,0.6194,0,27442.53,0,0.5480430216172172
3060,69839.75,0.4635,0.2026,0.3563,0,26477.37,0,0.6453960318063416
3061,86272.45,0.0731,0.1303,0.6852,1,39723.95,1,0.694694003315966
3062,61565.71,0.1608,0.0683,0.131,0,32639.4,0,0.11138277032074229
3063,74761.62,0.2858,0.0821,0.3876,0,29295.1,0,0.30756359568163816
3064,62419.46,0.268,0.2367,0.7068,0,32160.99,1,0.7876753010299834
3065,71634.06,0.2861,0.1437,0.2378,0,20578.3,0,0.29774816834362633
3066,50431.03,0.1863,0.0523,0.3859,0,43411.66,0,0.24064895846043288
3067,20000.0,0.2444,0.2315,0.5764,0,7305.03,1,0.7644406596224514
3068,61643.02,0.0469,0.1446,0.5415,0,6165.16,0,0.3413732307208461
3069,100568.7,0.1254,0.2089,0.7332,0,21623.59,0,0.5764736916007276
3070,88155.39,0.1436,0.1542,0.0758,0,11183.04,0,0.11832922209772097
3071,89134.94,0.2525,0.0693,0.6944,1,26792.01,1,0.7478647187011932
3072,95903.27,0.0966,0.167,0.674,0,5360.4,1,0.44392897052806474
3073,67216.44,0.3008,0.2395,0.6405,0,23387.32,1,0.7665879002463627
3074,69932.89,0.1723,0.0566,0.0828,1,16796.98,1,0.2494681358507972
3075,49558.7,0.2698,0.2099,0.4058,0,13094.41,1,0.5705748066921376
3076,57098.18,0.1242,0.0947,0.6282,0,22785.98,1,0.4075202166884911
3077,80394.28,0.1901,0.1248,0.4013,0,39181.96,1,0.2901737401955779
3078,95097.11,0.184,0.1208,0.5038,0,31215.79,1,0.32009211587217606
3079,61513.84,0.1728,0.2208,0.5084,0,11397.67,0,0.5529783185060525
3080,53745.27,0.4369,0.1459,0.445,0,24954.92,0,0.6383689246911197
3081,65013.2,0.2835,0.135,0.442,0,42266.84,1,0.4511925368606456
3082,80030.17,0.2121,0.2054,0.6057,0,22568.99,0,0.5970547596337924
3083,28903.63,0.217,0.0593,0.3211,0,23821.85,1,0.2710557014634667
3084,20000.0,0.167,0.0664,0.7015,0,42654.31,1,0.5492322908206628
3085,51236.58,0.3066,0.0541,0.4473,0,10432.33,1,0.3783817935801218
3086,34482.19,0.0857,0.1807,0.687,0,34401.66,1,0.6145591518617487
3087,52296.5,0.4144,0.1499,0.414,0,16966.46,1,0.6044759708252815
3088,61305.49,0.1329,0.2164,0.5845,0,39635.67,1,0.5706739474552875
3089,53668.79,0.1162,0.1447,0.4187,0,7174.5,0,0.3273030829695818
3090,101311.69,0.3571,0.0921,0.7163,1,44616.06,1,0.8294305298646533
3091,73168.62,0.0508,0.203,0.1861,0,35744.35,0,0.1788421193948179
3092,72511.86,0.465,0.1059,0.6021,0,16373.32,1,0.6760573808799721
3093,80555.18,0.1655,0.2278,0.6231,2,35434.24,0,0.9487143311734192
3094,36529.17,0.3737,0.0976,0.5732,0,41918.79,1,0.6449143264842434
3095,90977.79,0.2847,0.0819,0.8247,1,9516.7,1,0.8452293982759168
3096,63105.89,0.2316,0.1437,0.3056,0,41543.13,1,0.319247394634368
3097,81762.02,0.4021,0.0596,0.5542,0,19406.98,1,0.4867205595532939
3098,38203.57,0.163,0.0569,0.1785,1,5258.37,0,0.37449136377164455
3099,26156.03,0.3227,0.1442,0.3609,1,9496.84,1,0.7981901174537761
3100,85447.24,0.2653,0.0909,0.8757,0,40391.76,1,0.6584652228850362
3101,74410.24,0.214,0.0518,0.6619,1,44306.66,1,0.7036956309542366
3102,42448.71,0.158,0.1063,0.0579,0,40814.88,0,0.1316983877267091
3103,43258.42,0.0314,0.1407,0.7109,0,22661.47,1,0.49754585763071046
3104,93135.87,0.1966,0.1249,0.7551,2,43456.4,1,0.9343996814552015
3105,35264.7,0.3299,0.0757,0.2969,0,21274.01,0,0.3543340009113575
3106,106066.82,0.1838,0.1601,0.2085,0,9547.84,0,0.17342444377872993
3107,42484.48,0.2447,0.185,0.763,0,18637.66,1,0.7786031283767694
3108,80959.8,0.0973,0.1784,0.336,0,44936.85,0,0.24933622664522162
3109,56784.54,0.0393,0.1248,0.3968,0,30037.82,0,0.2242137204670358
3110,80079.69,0.1696,0.0761,0.5307,0,18599.95,0,0.2951690961180276
3111,51397.15,0.3264,0.1449,0.6975,0,29967.16,1,0.7300897155329017
3112,60930.18,0.2316,0.2192,0.647,0,22165.43,1,0.7065145749040231
3113,66022.98,0.1144,0.1391,0.3172,0,6981.94,0,0.22873033651571362
3114,39945.31,0.055,0.0872,0.8295,0,13045.11,0,0.5351579424503574
3115,83520.61,0.3824,0.0677,0.8227,1,5769.41,1,0.8842867501496467
3116,52169.66,0.2072,0.2293,0.4031,0,15191.69,0,0.5363389670484006
3117,59285.0,0.2339,0.1912,0.8013,0,34582.6,1,0.7719728561715661
3118,40141.27,0.3085,0.1095,0.234,0,12732.74,1,0.3301751980101445
3119,20000.0,0.0145,0.1061,0.8803,1,26122.26,1,0.8486938704631468
3120,60224.31,0.1557,0.2201,0.6528,0,33064.15,1,0.651871397061456
3121,125315.39,0.0884,0.0837,0.5656,1,26947.3,1,0.4498769870018943
3122,84615.11,0.0868,0.1517,0.3556,0,5614.82,0,0.21572512277035383
3123,64518.49,0.1581,0.1856,0.2235,0,19533.68,0,0.2623630232086977
3124,58427.73,0.2052,0.1253,0.8274,0,22665.22,1,0.682951314656015
3125,65561.65,0.3174,0.0576,0.7119,0,18710.13,1,0.5718590335775633
3126,78677.98,0.3267,0.0933,0.4149,0,26850.55,1,0.36964016479969297
3127,35479.68,0.1208,0.2213,0.4516,0,25526.15,1,0.5227236118353334
3128,92858.04,0.2624,0.1494,0.6587,2,12498.01,1,0.9401027388218796
3129,82884.53,0.1551,0.2049,0.4389,0,35078.96,0,0.4027874156293692
3130,82954.64,0.3352,0.1556,0.7662,1,11446.55,1,0.9058517536677885
3131,75961.89,0.3165,0.2293,0.5163,0,23358.61,1,0.6659534779184784
3132,65490.42,0.089,0.2227,0.2315,0,35252.09,1,0.26348525337990575
3133,81821.53,0.2338,0.1417,0.3418,1,32890.49,1,0.6039429110212985
3134,79795.35,0.091,0.1105,0.3872,2,22287.44,0,0.7499487824870589
3135,56148.98,0.2198,0.1643,0.5731,1,36556.82,1,0.821114379672057
3136,50659.96,0.6224,0.1782,0.6877,0,33550.32,0,0.9085119344620856
3137,67546.41,0.1326,0.1447,0.575,0,20381.44,1,0.42913113579810064
3138,103725.5,0.2214,0.2062,0.3228,1,40820.54,1,0.6293404689804463
3139,34022.32,0.2187,0.0848,0.4343,0,10678.38,0,0.37885702127238385
3140,28311.87,0.1541,0.1135,0.6538,0,19339.28,1,0.5563667461372184
3141,69119.02,0.303,0.1804,0.3782,0,32912.39,1,0.48277342642684506
3142,66272.19,0.5673,0.0969,0.5502,0,39919.1,1,0.7209213459692645
3143,69333.54,0.1744,0.1336,0.6908,1,17903.19,1,0.8030131399852332
3144,71098.83,0.154,0.2331,0.2668,0,27449.7,1,0.341625868846263
3145,59419.94,0.4231,0.1689,0.8865,1,5473.59,1,0.9644844649768679
3146,102246.59,0.2076,0.2303,0.3824,0,19833.71,1,0.4008440892839356
3147,24977.4,0.2438,0.1873,0.3322,0,18237.4,1,0.5091962098715137
3148,44287.57,0.078,0.1877,0.5412,0,38698.84,1,0.47846525776102644
3149,62418.63,0.1507,0.1625,0.5012,1,7959.07,1,0.7229073403147758
3150,23920.28,0.0525,0.077,0.5303,1,7484.58,0,0.6210590940012212
3151,60603.64,0.1508,0.1487,0.645,1,22708.08,1,0.7947223722805664
3152,106536.75,0.1435,0.098,0.4122,0,21295.56,0,0.1875495605773551
3153,65522.16,0.2193,0.2397,0.4469,0,11462.4,1,0.5676875061407259
3154,70767.52,0.3461,0.1007,0.3323,1,15533.77,1,0.6558100563185842
3155,33495.88,0.2755,0.0938,0.3559,0,43967.78,1,0.38390689602281025
3156,49590.96,0.0431,0.1685,0.6031,0,25527.3,1,0.45161760675126156
3157,55620.09,0.1114,0.1471,0.5659,1,8514.12,1,0.7284917393470227
3158,57057.12,0.1461,0.0541,0.5032,1,6989.87,0,0.569373146649758
3159,97041.09,0.1974,0.0746,0.6195,1,6677.51,1,0.644736871726437
3160,78942.28,0.0391,0.2041,0.7754,0,20560.76,1,0.575159343277001
3161,37213.55,0.3666,0.1419,0.8186,0,39624.69,1,0.8399437740166752
3162,71162.62,0.127,0.0777,0.6126,1,38316.66,1,0.6419783861715084
3163,77455.54,0.121,0.1384,0.5849,0,19715.46,1,0.39294819174178136
3164,93503.73,0.2368,0.0981,0.4176,0,35976.94,0,0.274324334651031
3165,104513.52,0.0547,0.0925,0.441,1,35089.94,1,0.3842971533728462
3166,39622.65,0.0695,0.232,0.2087,0,24319.82,1,0.29716963733946866
3167,44728.56,0.2215,0.1188,0.4707,0,21175.51,1,0.4394133569098512
3168,33560.55,0.2148,0.0588,0.1891,0,12221.94,0,0.18599858792054216
3169,59149.5,0.3431,0.2344,0.6048,0,16150.84,1,0.7816468705222593
3170,76658.96,0.0534,0.201,0.512,0,18547.82,1,0.3774979586831475
3171,89683.36,0.4158,0.0983,0.5339,1,37508.71,1,0.795906802308495
3172,63101.22,0.2049,0.1277,0.5336,0,27118.12,1,0.4451085412077735
3173,57003.81,0.1528,0.2138,0.547,0,13036.58,1,0.5649515441253232
3174,68793.95,0.1827,0.1179,0.8522,0,8833.1,1,0.6488412363019895
3175,44121.43,0.4591,0.1578,0.4944,0,24866.55,1,0.7281021483362564
3176,117238.47,0.2009,0.1516,0.1351,1,31652.66,0,0.3421851080972025
3177,24808.47,0.2781,0.1262,0.4288,0,37755.34,1,0.5186092643876639
3178,69618.51,0.0775,0.1715,0.2505,0,36892.59,0,0.19943283675491713
3179,115590.16,0.1457,0.1399,0.2884,0,37966.23,0,0.15834580282974609
3180,65170.0,0.3296,0.054,0.5322,1,22913.89,1,0.7267524517484716
3181,60249.02,0.1169,0.2047,0.4136,0,39626.3,1,0.40147030831519803
3182,56063.86,0.34,0.0715,0.3069,0,22784.33,0,0.3185260719793112
3183,60490.21,0.1658,0.1382,0.5656,1,11724.85,1,0.7468989311270258
3184,99321.21,0.4841,0.1602,0.5092,1,20895.14,1,0.8644798691777574
3185,20000.0,0.4559,0.184,0.3601,0,18601.0,1,0.7201293351971798
3186,103335.84,0.2958,0.1281,0.6919,0,20687.07,0,0.5608288821717017
3187,29401.07,0.0807,0.1898,0.4687,0,31344.77,1,0.4617789940019301
3188,58333.69,0.0389,0.075,0.475,0,31276.66,0,0.20841851533132671
3189,54268.89,0.0689,0.1742,0.7923,0,13996.06,0,0.6249774376903284
3190,79713.83,0.118,0.207,0.2793,1,17637.22,1,0.5601037757691046
3191,25046.89,0.3588,0.219,0.5932,1,28814.2,1,0.9413045634100606
3192,76554.32,0.1044,0.1601,0.3362,0,8365.14,1,0.23978836088167196
3193,115607.74,0.2583,0.1095,0.2271,0,32546.57,0,0.160719665177877
3194,30920.65,0.1655,0.081,0.503,0,12155.69,1,0.38603560849318447
3195,69742.65,0.2644,0.1157,0.3759,0,39028.45,1,0.3414280784930734
3196,48450.45,0.1938,0.1526,0.5902,0,21063.51,1,0.5575128297145897
3197,75647.18,0.1531,0.0873,0.766,0,13832.23,1,0.4880872555388948
3198,65478.69,0.0444,0.231,0.6207,0,31712.82,1,0.5322046610058182
3199,48962.83,0.1789,0.2205,0.357,0,27161.23,1,0.4657106175961582
3200,77196.81,0.2419,0.0563,0.4601,0,11877.43,1,0.2820217736310654
3201,110108.7,0.1774,0.1568,0.5782,0,38086.44,1,0.3911647817384624
3202,60227.41,0.081,0.2,0.4296,0,23131.56,0,0.3746916801022364
3203,82993.95,0.1375,0.0966,0.7192,0,11089.79,1,0.43338830355074515
3204,32668.18,0.4416,0.1495,0.2438,1,36847.28,1,0.8035536872010869
3205,41089.09,0.2296,0.1271,0.431,0,10337.38,1,0.4373417962213237
3206,76810.16,0.1871,0.0873,0.6417,1,43721.54,1,0.7133404052733018
3207,102102.9,0.0874,0.1668,0.3041,0,22672.39,0,0.17853147305748315
3208,73890.33,0.3122,0.2388,0.4972,0,34128.89,1,0.6670993316054384
3209,57173.55,0.3247,0.1194,0.731,0,23078.71,1,0.7051358519350629
3210,64982.29,0.3767,0.155,0.4177,1,12502.51,1,0.8107194980693235
3211,33739.81,0.2008,0.1123,0.196,0,35324.56,1,0.24017612654866335
3212,80112.88,0.5113,0.2166,0.6005,0,16574.28,1,0.8271558395262865
3213,87058.33,0.3181,0.2143,0.41,0,32296.71,1,0.5353438890516797
3214,53697.74,0.1492,0.084,0.7401,0,15294.91,1,0.5113690512581607
3215,53248.95,0.1123,0.221,0.4389,0,14644.33,1,0.46074002280267806
3216,71646.96,0.1663,0.0788,0.5917,0,23297.82,0,0.35805692513405557
3217,54082.01,0.1881,0.0681,0.8639,0,37649.57,0,0.6187595565285614
3218,63346.68,0.1268,0.1741,0.3591,0,29545.32,1,0.31566135557936803
3219,117493.04,0.371,0.1233,0.5464,1,7586.75,1,0.7557965289114652
3220,58824.36,0.114,0.1508,0.6818,0,34354.59,0,0.529665553303691
3221,56041.5,0.2357,0.174,0.7535,0,28190.84,1,0.7286253222447896
3222,48811.45,0.3408,0.06,0.4023,0,29942.62,1,0.3887443393556526
3223,83604.8,0.175,0.1057,0.5228,1,19143.13,1,0.6307390551322231
3224,60469.4,0.2185,0.1376,0.7665,0,27246.47,0,0.6638507643776825
3225,48765.67,0.3976,0.1007,0.2724,0,19875.55,1,0.40306285760527544
3226,98032.6,0.0495,0.0593,0.4545,0,8260.23,1,0.13548694264822023
3227,100490.08,0.1207,0.0665,0.9358,0,38777.21,1,0.5010136162067738
3228,49989.41,0.3603,0.2023,0.396,0,32121.07,0,0.6306362670336879
3229,20000.0,0.0275,0.2232,0.5742,1,31817.56,1,0.8256140282246213
3230,90187.84,0.3353,0.0789,0.5144,0,12747.15,1,0.4047775717049771
3231,47884.25,0.5591,0.0974,0.7844,1,31543.86,1,0.9574194199624759
3232,84765.64,0.0411,0.1739,0.5647,0,14281.22,0,0.3466657477418979
3233,20000.0,0.1102,0.2313,0.2552,0,32501.39,1,0.40832321774365143
3234,87314.93,0.386,0.1069,0.6203,0,18341.22,0,0.5897067713408873
3235,34720.7,0.1385,0.2125,0.8127,0,11300.55,1,0.7828150458141685
3236,83269.1,0.1626,0.1461,0.8542,0,41250.57,1,0.6438278972358797
3237,65356.83,0.2977,0.2317,0.6831,0,9186.01,1,0.7828910051993908
3238,41151.51,0.1959,0.0759,0.2775,0,35471.51,1,0.22812104628579855
3239,54824.09,0.1207,0.235,0.5954,0,9071.03,1,0.6133885103234907
3240,82157.96,0.1719,0.1338,0.4659,0,32388.79,0,0.3297604616455358
3241,67647.36,0.0678,0.2311,0.093,0,9415.42,0,0.1789751514099925
3242,79610.32,0.0386,0.1372,0.514,0,25352.98,0,0.26852038599031486
3243,114411.01,0.2282,0.1507,0.119,0,12519.83,1,0.13806396864936127
3244,25893.96,0.1552,0.2029,0.3898,1,39663.26,1,0.7751722542491739
3245,105430.31,0.0516,0.1873,0.6497,1,21059.38,0,0.6939844539882206
3246,67608.9,0.1186,0.1677,0.4332,1,5617.05,0,0.6460472892059015
3247,42530.4,0.096,0.1292,0.4351,0,30126.45,1,0.3236973914649268
3248,31742.16,0.3453,0.2006,0.1344,0,22805.57,0,0.44853728557855504
3249,60271.99,0.0701,0.2302,0.7029,1,39389.57,1,0.8565426622716175
3250,88041.25,0.3165,0.0519,0.5169,0,22325.77,1,0.35290926189451527
3251,61811.27,0.157,0.1617,0.5559,0,21445.62,0,0.4781131159274545
3252,102778.87,0.1924,0.2145,0.2266,1,23163.73,0,0.5429751417353835
3253,28720.61,0.2591,0.1741,0.2139,0,39394.16,1,0.39750453205496133
3254,64697.78,0.1444,0.2022,0.7665,0,28472.9,1,0.6884358307058269
3255,33690.16,0.4366,0.2201,0.3895,1,31774.5,1,0.9108818743699746
3256,74090.8,0.1578,0.1927,0.5439,1,33816.44,1,0.7705893591645973
3257,87172.18,0.2059,0.1862,0.4107,1,42500.62,1,0.687029750715914
3258,54480.96,0.0773,0.2333,0.3898,0,38500.82,0,0.4066118824498383
3259,20000.0,0.284,0.2141,0.3763,0,42091.37,1,0.6358043480930649
3260,69973.7,0.0481,0.2049,0.6918,0,18732.2,1,0.5391497882387818
3261,75918.46,0.1835,0.0664,0.7252,0,13593.6,1,0.4479562385501681
3262,75107.37,0.1562,0.0954,0.3728,0,13135.58,1,0.22134269030390866
3263,95894.55,0.1516,0.1558,0.6178,0,39312.04,1,0.4310241646807408
3264,38223.66,0.2593,0.1848,0.569,0,38223.65,1,0.6726529684630581
3265,82005.4,0.3518,0.1076,0.514,0,31016.46,1,0.48634594263874553
3266,94812.69,0.0112,0.0677,0.2559,1,7517.7,0,0.21299458695256296
3267,20535.31,0.23,0.1091,0.3145,0,17721.93,1,0.366016404813014
3268,72991.3,0.3016,0.1965,0.3075,0,34368.05,0,0.44149397677993474
3269,52395.5,0.0849,0.2167,0.2559,0,14942.75,0,0.2940128394862222
3270,62961.93,0.2119,0.2235,0.9149,0,29962.36,1,0.8437755526072964
3271,73691.91,0.1358,0.122,0.3581,0,26709.65,0,0.23307688745731103
3272,52819.29,0.3656,0.1208,0.257,0,15506.89,0,0.38509268628979665
3273,48107.3,0.138,0.1273,0.7589,0,42373.52,1,0.600509302189983
3274,65853.81,0.2459,0.1214,0.4146,0,15269.56,1,0.3719173187519555
3275,37818.85,0.2125,0.1766,0.2435,0,40791.65,1,0.36232661341270817
3276,37854.37,0.2518,0.1181,0.3613,0,26637.28,0,0.3954200786131079
3277,81984.33,0.2749,0.0539,0.5292,1,8673.12,0,0.645625094220707
3278,36280.15,0.2185,0.1334,0.5744,0,38344.99,1,0.5652786154395708
3279,81657.81,0.2539,0.0926,0.4874,0,36657.28,0,0.35371729122711876
3280,76564.78,0.3267,0.0555,0.2244,2,38238.98,1,0.7525718035617566
3281,21854.83,0.263,0.1395,0.8934,0,30525.94,1,0.8387530182451579
3282,48060.88,0.3569,0.0891,0.5368,0,33464.63,1,0.5613247638158053
3283,94852.74,0.0671,0.136,0.2205,0,41282.32,0,0.11830210526805932
3284,40470.86,0.2658,0.1028,0.7003,0,10107.93,1,0.646719856210136
3285,53389.89,0.1199,0.1647,0.4491,0,8321.51,0,0.38419436019089165
3286,76551.52,0.3276,0.2383,0.5798,1,10003.03,1,0.9038837486873147
3287,84584.76,0.0954,0.154,0.7354,0,39802.87,1,0.4985440478121008
3288,58711.53,0.387,0.1729,0.6882,0,27517.37,1,0.7867973492850919
3289,50062.25,0.2266,0.2247,0.3181,1,12042.61,1,0.7649125760477109
3290,100559.25,0.3956,0.1211,0.3434,1,10668.48,1,0.6705473905375707
3291,108472.49,0.4406,0.0816,0.4661,1,22816.94,1,0.7187327470905853
3292,89471.45,0.1906,0.1037,0.3214,0,37629.36,0,0.20070936370471681
3293,67132.95,0.1811,0.1265,0.5521,0,37207.07,1,0.4264804287219338
3294,44793.36,0.2559,0.1726,0.7142,1,39050.12,1,0.9075539628002635
3295,44238.89,0.2105,0.0509,0.7946,0,35757.79,1,0.5801967111093468
3296,78062.85,0.212,0.2121,0.7157,0,7464.79,0,0.6931616912628028
3297,75459.96,0.3325,0.0645,0.8191,1,33806.68,1,0.8691177796729611
3298,100039.96,0.3476,0.2211,0.637,0,25758.45,1,0.71295279599214
3299,81261.25,0.0788,0.2304,0.5206,0,34056.49,1,0.44356419684619963
3300,27422.99,0.3733,0.2381,0.6281,0,24371.31,1,0.8578768351579673
3301,91298.69,0.0226,0.2038,0.6566,0,24341.56,0,0.433378851670299
3302,40048.48,0.1279,0.077,0.7134,0,10045.39,1,0.4913991704034166
3303,55400.72,0.2527,0.1842,0.3294,0,41209.01,1,0.4362449985549524
3304,71255.01,0.0944,0.0886,0.444,0,19984.87,0,0.22028125487151995
3305,114891.69,0.238,0.2205,0.5241,0,28294.96,1,0.4961279296451854
3306,142747.96,0.3406,0.1102,0.7124,0,13286.25,0,0.49374114297888116
3307,80168.08,0.3765,0.1121,0.5732,0,19755.56,1,0.5690998692306248
3308,60420.08,0.2051,0.2244,0.6785,0,39823.1,1,0.7154283680706839
3309,78362.64,0.2267,0.0525,0.3061,1,13383.97,1,0.43029504451348394
3310,87191.39,0.4587,0.0869,0.6029,0,13244.22,1,0.6095145145832558
3311,56983.31,0.106,0.1302,0.4378,0,15419.96,1,0.304699545416955
3312,109880.28,0.2306,0.1831,0.6141,0,27986.44,1,0.5125273841373584
3313,70751.77,0.1381,0.173,0.6604,1,25827.53,1,0.805210266709038
3314,77443.58,0.2721,0.1772,0.5154,1,12012.88,1,0.8036333695997879
3315,81648.11,0.5482,0.2172,0.4987,0,32678.76,1,0.7958543649029645
3316,75539.67,0.1424,0.073,0.4973,0,41301.6,0,0.2578840913534801
3317,85973.51,0.2961,0.1492,0.6994,0,12953.16,0,0.6410132336060493
3318,49568.67,0.2565,0.1878,0.4265,0,31918.15,0,0.5386458415188471
3319,51042.46,0.1273,0.1709,0.5469,0,28455.38,0,0.484642861572279
3320,37496.14,0.4667,0.1352,0.4173,1,18157.56,1,0.872720079109273
3321,75987.53,0.2756,0.0533,0.2252,0,29713.22,1,0.17048459007750125
3322,84473.41,0.1565,0.0615,0.2964,1,13396.36,1,0.3603839998413209
3323,76444.32,0.2019,0.0726,0.5458,0,38358.19,1,0.3343391317160558
3324,106862.31,0.0802,0.1152,0.1842,0,5888.48,0,0.08838507511049702
3325,64860.1,0.3018,0.0724,0.6839,0,27682.52,0,0.5610378306319463
3326,81718.54,0.3043,0.131,0.504,1,17751.21,1,0.7582291633575597
3327,37707.48,0.2443,0.0839,0.5082,1,40254.43,1,0.7405232792345684
3328,55322.51,0.216,0.198,0.7896,0,24974.65,1,0.7682594269982224
3329,82388.44,0.3146,0.2156,0.6502,0,37099.52,1,0.7241693471726
3330,86227.55,0.4248,0.124,0.503,0,41952.81,0,0.5620986313110042
3331,57650.83,0.3661,0.1472,0.224,1,18373.98,1,0.6907743695642595
3332,63210.02,0.0473,0.2312,0.7077,0,40213.67,1,0.6098494238671073
3333,27053.16,0.0828,0.1517,0.6146,0,34051.16,1,0.5248106122709009
3334,56074.27,0.2121,0.2391,0.4315,0,9326.98,1,0.5704131128384347
3335,87259.58,0.2847,0.077,0.9387,0,9156.8,1,0.6950577158170433
3336,79380.13,0.28,0.2138,0.7368,1,37693.82,1,0.91563870817232
3337,77516.64,0.2335,0.1445,0.3271,0,23732.64,1,0.30676296766064226
3338,66244.34,0.1428,0.0543,0.3093,1,24806.01,1,0.38866617631599437
3339,65176.58,0.2116,0.2347,0.4262,1,40649.86,1,0.8014203242103224
3340,48491.97,0.2082,0.2334,0.5171,0,41152.13,1,0.6419541832376532
3341,82470.71,0.1473,0.1228,0.5665,0,9508.24,1,0.3659772627165912
3342,75524.32,0.0221,0.2313,0.7566,0,19945.93,1,0.5969114014340204
3343,77300.47,0.0915,0.0768,0.8024,0,40809.07,1,0.43911554335279435
3344,51849.13,0.2808,0.1792,0.5961,0,37794.17,1,0.6722858494282363
3345,20000.0,0.1701,0.0865,0.3012,0,33840.35,1,0.27664271208786206
3346,92428.82,0.1683,0.0969,0.4438,0,9078.69,1,0.24225452353925855
3347,53029.06,0.4452,0.1981,0.6735,1,29847.78,1,0.9501095971151479
3348,43430.61,0.2723,0.1217,0.6863,0,28274.06,1,0.6637787197942552
3349,82336.97,0.0913,0.0514,0.7232,0,11686.68,1,0.32703602722934966
3350,55199.68,0.063,0.1287,0.2928,0,35954.35,1,0.189954959688891
3351,91498.41,0.2927,0.0933,0.2547,0,17479.08,0,0.21291888289425842
3352,80425.15,0.1135,0.1798,0.5474,0,29825.03,0,0.4161616312530044
3353,82089.23,0.0597,0.0869,0.4985,0,19473.42,1,0.20869329535946876
3354,30851.11,0.2046,0.21,0.4852,0,8375.81,1,0.6184135166627462
3355,95298.6,0.1729,0.1007,0.3009,0,25991.8,0,0.16918344605822344
3356,71531.26,0.366,0.1247,0.6546,0,17265.73,0,0.6620077995457895
3357,55768.07,0.2627,0.1066,0.512,1,7852.52,1,0.7511246893599529
3358,68584.71,0.2342,0.1723,0.7621,0,12940.36,1,0.7060898799625854
3359,20594.12,0.0722,0.0692,0.4097,0,29754.23,1,0.25092971718131285
3360,75216.32,0.4324,0.1408,0.2464,0,9055.28,0,0.4161135216814915
3361,39265.71,0.3491,0.1135,0.4568,0,8498.65,0,0.5510597274333102
3362,31183.24,0.5509,0.218,0.4944,0,42760.86,1,0.8645985260685441
3363,26941.02,0.3449,0.0639,0.276,0,9300.94,0,0.3521611264091203
3364,92817.21,0.2023,0.2076,0.8263,0,20042.39,1,0.7241754717890363
3365,49268.42,0.1415,0.0819,0.6566,0,10336.44,0,0.4437324540297377
3366,103343.19,0.3131,0.0668,0.4984,1,42570.76,1,0.6270397433143859
3367,51604.96,0.3451,0.0884,0.3503,0,24246.46,1,0.390733923338999
3368,22316.05,0.0497,0.0695,0.3677,0,9444.77,1,0.20929656547853556
3369,37086.89,0.2014,0.149,0.1286,1,35752.66,0,0.5228173812057471
3370,95895.29,0.0472,0.2378,0.7145,0,36231.46,1,0.5482685495713684
3371,61102.55,0.2079,0.0565,0.5917,0,41047.98,1,0.3836078402545766
3372,51292.82,0.3606,0.1376,0.324,1,33226.22,1,0.7515915112957258
3373,69000.46,0.3408,0.1234,0.6901,0,7188.65,1,0.6703936347073682
3374,77544.57,0.0262,0.1145,0.6548,0,27012.46,0,0.32726139830973217
3375,92934.97,0.2499,0.1131,0.8254,0,20361.59,1,0.6247797467249429
3376,101212.48,0.0703,0.2201,0.6778,0,34943.24,0,0.4976587794839585
3377,56005.78,0.1042,0.0536,0.8531,0,28637.16,1,0.5052572993125639
3378,31848.81,0.2586,0.1972,0.8066,0,34008.02,1,0.8370290970462902
3379,54663.37,0.1915,0.0981,0.4652,0,12217.76,0,0.3525329169578212
3380,71507.01,0.092,0.1228,0.5812,0,22482.84,0,0.354133225110295
3381,40906.03,0.2389,0.1298,0.6973,0,22284.17,1,0.6615004852421645
3382,41071.23,0.245,0.1079,0.4355,0,44238.98,1,0.4237358809649468
3383,73594.7,0.0814,0.0678,0.4973,0,5764.41,1,0.2141516123688493
3384,63783.69,0.2565,0.0717,0.697,0,37641.72,1,0.5312043184382912
3385,65819.92,0.2359,0.1066,0.5694,0,8884.47,0,0.46129126444450125
3386,46037.62,0.3491,0.2061,0.2939,1,8215.12,1,0.8135449689699101
3387,59239.98,0.3891,0.0756,0.7919,0,18127.06,1,0.7308241079519008
3388,41894.17,0.2053,0.1911,0.2148,0,33030.68,1,0.34776510935545274
3389,87254.96,0.3102,0.1049,0.3859,2,32137.85,1,0.8583232148489698
3390,90881.23,0.2026,0.2179,0.6673,0,30115.23,1,0.6308414978400565
3391,20000.0,0.186,0.1314,0.822,0,35982.04,1,0.7490332621801324
3392,41762.23,0.3353,0.0826,0.7686,0,14295.12,0,0.7189571453967746
3393,27586.77,0.3509,0.2373,0.4325,0,30353.78,1,0.7446203730745606
3394,48749.4,0.2308,0.0836,0.4255,0,30521.5,1,0.34761631765132034
3395,62914.05,0.3666,0.1578,0.1365,0,31173.42,0,0.32980984885761677
3396,28758.87,0.2268,0.1582,0.6561,1,28778.15,1,0.8856321147554456
3397,41953.5,0.1013,0.1208,0.5995,0,13860.92,0,0.4423142063216496
3398,39901.07,0.2205,0.2308,0.5045,0,41571.96,1,0.658167190270159
3399,70181.68,0.178,0.2103,0.6343,0,44040.19,1,0.6196024420440753
3400,66733.61,0.2778,0.2077,0.4624,0,32567.47,1,0.578424369654201
3401,46956.56,0.1608,0.2351,0.2727,2,22763.19,1,0.8942453124157841
3402,69420.52,0.268,0.1369,0.3751,0,26487.63,0,0.3770901803101781
3403,51333.0,0.2137,0.0685,0.7956,0,9334.86,1,0.5954897257156662
3404,58208.62,0.2856,0.1954,0.2978,1,19535.84,1,0.7425522715532964
3405,106836.3,0.1947,0.1224,0.5698,0,44045.37,1,0.3538264193016258
3406,98511.53,0.0119,0.0862,0.3917,0,26908.89,0,0.11673151610937296
3407,32510.47,0.1901,0.1418,0.5362,0,27425.1,1,0.5311905472135673
3408,85743.31,0.1562,0.2259,0.7515,0,43159.19,1,0.6770925392039024
3409,85284.91,0.5579,0.0826,0.4522,0,40454.17,1,0.5779106310227441
3410,36293.42,0.4029,0.2113,0.5692,0,27748.66,1,0.810220652849197
3411,85469.44,0.1844,0.1295,0.5853,0,15759.63,1,0.4171232494904624
3412,103448.3,0.261,0.076,0.5539,0,9677.26,1,0.3356921197255328
3413,36936.38,0.105,0.2112,0.4903,0,39546.06,1,0.5191678152335195
3414,42062.43,0.1598,0.2342,0.3314,1,41803.66,1,0.7531101858345036
3415,90441.54,0.1989,0.1053,0.4086,0,24771.4,1,0.2562288659075801
3416,71787.38,0.5413,0.1077,0.6009,0,8781.94,1,0.7379500044921445
3417,78786.91,0.0884,0.1242,0.1067,2,29248.99,1,0.5685303364108809
3418,73514.73,0.3375,0.2047,0.3415,0,19698.46,1,0.5147399476357871
3419,74767.4,0.303,0.052,0.4441,0,11314.43,0,0.3178479119470855
3420,31838.2,0.1252,0.0926,0.2452,0,41765.74,0,0.20006902586173791
3421,91182.94,0.3981,0.1841,0.4313,1,14577.96,1,0.8200886227474395
3422,94239.75,0.3049,0.1271,0.3882,1,33446.46,1,0.6502086249783108
3423,59265.23,0.3186,0.1128,0.3757,0,22175.11,1,0.40790550047567525
3424,63913.08,0.2675,0.2157,0.7239,1,38116.83,1,0.9212413583324505
3425,26722.31,0.2879,0.2243,0.4307,1,33033.4,1,0.8808075062305936
3426,77856.37,0.1454,0.2301,0.7808,0,9926.4,0,0.7110460401639698
3427,79301.44,0.3394,0.1018,0.7558,0,22984.47,1,0.6625352661510948
3428,63445.22,0.3652,0.2234,0.3197,0,15391.54,1,0.5778254232664203
3429,93108.83,0.1516,0.19,0.5349,0,33543.38,0,0.42726670711656206
3430,56648.07,0.3271,0.0793,0.2787,1,26787.55,1,0.5973656666922162
3431,79115.15,0.1632,0.166,0.4285,1,18607.25,1,0.6523067221206189
3432,39508.39,0.2266,0.055,0.4099,1,18178.41,0,0.6112590763477457
3433,64411.2,0.1274,0.1846,0.6764,0,9579.48,1,0.5797140895665102
3434,60641.14,0.1197,0.1894,0.7352,0,13552.87,1,0.6348634422560043
3435,70632.7,0.176,0.2,0.5721,1,33538.65,1,0.8105612717864015
3436,55761.83,0.2207,0.0828,0.4704,1,29396.18,1,0.6579553708566357
3437,61713.19,0.1106,0.1694,0.6356,0,19223.84,1,0.5128006130773562
3438,85651.18,0.2742,0.084,0.7686,0,38444.62,0,0.5726938506840776
3439,54080.89,0.1006,0.2299,0.4014,0,24376.51,0,0.43240519060191007
3440,24835.57,0.2452,0.1783,0.6388,0,36777.37,0,0.7275663765381247
3441,108739.6,0.2913,0.0681,0.5834,0,36247.21,1,0.3594783066279594
3442,99536.35,0.1732,0.0855,0.4857,0,38919.96,1,0.2440232595490962
3443,32693.43,0.3785,0.1761,0.5313,0,38990.87,1,0.7384418585980137
3444,82242.7,0.2245,0.1406,0.1517,0,32162.5,0,0.18357948384767975
3445,52425.63,0.2244,0.1899,0.6264,0,34976.94,1,0.6620688352959392
3446,71587.18,0.307,0.1033,0.4866,2,36076.29,1,0.9054814284911347
3447,72355.6,0.2706,0.175,0.1583,0,11766.38,0,0.2741647687409662
3448,59139.8,0.2269,0.0836,0.3928,0,17009.79,0,0.299031821905489
3449,45405.86,0.068,0.1533,0.3592,0,9169.59,0,0.27764540966277473
3450,47736.47,0.2535,0.232,0.5093,0,12574.85,1,0.6737963359709721
3451,42095.2,0.0449,0.1694,0.1217,0,36131.49,0,0.1575470237393196
3452,44204.44,0.1291,0.0595,0.8294,0,42884.42,1,0.5476036712898851
3453,63320.54,0.0889,0.2379,0.7419,0,31945.42,1,0.6806384684254407
3454,47106.0,0.2662,0.0798,0.7806,0,40441.91,1,0.6570105999699826
3455,82051.3,0.1631,0.1864,0.5103,0,17719.07,1,0.43870767733841004
3456,102181.15,0.2426,0.1512,0.1628,1,38831.82,0,0.4344557850053719
3457,50498.67,0.0971,0.1059,0.3885,0,18551.44,1,0.24651871523566976
3458,70985.11,0.1378,0.0837,0.8233,0,40766.67,1,0.5258418526551607
3459,77492.13,0.0999,0.0838,0.3645,0,36921.83,1,0.16864531975957198
3460,76800.06,0.4637,0.2131,0.4343,0,44343.89,1,0.7017626978253524
3461,66898.88,0.1216,0.2159,0.5687,0,38090.91,1,0.5332336995258584
3462,83567.06,0.1314,0.1384,0.5367,0,20928.39,0,0.3514279866702969
3463,77056.22,0.3927,0.0697,0.7543,0,9403.19,0,0.6630170119614762
3464,34058.44,0.2549,0.218,0.8552,0,39970.92,1,0.8696274591644668
3465,86728.9,0.2715,0.1425,0.6377,0,27847.64,0,0.5585044743098861
3466,87182.27,0.1393,0.1334,0.6431,1,39325.66,1,0.719826775741545
3467,45917.85,0.2697,0.1274,0.4888,1,20485.16,0,0.78407716066306
3468,65948.45,0.1596,0.1194,0.2872,0,6157.97,0,0.21839527932864827
3469,82083.22,0.2654,0.1499,0.6401,0,7096.66,1,0.57803308472139
3470,59767.15,0.3217,0.1649,0.2887,0,31819.94,1,0.42489303498567754
3471,91824.45,0.1892,0.1386,0.3763,1,9578.5,1,0.5621401623921771
3472,124096.81,0.4265,0.2204,0.6055,0,34818.48,0,0.703103537820701
3473,45350.35,0.2947,0.1104,0.4742,0,21777.7,1,0.4947107653220608
3474,30473.88,0.1984,0.1599,0.8095,1,27524.32,1,0.9194800676046614
3475,72595.46,0.5336,0.107,0.3927,1,37048.54,1,0.8270213715953385
3476,83039.06,0.0604,0.1931,0.4933,1,15122.86,1,0.6454373645538561
3477,59228.34,0.1279,0.0694,0.4284,0,21516.1,0,0.2313995518086205
3478,101331.52,0.2853,0.0859,0.5916,0,34182.29,1,0.40549567979290874
3479,31534.86,0.2427,0.2022,0.4396,0,41737.11,0,0.6029484172556988
3480,82322.97,0.021,0.0848,0.8557,0,16611.99,1,0.4183061742426292
3481,49853.48,0.1962,0.1689,0.6248,0,29908.92,1,0.6100484007372992
3482,107984.45,0.3034,0.2343,0.1428,1,43048.56,1,0.597294353427007
3483,114812.88,0.2137,0.1493,0.6175,0,30954.09,1,0.43172585265743424
3484,45833.59,0.3955,0.0856,0.5018,0,40711.56,0,0.5682898196693263
3485,51261.07,0.1459,0.1109,0.2969,0,42589.19,0,0.23007732131458922
3486,86489.7,0.4433,0.2065,0.1543,0,42173.7,1,0.43268580486680536
3487,55321.73,0.1765,0.1168,0.228,1,35339.08,1,0.4825696098594907
3488,63864.72,0.3217,0.1875,0.0625,0,27083.82,0,0.2830909219788906
3489,65634.71,0.1461,0.1977,0.1901,0,8870.11,0,0.24644832333349004
3490,20000.0,0.5521,0.1452,0.3898,0,13908.25,1,0.7581173284937975
3491,64654.06,0.1548,0.1988,0.3602,0,15230.69,1,0.37421073952827316
3492,47756.81,0.3843,0.1102,0.7519,0,6330.38,1,0.7672400672007329
3493,52671.93,0.2123,0.1481,0.1912,0,9076.94,1,0.255239386634564
3494,101090.8,0.5154,0.1804,0.4733,0,16790.27,1,0.6728493958001943
3495,33587.33,0.1143,0.0819,0.5619,1,8629.64,1,0.6826042390278556
3496,85330.13,0.3073,0.102,0.4352,0,11781.4,1,0.36657477516695225
3497,58025.93,0.5044,0.1739,0.2844,0,7176.7,1,0.6085838989490062
3498,58006.0,0.229,0.1745,0.2596,0,21661.31,1,0.3402645018652305
3499,84759.3,0.2477,0.1437,0.4277,0,37853.09,1,0.3750599313752922
3500,73501.28,0.1858,0.2012,0.3955,0,37489.75,1,0.41243573532299
3501,79265.32,0.0291,0.1416,0.3609,0,41195.62,0,0.18187821160543022
3502,89204.62,0.0662,0.2175,0.2826,0,34823.98,0,0.22929384445994772
3503,56717.29,0.3406,0.1898,0.3309,0,14777.68,0,0.5251400653889234
3504,49694.08,0.1705,0.1098,0.4298,0,33095.6,1,0.33732341538133626
3505,37871.24,0.126,0.1251,0.2569,0,35152.88,0,0.23373490460651933
3506,44364.74,0.6667,0.1769,0.6435,0,26724.3,1,0.9144734615643798
3507,138727.36,0.0855,0.2199,0.3965,0,37280.42,0,0.22509968470606326
3508,96116.99,0.1627,0.084,0.6065,1,7850.63,1,0.6214730838993039
3509,31223.14,0.0184,0.1478,0.8401,1,28791.22,1,0.8552035845400162
3510,31938.55,0.0839,0.0726,0.4432,0,24195.74,0,0.26329880286769386
3511,77046.65,0.3198,0.1031,0.6159,1,37208.47,1,0.8061577100939108
3512,78681.62,0.1988,0.1803,0.5964,0,10118.42,1,0.5397803003807949
3513,78722.1,0.3038,0.0648,0.6083,0,13504.96,1,0.45532501518392837
3514,58626.11,0.4193,0.1758,0.4489,0,27347.68,1,0.660770867423148
3515,61863.64,0.1603,0.2212,0.4044,1,42888.21,1,0.7456173765582338
3516,73196.99,0.0783,0.2342,0.4766,0,8328.0,0,0.43339904805196106
3517,67147.33,0.2219,0.0912,0.1846,1,34735.08,1,0.4188503673663832
3518,20000.0,0.2557,0.1923,0.5339,0,13215.97,1,0.6942435692637399
3519,59255.01,0.2726,0.226,0.7094,1,9217.95,1,0.9272414017388554
3520,43714.84,0.574,0.0674,0.5615,0,20790.64,1,0.737784813538482
3521,69380.29,0.5473,0.1287,0.4189,0,28322.11,1,0.6520396829726632
3522,139631.48,0.2252,0.2247,0.2977,0,38080.72,1,0.26619167660577187
3523,74187.04,0.1651,0.0885,0.4878,0,30387.67,0,0.29173362863454294
3524,57161.76,0.1195,0.2274,0.376,0,24666.69,0,0.417999209507756
3525,88045.04,0.3813,0.1502,0.7687,0,16426.69,1,0.7520656205599356
3526,77067.2,0.1249,0.069,0.5899,0,16702.12,1,0.29690165206833885
3527,75502.36,0.3342,0.1355,0.455,0,35823.07,1,0.4841534394555427
3528,80171.26,0.2721,0.112,0.3809,0,9562.39,1,0.3233890071030233
3529,116413.59,0.1497,0.1036,0.1959,0,10858.95,0,0.09916194946714756
3530,36727.79,0.2407,0.1529,0.3802,0,33789.46,1,0.4596218092132507
3531,76840.8,0.2003,0.1419,0.2686,0,43441.68,1,0.24225196205247956
3532,41840.47,0.1502,0.1416,0.6604,0,9809.37,0,0.5716168516614017
3533,78887.82,0.125,0.0667,0.511,0,29377.04,1,0.24015879451305178
3534,42032.84,0.3049,0.2024,0.5705,0,14567.54,1,0.7261326306378911
3535,54565.83,0.1624,0.1415,0.404,0,6030.31,0,0.3484021026029914
3536,57622.75,0.1506,0.206,0.2576,0,38290.71,0,0.3213387772067084
3537,89395.42,0.1538,0.2067,0.3562,1,25344.18,1,0.6292938343107166
3538,87961.36,0.2243,0.1103,0.82,2,5955.6,1,0.9490365583427577
3539,33857.07,0.3925,0.0508,0.6664,0,40818.13,1,0.6648820943794386
3540,66373.35,0.1487,0.2231,0.6821,1,26427.41,1,0.8705067703229933
3541,47260.5,0.216,0.1945,0.2368,0,34482.7,0,0.3665576764739125
3542,33537.38,0.4112,0.0704,0.2514,0,21940.19,1,0.38614428452115507
3543,59574.57,0.1859,0.1833,0.4003,0,12395.33,1,0.4203815555550125
3544,57287.93,0.1207,0.0538,0.4333,0,23622.93,0,0.2148070787842884
3545,125667.91,0.194,0.0553,0.3206,0,16506.89,0,0.11437882527482512
3546,75824.0,0.293,0.1499,0.7073,0,16869.42,1,0.6676468930736305
3547,30559.56,0.1447,0.0682,0.583,0,30755.12,0,0.41033079599890543
3548,50880.65,0.209,0.2332,0.7271,0,8763.19,0,0.7766637210471248
3549,90534.58,0.3461,0.2198,0.1601,0,20880.58,1,0.36230421887652675
3550,117211.07,0.2777,0.1735,0.2803,0,26865.82,1,0.2695264497426919
3551,25350.42,0.0312,0.0621,0.5225,0,33394.3,1,0.2743450164332801
3552,20000.0,0.3561,0.1117,0.1983,0,30315.97,1,0.39288963586133757
3553,111774.13,0.1211,0.1206,0.4398,0,40449.86,0,0.20418953127805528
3554,74740.35,0.1299,0.1414,0.4104,0,44695.37,0,0.2841884483154693
3555,43292.68,0.2354,0.0821,0.2962,0,42496.94,1,0.2708382068053306
3556,78365.73,0.293,0.1597,0.8265,1,35566.09,1,0.9149101121739938
3557,20000.0,0.5339,0.1328,0.408,0,32440.61,1,0.741025549941375
3558,65084.39,0.0984,0.23,0.5341,0,6417.27,0,0.511353456896883
3559,73195.53,0.2643,0.2279,0.3563,1,26339.95,0,0.7756597510844957
3560,88106.75,0.3229,0.1574,0.4553,0,31548.68,0,0.4795754152572802
3561,39652.6,0.1853,0.1724,0.3913,1,21517.6,0,0.7345389882678626
3562,67142.18,0.4433,0.0762,0.855,0,20391.86,1,0.7914029816464242
3563,41864.38,0.521,0.0924,0.516,1,26701.06,1,0.8930086940078503
3564,71384.59,0.2692,0.2211,0.8211,1,41265.6,1,0.9396529575751441
3565,42616.34,0.0714,0.1828,0.7163,0,15437.13,0,0.6090471229749048
3566,54797.48,0.0686,0.086,0.5859,0,20962.19,1,0.3197773266713668
3567,40104.62,0.2477,0.1583,0.5139,0,31123.51,1,0.5751247647235459
3568,81278.41,0.2798,0.2276,0.1341,0,12440.29,0,0.31970332497977444
3569,86461.28,0.407,0.1156,0.8754,0,38396.14,1,0.7922101982568773
3570,59134.49,0.2316,0.0853,0.5897,0,31642.69,1,0.4547272029383288
3571,65955.95,0.1949,0.229,0.8275,2,19090.48,1,0.9790310715142903
3572,28785.21,0.2515,0.1376,0.314,0,33886.68,1,0.4105690561525104
3573,57508.08,0.2214,0.1293,0.4298,0,16173.86,0,0.39367368228058497
3574,63744.88,0.1601,0.1008,0.3091,0,35978.44,1,0.21347401872162344
3575,130519.83,0.497,0.2194,0.4023,0,7827.52,1,0.5971854393787421
3576,37200.82,0.2503,0.2107,0.5372,1,22070.08,1,0.8822779779625072
3577,101604.43,0.0726,0.1266,0.685,0,15465.55,0,0.353591578047505
3578,89921.47,0.2174,0.0558,0.642,0,37668.02,0,0.3634005859591389
3579,72015.91,0.362,0.1349,0.7912,0,35109.88,1,0.7623273229996658
3580,108965.51,0.2751,0.0844,0.4589,0,38674.46,1,0.281434083633957
3581,74302.64,0.1403,0.0771,0.2495,1,31062.52,1,0.3580316435639282
3582,74728.98,0.4965,0.1247,0.5324,0,36812.9,1,0.6747128696307473
3583,63671.98,0.3207,0.0688,0.6235,0,22551.53,0,0.5266533096047151
3584,95589.22,0.1027,0.2319,0.4934,0,32122.3,0,0.41194602580064127
3585,92411.73,0.0754,0.059,0.8482,0,6244.71,1,0.39619074683905586
3586,49358.07,0.1421,0.1263,0.3886,0,40228.98,0,0.30953571942951924
3587,32018.82,0.0282,0.0809,0.5014,0,32390.95,1,0.27041086905098644
3588,59925.48,0.4591,0.1809,0.4609,0,39643.86,1,0.7058866806163676
3589,44999.04,0.2035,0.065,0.6104,1,35834.35,1,0.7374275899483251
3590,63411.89,0.0806,0.1539,0.5881,1,16455.07,1,0.7137635337681844
3591,95935.95,0.2164,0.1969,0.6783,0,15915.21,1,0.6068528062386954
3592,53567.46,0.0714,0.2305,0.7631,1,36985.55,1,0.8864714015042708
3593,63929.42,0.3625,0.1827,0.5853,0,12388.37,0,0.7096101287682567
3594,66450.57,0.3025,0.0689,0.7905,1,9426.45,1,0.8587897088131167
3595,86210.77,0.313,0.0668,0.4873,0,5601.69,1,0.3546267823310715
3596,20000.0,0.2319,0.189,0.6463,0,16937.12,1,0.7456408052472814
3597,49832.49,0.2769,0.0909,0.5208,1,8970.6,0,0.7576142259274945
3598,70282.09,0.1807,0.135,0.6763,1,37067.46,1,0.7992406189939992
3599,95001.97,0.3296,0.2356,0.4798,0,24381.75,1,0.6168382363082413
3600,52702.44,0.3229,0.2058,0.7457,0,15100.61,1,0.8222313307601106
3601,20000.0,0.2373,0.2109,0.5886,1,29083.48,1,0.909059041457053
3602,80492.79,0.4175,0.2135,0.2689,0,7814.1,1,0.5277907720447093
3603,49115.94,0.3618,0.1677,0.1632,2,34044.85,1,0.8867617079407542
3604,35258.33,0.0954,0.1913,0.4288,0,25055.72,1,0.43156156236651055
3605,49391.37,0.0984,0.1182,0.6251,0,5259.05,1,0.43806606178278595
3606,60386.87,0.0744,0.2397,0.5926,0,17768.69,1,0.563862451560555
3607,49881.38,0.1278,0.1031,0.6594,1,35007.69,0,0.7532297845609157
3608,20000.0,0.2753,0.1621,0.6047,0,12524.61,0,0.7156150196872393
3609,87426.65,0.5535,0.1036,0.3614,0,43475.09,0,0.5301749957794873
3610,96871.88,0.2302,0.0713,0.5183,0,40865.17,1,0.29307058004904524
3611,81288.05,0.2508,0.1578,0.6501,1,36129.55,1,0.8322946390068439
3612,36557.86,0.3047,0.1171,0.246,0,8141.93,1,0.3550393741074894
3613,59962.71,0.281,0.1608,0.5253,0,19153.49,1,0.5712866507324159
3614,64836.97,0.1365,0.1561,0.1811,0,16927.89,0,0.1897276570143441
3615,79969.86,0.166,0.153,0.5935,1,10505.01,1,0.7469321877876722
3616,81708.51,0.2933,0.0734,0.4268,0,44984.76,1,0.3139983146997443
3617,46645.66,0.1718,0.1336,0.8178,0,10887.91,1,0.6860387391622568
3618,67049.89,0.179,0.2043,0.6899,0,17613.1,1,0.6600079978841337
3619,76432.01,0.1721,0.1099,0.6495,2,40205.66,1,0.9075452311697862
3620,101395.56,0.3174,0.1343,0.671,0,10775.41,1,0.5786302620160488
3621,82612.66,0.11,0.1438,0.716,1,23781.12,1,0.7659518796360895
3622,84726.42,0.1635,0.2139,0.451,1,44027.61,1,0.724644187724803
3623,67095.67,0.5141,0.1746,0.7548,1,14891.54,1,0.9598818662780033
3624,100261.48,0.3234,0.069,0.7959,0,33122.33,1,0.5800480972796122
3625,75244.07,0.1129,0.2144,0.8309,0,8201.59,1,0.7033921003047421
3626,43472.8,0.2557,0.2081,0.4968,0,29034.88,0,0.6400161487815746
3627,100084.25,0.121,0.1932,0.5948,0,18561.98,0,0.43568436275493766
3628,82447.58,0.5363,0.1386,0.6111,0,32982.58,0,0.7598007207346072
3629,53923.9,0.0981,0.1939,0.509,0,22315.6,0,0.4578879917800064
3630,53012.68,0.109,0.141,0.5405,0,16959.95,1,0.408857148423573
3631,72414.39,0.3019,0.19,0.3548,0,26840.32,1,0.4706539536163112
3632,76579.62,0.1439,0.2172,0.4752,0,10587.48,1,0.45659607207383723
3633,69932.31,0.4093,0.2192,0.6086,0,37577.28,1,0.7905478449823248
3634,72782.72,0.2652,0.1364,0.7092,1,35028.38,1,0.8567724923372991
3635,107498.93,0.3986,0.2133,0.6937,0,26798.73,0,0.7613349758820173
3636,91788.58,0.0974,0.0693,0.6443,0,19681.93,0,0.2831355597247199
3637,69765.89,0.0921,0.0693,0.7244,0,41609.05,1,0.38389418158174987
3638,88532.76,0.2396,0.1542,0.48,0,30378.34,0,0.4164597657615179
3639,39186.9,0.3246,0.1739,0.5293,0,16392.01,1,0.679710638840267
3640,74948.18,0.0487,0.0791,0.9444,0,37268.34,1,0.5241037951881533
3641,110232.66,0.319,0.1397,0.2937,0,30400.79,0,0.2776323458831223
3642,59548.85,0.2819,0.0679,0.6553,0,10080.5,1,0.5249417841881946
3643,43809.15,0.3009,0.1644,0.5816,0,9569.33,1,0.6739639510267936
3644,48697.78,0.1434,0.2125,0.1616,1,42524.2,1,0.5724563947810455
3645,37759.17,0.4169,0.1902,0.7411,0,16516.48,1,0.8709014045486226
3646,45380.95,0.0667,0.1219,0.7515,0,31539.3,1,0.5270433798244815
3647,55737.3,0.2576,0.2388,0.3823,1,6457.35,1,0.8239033423516884
3648,29860.82,0.3166,0.176,0.5394,0,27260.08,1,0.7027488469166004
3649,65390.46,0.1037,0.2049,0.452,1,14245.15,1,0.7061067765440671
3650,87556.93,0.046,0.1772,0.6917,0,10585.05,1,0.44843609671431267
3651,42306.1,0.4659,0.238,0.6889,1,35940.13,1,0.9690559671566121
3652,102982.1,0.341,0.2061,0.6085,0,37381.71,1,0.6601181691077403
3653,77769.8,0.3199,0.1487,0.2383,0,33608.49,1,0.31931027873847895
3654,90764.51,0.2003,0.1197,0.7206,1,5447.47,0,0.7854029867948465
3655,48554.14,0.2482,0.1796,0.7161,1,16396.37,1,0.9064902230080866
3656,86363.13,0.2246,0.1621,0.4873,0,19438.45,0,0.4265961767453362
3657,37701.65,0.3491,0.1696,0.7047,0,32634.01,1,0.8023522111659727
3658,87256.19,0.2204,0.1152,0.6403,0,35221.75,1,0.46660943443132447
3659,69295.98,0.1062,0.1315,0.3449,0,30114.2,0,0.2247295453526604
3660,78831.28,0.1008,0.156,0.4772,1,36563.53,1,0.6204369827077001
3661,35610.13,0.4096,0.2095,0.5077,0,22092.0,1,0.7808737112514218
3662,42623.25,0.0655,0.195,0.4729,2,26673.8,1,0.9008884107895287
3663,79930.71,0.3132,0.0725,0.7936,0,7570.01,1,0.6222169294835016
3664,41291.3,0.1481,0.0967,0.4066,0,22086.53,1,0.3016233837495534
3665,76580.16,0.0312,0.0551,0.5055,1,22305.32,1,0.41937433642307775
3666,30821.55,0.3184,0.0515,0.6144,0,29460.8,0,0.5679983879216252
3667,86204.36,0.2873,0.0926,0.688,1,20115.85,1,0.7989546690103503
3668,34186.92,0.2054,0.2019,0.1664,1,14538.2,1,0.6478613293692469
3669,78807.5,0.1502,0.2219,0.6613,1,14503.85,1,0.8473617531842701
3670,80640.77,0.4544,0.1244,0.7779,1,10354.92,1,0.928344894471798
3671,47580.7,0.2282,0.157,0.2984,2,33040.91,1,0.8748065218187296
3672,79550.66,0.1791,0.1841,0.2239,0,29902.74,1,0.24774619769757125
3673,71511.06,0.0899,0.2311,0.3204,1,28170.0,1,0.6250493633424579
3674,51528.95,0.0955,0.2235,0.4083,0,26240.79,0,0.42891362251215037
3675,39786.13,0.3217,0.0609,0.4402,1,19701.5,1,0.7195965616963236
3676,20000.0,0.177,0.0972,0.611,1,35748.67,1,0.8011968644787546
3677,73741.25,0.0091,0.0593,0.5002,0,41880.97,1,0.16545302070654805
3678,25879.93,0.1363,0.1671,0.7789,0,22599.57,1,0.7207031659232698
3679,67383.6,0.3606,0.185,0.7439,0,21363.54,1,0.7997444299743375
3680,58413.79,0.2981,0.1086,0.6239,1,11509.1,1,0.8304273370524516
3681,81978.57,0.1527,0.2122,0.4107,0,31828.35,0,0.3923909753776258
3682,57448.86,0.5227,0.136,0.252,1,27323.69,1,0.803183744144561
3683,56763.81,0.0858,0.2397,0.4024,0,44519.92,0,0.4292471336824905
3684,83296.77,0.0727,0.0501,0.2565,0,28372.93,0,0.08872205485064572
3685,73376.45,0.0658,0.0708,0.8828,0,16544.43,1,0.4799297408735346
3686,72903.9,0.1228,0.1073,0.8233,1,27517.63,1,0.8076275882513594
3687,76731.69,0.3007,0.0548,0.528,0,44387.81,0,0.37766786960016063
3688,26610.7,0.1476,0.1986,0.3182,0,33933.41,1,0.4235410796086518
3689,83919.72,0.1917,0.06,0.7993,1,10143.09,1,0.7669651452129327
3690,80311.72,0.0452,0.1923,0.485,0,18726.5,1,0.32910881860883656
3691,39582.92,0.4089,0.06,0.7492,0,16947.4,1,0.7352449071848235
3692,58897.99,0.3668,0.098,0.3263,0,39272.95,1,0.38966183302257834
3693,64017.32,0.1814,0.2098,0.6792,1,29446.51,1,0.8757084900769811
3694,61637.58,0.1805,0.2307,0.6867,0,37404.08,1,0.7082566585591865
3695,73346.5,0.2147,0.1288,0.3874,0,12049.84,1,0.32021970759332075
3696,100784.17,0.2463,0.2343,0.6512,0,41321.4,1,0.6590104331040634
3697,92044.17,0.2303,0.1691,0.7371,0,7332.44,1,0.6295885174529074
3698,32194.52,0.2455,0.129,0.4256,0,19993.49,0,0.4723047714163008
3699,80551.75,0.1896,0.2025,0.4523,0,5565.96,1,0.446506561674639
3700,98223.33,0.0963,0.1061,0.7241,2,12371.18,1,0.8814938392878289
3701,74670.21,0.2477,0.1005,0.2953,0,43489.03,1,0.24398430237681154
3702,92274.51,0.1616,0.1747,0.6218,1,8139.81,1,0.7653997215249801
3703,115306.76,0.2228,0.1242,0.2153,0,10816.26,0,0.15149216669052076
3704,90592.74,0.0651,0.0758,0.3618,0,41993.96,0,0.1284448120238497
3705,71232.71,0.1692,0.0627,0.6118,0,33406.98,0,0.3519216850058154
3706,91127.21,0.1233,0.1997,0.4466,0,21278.58,0,0.35381269638980434
3707,68622.2,0.2997,0.1784,0.6425,1,7750.63,1,0.8828932553631581
3708,65597.58,0.2332,0.1282,0.4064,0,36401.56,1,0.3657895115481462
3709,56214.64,0.1333,0.2203,0.677,0,24709.06,1,0.6599375095834928
3710,104085.33,0.1455,0.1281,0.2579,0,17920.67,1,0.14969050223828398
3711,44539.28,0.2685,0.185,0.3601,0,19430.02,1,0.503433688286651
3712,103309.19,0.2587,0.2227,0.8625,0,25211.1,1,0.7844288417982667
3713,77496.6,0.2096,0.2097,0.4625,0,27049.31,0,0.492676176310032
3714,30017.35,0.282,0.1471,0.4994,1,37723.95,0,0.8397135260660472
3715,74191.23,0.3785,0.1793,0.6899,1,35868.15,1,0.918342681014999
3716,20000.0,0.1225,0.1286,0.4094,0,35682.35,0,0.3761189213497635
3717,80637.7,0.059,0.173,0.6851,0,34171.92,1,0.46493270538178794
3718,87130.79,0.2941,0.0989,0.4924,0,35311.48,1,0.3898356501292686
3719,50191.1,0.1424,0.1326,0.3955,0,32104.06,1,0.3219341320945231
3720,68088.69,0.2856,0.0898,0.4862,2,39720.94,1,0.8931051765571664
3721,113853.94,0.3103,0.0573,0.8062,1,27298.17,1,0.7934935184584604
3722,52356.33,0.2472,0.1618,0.1575,0,25833.77,0,0.2776237779610204
3723,38527.31,0.1369,0.2142,0.3823,0,33051.84,1,0.4621410683930983
3724,102041.59,0.0237,0.0549,0.7121,0,11640.24,1,0.23528952885251547
3725,114064.68,0.0829,0.0872,0.6913,0,36078.07,1,0.2833276593218166
3726,65092.39,0.1023,0.1374,0.3972,0,42446.23,0,0.26850218465242304
3727,90286.58,0.2676,0.1765,0.9194,0,16850.4,1,0.7908043951922857
3728,98536.9,0.4194,0.0825,0.727,0,29441.8,0,0.6371722110776954
3729,46437.89,0.1057,0.0608,0.8235,0,6304.9,1,0.5178411301222694
3730,52867.35,0.2357,0.1486,0.5152,0,35632.91,1,0.5183162054522727
3731,95771.86,0.1705,0.2056,0.5571,0,27386.73,0,0.4819115295990501
3732,107125.36,0.1168,0.0567,0.0969,0,31946.17,0,0.053491644127820114
3733,79072.02,0.3169,0.1164,0.2666,0,10719.71,0,0.2883208496816694
3734,43004.64,0.3682,0.1761,0.4575,0,37378.19,1,0.6589289880678857
3735,114676.53,0.2426,0.0748,0.5725,0,15237.45,1,0.3083102038170101
3736,51725.73,0.2985,0.0948,0.2715,0,32391.69,1,0.30295156436676834
3737,56621.56,0.2379,0.1517,0.244,1,28725.67,1,0.6060785720485111
3738,73558.45,0.2025,0.2311,0.3265,0,31151.66,1,0.4211574660071337
3739,103854.01,0.3946,0.1046,0.4437,0,7009.49,0,0.41167318221834565
3740,86349.4,0.0913,0.1426,0.6819,0,34674.02,1,0.428381737731105
3741,75371.64,0.0967,0.126,0.7614,1,36809.99,1,0.7748782817719072
3742,76582.21,0.0235,0.2205,0.1165,0,23992.63,0,0.14559447640877873
3743,66087.87,0.2657,0.0637,0.2435,0,21354.44,0,0.19880673850955258
3744,78953.49,0.2969,0.1576,0.8611,0,18701.79,1,0.7744924029333694
3745,20000.0,0.2185,0.2108,0.5603,1,42115.28,1,0.8946592908469302
3746,57584.81,0.2565,0.2377,0.7677,0,35202.73,1,0.8205790882935351
3747,71033.05,0.12,0.1828,0.6705,0,32944.75,1,0.549399409912291
3748,36224.65,0.1596,0.1222,0.6227,0,42024.26,1,0.5315476827730504
3749,74658.08,0.1778,0.1282,0.3354,0,18950.77,0,0.25416323301964533
3750,59888.22,0.097,0.1168,0.3983,0,30205.52,0,0.24885288749450798
3751,108886.89,0.1003,0.1647,0.5378,0,32442.27,1,0.31066104279354206
3752,104325.49,0.2375,0.1905,0.4148,0,44849.1,0,0.38461474600963563
3753,53354.86,0.1119,0.2057,0.4573,0,22087.44,1,0.44973277125326133
3754,61229.06,0.2829,0.1292,0.1234,1,21007.24,1,0.502784050673456
3755,63151.31,0.3953,0.1862,0.3926,0,8379.52,1,0.603223190171771
3756,53708.51,0.1738,0.2241,0.2934,0,8938.1,1,0.4047055974146962
3757,69875.62,0.2161,0.225,0.2102,0,25471.96,0,0.3427956969485807
3758,46042.95,0.0641,0.1838,0.4019,1,11847.28,0,0.6488382456943679
3759,36734.62,0.0894,0.171,0.4213,0,7917.23,1,0.3842009945600738
3760,80567.78,0.0706,0.151,0.3133,1,43595.72,1,0.44884561433471126
3761,80738.24,0.2345,0.0848,0.1962,1,43056.7,1,0.3970369620097328
3762,44892.11,0.3033,0.0735,0.6865,0,18011.07,1,0.6133591605922665
3763,87383.89,0.1156,0.1423,0.5705,0,36594.78,0,0.36058228572674494
3764,49210.56,0.3569,0.0803,0.638,1,39901.96,0,0.8526162873682788
3765,71329.13,0.3965,0.1596,0.3647,0,23589.88,1,0.5189332133129545
3766,85508.6,0.191,0.1727,0.6171,0,13947.88,1,0.5201573347723063
3767,64159.69,0.2323,0.1499,0.7418,0,10192.19,1,0.6676007230869936
3768,76368.52,0.2,0.0569,0.602,0,10632.89,1,0.350611168560385
3769,52089.26,0.2218,0.061,0.5216,0,36877.33,0,0.36982422100096174
3770,60088.34,0.0311,0.0715,0.6689,0,20376.63,0,0.31598124643060765
3771,59853.51,0.1886,0.0792,0.5811,0,32740.31,0,0.3971063956189866
3772,46335.54,0.0148,0.2381,0.467,0,26547.74,1,0.43827176607013996
3773,60580.65,0.3444,0.1155,0.2991,0,20786.74,0,0.37265830406828765
3774,26284.54,0.3375,0.1055,0.3643,0,9952.63,0,0.48343300215041396
3775,52721.16,0.1745,0.0599,0.0856,0,18337.96,1,0.10497182017780317
3776,57878.11,0.4244,0.1707,0.9353,0,38606.96,1,0.9041004145570479
3777,58595.51,0.4805,0.1739,0.324,0,37455.92,1,0.616731645403059
3778,58962.56,0.1641,0.0833,0.6085,0,6134.74,0,0.40524427390508583
3779,63455.9,0.3145,0.2247,0.6122,1,10611.06,1,0.9117378893604632
3780,76986.04,0.4075,0.2021,0.8022,0,35236.05,1,0.8544137804328799
3781,86862.93,0.14,0.0938,0.2221,1,18429.32,1,0.3350023129026432
3782,48755.87,0.0647,0.1423,0.3518,0,30743.64,0,0.2500324777661934
3783,34919.98,0.2344,0.1371,0.4706,1,27507.03,1,0.7808199701817233
3784,38948.89,0.2447,0.1162,0.4074,1,31082.69,0,0.7159830545945394
3785,52819.93,0.2426,0.2054,0.26,1,7147.86,1,0.7098970891996182
3786,56201.97,0.1469,0.0708,0.5567,1,42244.77,1,0.6401510243578039
3787,45750.1,0.1649,0.1289,0.7547,0,5838.78,1,0.628978385473275
3788,32597.08,0.0403,0.1313,0.1927,1,5321.3,0,0.40744590330688746
3789,53596.98,0.2187,0.1391,0.7318,0,14046.12,1,0.6559272269886246
3790,69535.67,0.4304,0.2137,0.673,0,44739.84,1,0.8297662136396771
3791,79875.74,0.2915,0.0915,0.4505,0,7901.3,1,0.36061579196493226
3792,51064.42,0.0571,0.0696,0.7425,0,39980.01,1,0.4108997393731414
3793,54675.05,0.1242,0.1674,0.4614,1,11363.56,1,0.6981642165662857
3794,41832.54,0.144,0.083,0.7235,0,9364.13,1,0.5202526550237202
3795,64214.02,0.3497,0.0642,0.2746,0,36158.82,0,0.2773490967757002
3796,43789.28,0.5009,0.1311,0.4234,0,38867.15,1,0.6759365099165175
3797,79328.2,0.0868,0.0917,0.5365,1,36687.32,1,0.5497585732108297
3798,20353.34,0.2773,0.1186,0.18,0,14641.16,0,0.32166072755097264
3799,56009.26,0.3077,0.0993,0.434,0,40193.71,1,0.43010312955182767
3800,72527.68,0.0375,0.0676,0.4338,0,7875.42,0,0.159553052315703
3801,69595.86,0.1188,0.1565,0.4176,0,18679.1,1,0.3119371902205643
3802,132325.84,0.4002,0.0551,0.49,0,23527.33,0,0.3116706507806848
3803,73745.0,0.0243,0.2336,0.2826,0,7709.41,1,0.24774621249651646
3804,39898.64,0.082,0.1149,0.3451,0,28193.73,0,0.24017643224079205
3805,62613.39,0.4914,0.1821,0.76,0,27375.32,1,0.875672397199515
3806,20593.84,0.2523,0.204,0.5699,0,44687.3,1,0.7304077839480835
3807,62985.01,0.1191,0.103,0.4834,0,29866.56,0,0.2958526613072782
3808,44173.6,0.1539,0.1923,0.7043,0,20901.83,1,0.6813231641888015
3809,87884.76,0.2941,0.2082,0.4352,1,36607.39,0,0.7915654553299379
3810,51261.49,0.3898,0.0959,0.5335,0,18398.68,1,0.5920633710216113
3811,62080.85,0.3817,0.2386,0.4721,1,26314.75,1,0.9033578560761505
3812,49111.05,0.0717,0.0539,0.5974,2,7218.78,1,0.8366783242860588
3813,108471.28,0.2052,0.0912,0.4344,1,17906.63,1,0.5052687544208951
3814,56968.93,0.1291,0.1982,0.8288,0,26124.32,1,0.7285870709199506
3815,110813.93,0.1155,0.0869,0.4372,0,33092.48,0,0.16734877375814983
3816,85353.79,0.2008,0.1827,0.8287,0,8961.31,1,0.70569896329424
3817,77051.67,0.2862,0.2126,0.4661,0,36887.47,1,0.5724075542016147
3818,74218.33,0.0994,0.2323,0.5843,1,41006.36,1,0.800232180390039
3819,74844.93,0.1071,0.1401,0.5839,0,16241.49,0,0.3885868157877116
3820,20000.0,0.1833,0.2345,0.3745,1,35613.86,0,0.8264127491369898
3821,58027.92,0.4116,0.1282,0.8638,0,12213.94,1,0.8427375398106252
3822,86128.95,0.2432,0.0914,0.4291,1,25936.63,1,0.5901724836590577
3823,63777.57,0.0925,0.1476,0.4078,1,36905.41,1,0.5806059491652654
3824,29870.25,0.3995,0.1735,0.3947,0,20459.67,1,0.6640548786071646
3825,63689.89,0.1871,0.137,0.2963,0,6052.01,0,0.2682087386723529
3826,107602.64,0.2142,0.1577,0.5657,0,26598.7,1,0.4217725986834391
3827,96172.29,0.2374,0.1291,0.5368,0,38787.99,0,0.40083407685474565
3828,63449.9,0.1172,0.1497,0.3901,1,9333.1,1,0.5931171609775531
3829,88786.23,0.092,0.231,0.3566,0,6185.66,1,0.31407660239713137
3830,55837.32,0.0235,0.145,0.7763,0,37361.63,0,0.5199244619232511
3831,22403.21,0.0173,0.0981,0.5109,0,15685.3,0,0.3113037980785106
3832,41888.35,0.2986,0.1942,0.5134,0,19573.75,1,0.6709384012139779
3833,104072.22,0.1685,0.1141,0.462,0,8479.28,0,0.2536184729162819
3834,58150.17,0.0029,0.2051,0.4959,0,8864.76,0,0.3697759584542928
3835,58915.4,0.4979,0.0608,0.609,0,29581.73,1,0.6711402127898991
3836,57504.05,0.3015,0.1131,0.2661,2,27089.19,1,0.8485624532191155
3837,112603.41,0.1627,0.0679,0.49,0,16696.07,1,0.19775145379819925
3838,105648.97,0.4655,0.0662,0.6426,0,23109.5,1,0.5700982890575149
3839,120469.51,0.2909,0.1751,0.3691,0,20527.91,0,0.3363390191343568
3840,61023.87,0.1927,0.1232,0.4502,0,32802.12,1,0.3664861263404535
3841,72390.61,0.0489,0.2156,0.8565,0,39483.56,1,0.6778856852223527
3842,27083.94,0.1824,0.1481,0.4335,0,35604.1,1,0.46418169082622157
3843,101923.36,0.1981,0.1061,0.3786,0,5176.31,1,0.21874319717842505
3844,35805.51,0.1318,0.187,0.2336,0,8982.14,1,0.3079749091308972
3845,70419.39,0.2302,0.1686,0.5461,0,22175.07,0,0.5288150833642733
3846,37567.44,0.3359,0.2019,0.5997,0,39071.95,1,0.7731202380476647
3847,50278.33,0.1814,0.1723,0.7454,0,14478.97,1,0.6907626870238399
3848,44068.44,0.0514,0.0817,0.5507,0,40158.08,1,0.29784166818365876
3849,49803.12,0.102,0.1774,0.5669,0,9400.55,1,0.4911769945858002
3850,51521.93,0.5151,0.1244,0.2425,1,7904.28,1,0.790448832255366
3851,51293.28,0.0396,0.138,0.6998,0,41536.79,1,0.4721013290271697
3852,85833.35,0.2213,0.2251,0.5288,1,11479.08,1,0.8176207990993949
3853,37378.43,0.1772,0.1184,0.3643,0,23551.02,0,0.3348490582849025
3854,70513.54,0.2937,0.1663,0.421,0,18038.28,1,0.4821081250608199
3855,95448.98,0.2011,0.1191,0.3984,0,10905.46,0,0.25966903384586054
3856,52170.09,0.1801,0.068,0.8297,0,30284.44,1,0.5892876709405193
3857,47052.03,0.368,0.1362,0.4633,0,43546.91,1,0.5918749826090784
3858,59236.88,0.288,0.1634,0.6538,0,31324.38,1,0.680526292092736
3859,94493.13,0.197,0.1274,0.3908,1,19147.95,1,0.5561690212279088
3860,69852.69,0.2231,0.1242,0.5015,1,33471.88,0,0.7114700974071014
3861,51719.64,0.4371,0.2059,0.5352,0,10729.93,1,0.782766329728978
3862,77096.92,0.2134,0.0556,0.4207,0,28200.65,1,0.2363568066028382
3863,37442.7,0.382,0.1062,0.3103,1,23778.3,1,0.744291864956864
3864,82033.99,0.3879,0.2042,0.6598,1,19399.34,1,0.9202862455760816
3865,75215.18,0.1039,0.2249,0.4965,1,34582.69,1,0.7426032531691739
3866,57304.79,0.1013,0.1283,0.2105,0,9739.49,0,0.168150981523521
3867,44035.36,0.2614,0.2189,0.3272,3,26311.62,1,0.9793062615140574
3868,42832.98,0.401,0.0878,0.4938,1,39175.89,1,0.8266453223240952
3869,78370.43,0.1301,0.0921,0.2717,1,13068.41,1,0.3800148864180813
3870,95724.51,0.2832,0.2108,0.1702,1,15581.65,0,0.5917779666869403
3871,49067.31,0.2889,0.2216,0.4044,0,31426.87,1,0.6067078681730957
3872,76459.67,0.0214,0.0923,0.25,0,35903.48,0,0.10026006144052463
3873,20000.0,0.3073,0.0613,0.6893,0,16333.42,1,0.6563394037321539
3874,50384.56,0.1352,0.0672,0.7292,0,19395.92,1,0.46961116278386783
3875,64223.53,0.2172,0.0997,0.5601,0,34596.5,0,0.42910251710673636
3876,42257.91,0.0417,0.1947,0.2679,0,16412.95,1,0.2600905043160504
3877,41587.34,0.1388,0.1469,0.2864,1,31649.9,1,0.5778917057334102
3878,48305.51,0.2017,0.1366,0.2155,0,11353.39,1,0.256323106693122
3879,72304.82,0.2401,0.161,0.4664,0,21452.42,1,0.4560419008123173
3880,60316.77,0.1582,0.2191,0.3765,1,32547.09,1,0.726664199412189
3881,20000.0,0.1908,0.0672,0.4667,1,23396.18,1,0.6847202289028506
3882,20000.0,0.2865,0.182,0.5242,0,5769.49,1,0.6973569090319959
3883,49828.37,0.2343,0.2261,0.817,1,21255.21,1,0.9450785461904332
3884,76442.16,0.0836,0.0905,0.1283,0,16533.41,0,0.0854359816202759
3885,20000.0,0.0698,0.2092,0.4054,0,9051.29,1,0.4552979545241551
3886,52506.75,0.3592,0.1826,0.1285,1,5365.52,0,0.6797469913710772
3887,51843.8,0.3007,0.0527,0.1633,1,6820.62,1,0.44768716815221427
3888,99708.44,0.2656,0.094,0.3603,0,42969.91,0,0.24234779144012808
3889,55374.45,0.2101,0.1651,0.3711,0,34992.77,0,0.3998130325323409
3890,74574.72,0.1424,0.1455,0.6177,0,42589.67,1,0.4568675784606974
3891,68531.43,0.1209,0.1503,0.3785,0,9591.36,1,0.2805978142452167
3892,20000.0,0.2903,0.0941,0.6996,0,27820.39,1,0.6975031036317987
3893,84205.18,0.1118,0.1783,0.5587,0,8331.54,0,0.41219098605498705
3894,70384.91,0.2378,0.1006,0.8699,0,6072.26,1,0.6784016693561226
3895,77706.72,0.2865,0.124,0.5326,0,23651.25,0,0.4783929167699032
3896,163155.94,0.087,0.1201,0.4529,0,30853.74,1,0.12465065355440463
3897,20000.0,0.18,0.1777,0.4983,2,7542.49,1,0.9438684354542048
3898,108117.42,0.2899,0.0671,0.0218,0,19602.39,1,0.08219080715006954
3899,57813.81,0.1952,0.0891,0.812,0,8606.68,1,0.6094570532414233
3900,72183.22,0.0385,0.0881,0.2276,0,19484.15,0,0.10067031658259072
3901,63862.19,0.4289,0.0706,0.3638,0,23871.83,1,0.41927772643188244
3902,54394.09,0.2132,0.0894,0.6335,2,18501.26,1,0.9215521847414079
3903,50754.18,0.1038,0.1653,0.6149,1,28049.96,0,0.783607864576754
3904,73237.72,0.4314,0.1891,0.4766,1,28383.6,0,0.8804742407429614
3905,27070.66,0.0713,0.1755,0.268,0,18317.41,0,0.2860850494983049
3906,83764.48,0.2846,0.1403,0.445,0,20583.94,1,0.41835076646346797
3907,54595.14,0.2352,0.06,0.4779,1,22642.62,1,0.6439070238146639
3908,36748.27,0.1351,0.2322,0.4374,1,20026.13,1,0.8032911522633567
3909,53749.68,0.0712,0.0819,0.7316,2,35425.91,1,0.9011539023428757
3910,96428.73,0.3622,0.177,0.5835,1,10597.9,1,0.8557605179454421
3911,51616.62,0.1728,0.2234,0.8264,1,39281.42,1,0.9315834684789807
3912,73961.34,0.3382,0.1826,0.3556,0,18250.04,0,0.48903069476957023
3913,46726.09,0.0266,0.0914,0.816,0,33958.43,1,0.48820762937164885
3914,83948.05,0.3616,0.11,0.3024,0,40351.03,1,0.32951375022065255
3915,82137.69,0.3852,0.0557,0.7317,0,40498.11,1,0.6064655630197353
3916,111215.22,0.2741,0.1664,0.372,0,23094.6,1,0.33170117246489034
3917,60610.9,0.1397,0.1665,0.5531,1,15264.13,1,0.7560655489500481
3918,81716.37,0.1756,0.1878,0.5505,0,29230.42,1,0.48593856013108333
3919,67451.69,0.2376,0.0521,0.488,2,12358.52,1,0.846200704448115
3920,97396.79,0.2008,0.2054,0.546,0,36623.87,1,0.4968146567346079
3921,47029.19,0.1487,0.1904,0.4497,0,33453.8,1,0.46769028779751104
3922,83625.13,0.382,0.0768,0.2123,0,36825.62,0,0.24129453216526484
3923,60132.57,0.1095,0.116,0.5225,0,22330.3,1,0.3404625146727274
3924,63395.3,0.394,0.1713,0.4696,0,27297.13,0,0.6372355789503727
3925,67293.81,0.1532,0.1442,0.503,0,9109.07,1,0.3907875910811505
3926,71306.01,0.242,0.0719,0.5185,0,32505.82,0,0.3583354514439215
3927,62094.27,0.3484,0.0666,0.4149,0,24473.55,0,0.38489860499083417
3928,70367.83,0.1047,0.1985,0.7185,0,25369.53,1,0.6007318604650043
3929,104452.95,0.1249,0.0796,0.3829,0,38879.69,1,0.15021351392030763
3930,89636.24,0.1757,0.0827,0.1989,2,35892.84,1,0.6271027929275756
3931,86728.86,0.2297,0.2079,0.3176,1,26407.7,0,0.672702400627746
3932,53611.51,0.4811,0.1663,0.4292,0,19204.25,1,0.6939539919142446
3933,42768.98,0.0395,0.1649,0.3888,0,22857.42,0,0.29668873459652423
3934,88882.51,0.1455,0.1411,0.0696,0,19030.55,0,0.10757866127666142
3935,86901.17,0.1974,0.1581,0.3981,1,11064.22,1,0.6292962236767138
3936,101816.77,0.2936,0.1643,0.3879,0,30831.04,1,0.37793351973551526
3937,49900.48,0.192,0.2339,0.5387,0,32660.6,0,0.6418517994028123
3938,59261.28,0.0772,0.0924,0.4366,0,43848.4,0,0.22969415177974845
3939,24012.9,0.1954,0.0908,0.7697,0,23228.18,1,0.6567541529587211
3940,55188.22,0.1039,0.0609,0.8316,0,44891.7,1,0.5016039883557968
3941,89914.26,0.346,0.1751,0.5485,0,12483.94,1,0.6006447848190065
3942,53337.62,0.4924,0.1543,0.6368,0,31265.23,0,0.8115207071303034
3943,81011.99,0.2221,0.0711,0.1932,0,44790.75,1,0.13985693521645734
3944,60237.42,0.0672,0.1193,0.2545,0,30613.0,0,0.15828054580179748
3945,73101.43,0.097,0.0839,0.5602,0,23094.8,0,0.2839263035046276
3946,36307.72,0.1541,0.113,0.4715,0,25610.09,0,0.3896616706587397
3947,67130.24,0.4074,0.2307,0.4849,0,38820.45,1,0.7353644713697824
3948,20000.0,0.0977,0.1798,0.4369,0,42564.42,1,0.45803320987071267
3949,60327.6,0.0798,0.0514,0.4444,0,23157.06,1,0.18875213353345033
3950,24238.17,0.0371,0.098,0.5934,0,35894.8,1,0.38461569035000664
3951,95149.86,0.239,0.052,0.7335,0,42347.54,1,0.4357860190827074
3952,84435.18,0.0656,0.1858,0.4843,0,16284.82,0,0.3269770185034586
3953,76666.77,0.0783,0.1392,0.3925,0,24726.42,0,0.23007052782104387
3954,103025.16,0.3848,0.2389,0.4029,0,44816.7,1,0.5927112229312794
3955,41277.09,0.2443,0.1894,0.6963,0,19139.14,0,0.7464591154283525
3956,108684.08,0.2658,0.1484,0.7523,0,29787.52,1,0.6016524578737118
3957,88304.79,0.1154,0.2029,0.7049,0,31281.26,0,0.5642653177894916
3958,59086.12,0.4118,0.1839,0.4437,0,11165.94,1,0.6617801277886971
3959,93390.5,0.3529,0.0963,0.4148,1,37264.68,1,0.665728656908785
3960,37342.66,0.2147,0.1507,0.5378,3,21516.02,1,0.9816645954077319
3961,44387.15,0.0964,0.1556,0.3516,2,25012.94,1,0.8385982527075703
3962,49785.26,0.4257,0.1357,0.6903,0,30713.7,1,0.7852252562794857
3963,51775.56,0.0776,0.084,0.267,0,21419.39,0,0.14881166259197778
3964,38586.06,0.2221,0.0924,0.5728,0,18003.3,1,0.49388365719994876
3965,95577.08,0.0521,0.1034,0.3164,0,26857.23,1,0.12173468872966356
3966,58528.64,0.4766,0.0519,0.5865,2,18871.4,1,0.9527010980312326
3967,73812.62,0.1892,0.2242,0.5103,0,22365.19,1,0.545562174598448
3968,50741.22,0.0733,0.1804,0.4461,0,9336.3,0,0.3716789355765006
3969,20000.0,0.0519,0.181,0.1216,0,38789.72,0,0.2045336592114784
3970,71751.43,0.361,0.1587,0.7756,0,21468.29,1,0.7810632570712959
3971,20000.0,0.132,0.181,0.7318,2,8311.36,1,0.9685053638031192
3972,63284.15,0.0209,0.2366,0.4637,0,36600.95,1,0.3985712013619097
3973,30792.12,0.1742,0.1232,0.5465,1,5785.01,1,0.7757385388312025
3974,114681.9,0.5983,0.1854,0.6637,0,28973.85,1,0.8250896208272579
3975,87784.07,0.1481,0.1183,0.5553,1,33106.55,1,0.6419988563036491
3976,67643.84,0.5711,0.2123,0.5889,0,12648.42,1,0.8633922733475224
3977,96592.67,0.4648,0.213,0.7114,1,10250.38,1,0.9436234076402473
3978,43842.1,0.2709,0.2214,0.5675,0,9555.32,0,0.7205764316497373
3979,78586.98,0.1177,0.051,0.6387,0,44733.2,1,0.29638847629832465
3980,69995.26,0.2896,0.1067,0.4501,0,35203.47,0,0.4052583348743922
3981,71600.5,0.1721,0.0754,0.3994,0,17508.42,1,0.22955917313829083
3982,96808.84,0.2556,0.1363,0.2597,0,18422.31,1,0.23234276770167636
3983,83312.3,0.1032,0.1441,0.3207,0,30944.99,0,0.2008222311683051
3984,72218.09,0.1283,0.0986,0.3897,1,23306.88,1,0.4978617478446745
3985,23627.81,0.2989,0.1875,0.3064,0,15853.61,1,0.5430631987643404
3986,40998.84,0.2449,0.1013,0.1571,0,7283.86,0,0.22132278206915248
3987,61932.28,0.028,0.2122,0.2811,0,36354.15,0,0.24435089265014245
3988,67334.31,0.3327,0.0838,0.7047,2,40529.03,1,0.951557082185073
3989,36744.91,0.1938,0.1198,0.5212,0,13238.37,1,0.47556529126035413
3990,125291.92,0.1021,0.1682,0.2205,0,7536.2,0,0.12339702795646576
3991,102909.85,0.3901,0.165,0.6175,1,9745.02,1,0.8643929861073655
3992,80052.96,0.1772,0.0648,0.6846,0,21570.37,0,0.3975597205077624
3993,66800.92,0.1898,0.2108,0.731,0,16973.93,1,0.7074781489539033
3994,59694.78,0.3221,0.1636,0.6092,0,7938.31,1,0.675882448500596
3995,41202.04,0.1678,0.2153,0.3902,0,23194.75,1,0.4926167223850107
3996,66937.01,0.0334,0.2149,0.4991,1,13156.76,1,0.6940919039704134
3997,71443.81,0.0967,0.1537,0.3954,0,7677.94,1,0.27240565559513247
3998,33955.99,0.3596,0.223,0.2823,0,31317.13,1,0.6120666202814243
3999,73354.41,0.0773,0.2112,0.8014,1,27900.25,1,0.8676813091025738
4000,61118.52,0.2721,0.232,0.8708,0,38055.92,1,0.8631764514871684
4001,20000.0,0.2499,0.2116,0.8086,0,17091.26,1,0.8607711526368403
4002,43490.37,0.2728,0.206,0.4163,1,10432.91,1,0.833636783403202
4003,54659.86,0.1992,0.1392,0.3874,0,19406.43,1,0.36374337820381636
4004,112192.19,0.096,0.0903,0.7866,0,36148.28,1,0.37055693199370526
4005,78913.83,0.1622,0.223,0.9091,1,14669.57,1,0.9290597432594772
4006,31612.96,0.1648,0.1873,0.5836,0,15200.03,1,0.6216372693177967
4007,77150.91,0.4218,0.1035,0.8569,0,10903.39,1,0.7930626524723369
4008,26317.4,0.3255,0.1148,0.7462,1,44460.57,1,0.9200808796057984
4009,92067.28,0.0964,0.1804,0.517,0,43692.39,1,0.3518612503643423
4010,53221.88,0.3127,0.1408,0.3305,0,31322.09,1,0.42637812341775605
4011,62659.1,0.0547,0.0655,0.4881,0,13592.72,0,0.20779266580815467
4012,98144.92,0.2406,0.0769,0.5147,0,35662.25,1,0.30393734930939204
4013,32820.91,0.2261,0.1917,0.6379,0,28357.34,1,0.7149323377648549
4014,30072.05,0.1121,0.1124,0.3875,1,34982.65,1,0.6050715326624632
4015,50410.02,0.0526,0.1465,0.7813,0,39416.41,1,0.5664624014368531
4016,90959.47,0.1028,0.1957,0.1904,0,17738.97,0,0.17677450300281536
4017,27016.35,0.1052,0.1927,0.5668,2,41547.95,1,0.9425638341735881
4018,20000.0,0.1066,0.0817,0.3937,0,40942.33,1,0.28321886279104114
4019,53721.03,0.3034,0.0687,0.3129,0,26885.22,0,0.29457558786487914
4020,78793.52,0.0297,0.1623,0.5516,0,32382.86,0,0.32347146761367895
4021,95006.54,0.3908,0.1909,0.3141,1,21441.44,1,0.7532262268192518
4022,53420.97,0.0951,0.0783,0.519,0,31204.11,1,0.28664455859566
4023,54714.33,0.2587,0.1207,0.4434,0,26958.34,1,0.4308228229479812
4024,93847.52,0.2986,0.2154,0.5406,0,17912.8,0,0.6071805976484467
4025,20000.0,0.3817,0.2294,0.4894,1,17913.54,1,0.9334264112391465
4026,55286.98,0.3145,0.1363,0.3633,0,31066.64,1,0.4419730117450004
4027,69760.6,0.1439,0.0651,0.6943,0,43265.12,1,0.3999059029182285
4028,76230.47,0.1153,0.099,0.5882,0,13061.93,0,0.3327761505866461
4029,52254.83,0.3262,0.0943,0.5922,1,20701.47,1,0.8256446707888598
4030,65861.03,0.3499,0.0954,0.7725,0,37228.37,1,0.701956641820559
4031,20000.0,0.222,0.1438,0.7034,0,9920.46,1,0.7158244062711793
4032,48543.79,0.0965,0.1608,0.291,0,44766.67,0,0.2586935183860559
4033,76337.72,0.1782,0.0733,0.4918,0,32125.54,1,0.27944600725327307
4034,40442.65,0.2901,0.219,0.3398,0,41432.02,0,0.5730528960557357
4035,66474.61,0.0848,0.1678,0.4724,0,38522.14,0,0.34666965682088574
4036,76171.81,0.2643,0.1635,0.691,0,36085.4,1,0.6512525295429644
4037,56436.27,0.1359,0.2376,0.1919,0,6316.04,1,0.31117392633082963
4038,69261.59,0.1252,0.1693,0.5301,1,21259.84,1,0.7183959378044384
4039,40931.69,0.1924,0.2265,0.4349,1,13074.5,1,0.8225592789737514
4040,59834.72,0.3806,0.1044,0.4894,0,39853.33,1,0.5417771912405014
4041,80255.4,0.3035,0.0956,0.2367,0,32211.45,0,0.23132223709609398
4042,68924.32,0.2616,0.1481,0.1463,1,9282.93,1,0.514256507462228
4043,50336.72,0.6112,0.1466,0.1613,0,19383.91,1,0.582219070709036
4044,70605.41,0.3757,0.093,0.3736,0,7772.33,1,0.39918004565002135
4045,82865.24,0.1936,0.1829,0.7693,0,34599.87,0,0.6637004476804028
4046,20000.0,0.176,0.0556,0.2113,0,21732.72,0,0.19191019788638625
4047,93976.85,0.3307,0.1812,0.805,0,14374.85,1,0.7663246786920865
4048,56593.63,0.2633,0.1369,0.57,0,25707.62,1,0.5598483417085366
4049,75637.25,0.0742,0.1809,0.3786,0,6681.78,1,0.2726975712088443
4050,94931.17,0.1153,0.1406,0.5004,0,15291.78,0,0.2916837959662615
4051,30708.16,0.0737,0.2357,0.4576,0,12012.17,1,0.5192960531160822
4052,47263.97,0.0973,0.1136,0.1224,0,42225.75,0,0.13003909854965245
4053,57786.28,0.1342,0.2367,0.7289,0,20084.3,1,0.7169217796710444
4054,45406.16,0.192,0.0623,0.531,0,28378.92,1,0.36826903133828054
4055,108373.41,0.1418,0.1799,0.4018,0,25117.68,1,0.2730526278429955
4056,43580.7,0.1438,0.1363,0.4554,0,31368.19,1,0.38806124755880333
4057,51111.33,0.2717,0.2062,0.2074,0,16164.64,0,0.40256250628436596
4058,70109.73,0.1933,0.2,0.3033,0,9831.18,0,0.35406620089345886
4059,34946.26,0.4002,0.202,0.3378,0,8258.06,1,0.6544835634880781
4060,55107.98,0.3097,0.068,0.8315,0,12735.88,1,0.6945493616380432
4061,72936.33,0.2783,0.2062,0.4116,1,24313.18,1,0.7910125973171848
4062,56678.49,0.3347,0.0907,0.4517,0,14441.1,1,0.453424474786801
4063,62665.33,0.0916,0.0549,0.6194,0,22360.08,1,0.30078694534102496
4064,51766.7,0.2971,0.0914,0.3855,0,6172.1,1,0.3798582726548174
4065,27138.24,0.1243,0.1411,0.1398,0,30102.04,0,0.20358451192988877
4066,73039.83,0.3983,0.191,0.544,0,40126.46,1,0.7024165371083392
4067,108873.33,0.2229,0.0915,0.4766,1,6903.6,1,0.5554270335606561
4068,65460.04,0.1387,0.0715,0.3304,0,13721.59,0,0.17855083844698771
4069,70631.6,0.4333,0.1727,0.7829,0,17710.82,1,0.8414837632838369
4070,82318.07,0.2874,0.2369,0.4451,0,16489.62,1,0.5837246228733983
4071,33266.74,0.1737,0.1642,0.3357,1,6615.41,1,0.690209633278837
4072,107562.87,0.4514,0.1813,0.3621,0,9263.14,1,0.5157686415256688
4073,70058.22,0.4674,0.1566,0.503,0,41498.47,0,0.6863475224336275
4074,105796.42,0.1843,0.1986,0.3713,0,33454.47,0,0.3163652147490233
4075,46674.18,0.0327,0.2354,0.7233,0,43337.52,1,0.6529969060092999
4076,110451.55,0.1771,0.1534,0.3515,1,22618.48,1,0.5101983403804554
4077,84378.89,0.2993,0.1292,0.274,1,40161.33,1,0.583503046028231
4078,78826.0,0.1637,0.2135,0.3842,0,37661.57,1,0.3909794840871334
4079,70850.61,0.0836,0.2342,0.4881,0,39997.64,1,0.4531644874470289
4080,58786.78,0.2253,0.0745,0.6379,1,6566.17,1,0.7562606328507646
4081,95013.29,0.1373,0.1599,0.5512,0,31100.63,0,0.37470571725506335
4082,68509.0,0.339,0.2006,0.4747,0,27665.16,1,0.6271523204323124
4083,20000.0,0.0463,0.1513,0.5362,0,26808.63,1,0.44372347070468926
4084,37070.34,0.4256,0.1277,0.4777,0,25175.36,1,0.6624367751134549
4085,60353.86,0.3644,0.1745,0.1146,0,36839.06,0,0.3424243079691048
4086,72749.97,0.055,0.1013,0.3786,0,43722.28,0,0.174500305524738
4087,63585.29,0.0995,0.1163,0.7166,0,38156.75,0,0.4755506361507642
4088,95474.27,0.188,0.2385,0.5639,0,39815.81,1,0.5589326111039716
4089,20000.0,0.4271,0.1709,0.4327,0,24356.11,1,0.728506711069561
4090,68589.7,0.1186,0.2159,0.3745,0,32624.37,0,0.3711745182975885
4091,20000.0,0.1624,0.2035,0.714,2,21622.57,1,0.9741942410139194
4092,83992.81,0.3378,0.1739,0.6247,2,19411.45,1,0.9598131289538463
4093,62638.53,0.2273,0.2097,0.6186,0,40811.26,0,0.6659882829824026
4094,75490.25,0.2026,0.1046,0.2859,1,41208.45,1,0.4845945057254638
4095,43402.93,0.0988,0.1711,0.7832,0,32288.81,1,0.6632682821396781
4096,96986.62,0.3164,0.1622,0.4092,0,38513.69,0,0.4229186530324527
4097,91043.12,0.4196,0.1683,0.3139,0,19414.55,0,0.46557438403068047
4098,79588.61,0.3276,0.082,0.7785,0,22350.43,1,0.6387672569048302
4099,61762.07,0.2093,0.1027,0.6122,1,37840.65,1,0.7590600829642706
4100,79496.43,0.2536,0.1045,0.5888,1,20922.01,1,0.7456495139871732
4101,47327.69,0.1519,0.1644,0.4349,0,6598.7,1,0.4154181419158462
4102,86388.89,0.3006,0.2348,0.8564,0,19131.93,1,0.8420440939993783
4103,106237.02,0.289,0.2313,0.5325,1,20929.21,1,0.8330088500413023
4104,91765.26,0.2653,0.0932,0.3775,1,11185.45,1,0.5587292467518064
4105,46759.94,0.1631,0.1079,0.1644,0,18764.97,0,0.17487597783843997
4106,74035.43,0.2001,0.0569,0.12,0,42376.88,0,0.10308280849436807
4107,32671.46,0.1391,0.1258,0.2995,0,39341.32,1,0.28002044972061985
4108,79309.76,0.2471,0.2086,0.7364,0,22836.96,1,0.7266726899179695
4109,76265.09,0.1791,0.224,0.2068,0,33395.58,1,0.29549337647284
4110,20000.0,0.1601,0.0949,0.5727,0,11074.0,0,0.48547594693979546
4111,35955.4,0.6258,0.1005,0.3526,0,35102.03,1,0.6990974917333272
4112,57921.53,0.0299,0.092,0.4077,0,24031.39,0,0.186919787683294
4113,57478.51,0.2717,0.1165,0.213,0,33902.73,1,0.2620214716043376
4114,34763.08,0.0608,0.2029,0.8612,0,30760.93,1,0.7476535260985672
4115,74724.47,0.2049,0.1729,0.8045,0,14310.58,1,0.700456087647092
4116,71286.84,0.3294,0.1993,0.3028,0,38387.66,1,0.47215258297095114
4117,60143.27,0.1059,0.1608,0.4708,0,27887.06,1,0.3670040275276602
4118,46105.21,0.0449,0.099,0.5344,0,36367.9,1,0.3016018817044249
4119,91217.68,0.276,0.0933,0.2535,0,8759.45,1,0.20248080725131387
4120,106385.18,0.1204,0.0517,0.3071,0,29614.01,0,0.09964993777409227
4121,52910.96,0.0903,0.1984,0.559,1,16675.36,1,0.7779203178555185
4122,49695.83,0.1704,0.211,0.5263,0,39435.81,1,0.5773974617890131
4123,77280.19,0.4816,0.196,0.792,0,42980.24,1,0.8775312612059387
4124,56049.27,0.1566,0.0641,0.7675,0,7233.11,1,0.5017491501338888
4125,61515.07,0.134,0.1948,0.3044,0,33971.32,0,0.3165790982905828
4126,83491.33,0.1679,0.0587,0.6685,0,9119.11,1,0.3596502108732091
4127,20000.0,0.079,0.0701,0.2761,0,39300.29,0,0.18365939297346484
4128,97957.56,0.1713,0.1337,0.7568,1,9980.97,1,0.7908819016407675
4129,66817.01,0.4238,0.1405,0.4943,0,12800.27,1,0.6263671993409047
4130,54712.67,0.0935,0.2051,0.297,0,15064.81,1,0.3079342581390758
4131,62769.15,0.1004,0.1791,0.4706,0,34113.31,1,0.3845952194262498
4132,64060.73,0.3075,0.0791,0.2127,0,16701.38,1,0.22863896631014285
4133,21719.97,0.3357,0.093,0.748,2,28843.39,1,0.9743176432089017
4134,102373.46,0.3916,0.1043,0.135,1,27877.71,0,0.47187327344925867
4135,66033.14,0.039,0.0735,0.5352,0,21090.46,1,0.22739947970449478
4136,76075.05,0.1534,0.1047,0.4904,0,26579.58,0,0.30306360863326115
4137,88788.74,0.3255,0.1884,0.5765,0,9727.67,0,0.627708774971393
4138,39470.94,0.0705,0.0959,0.5163,0,40046.97,0,0.318834954472922
4139,76836.8,0.3828,0.2087,0.4019,0,13283.07,0,0.6032134685160365
4140,58308.97,0.3352,0.1392,0.579,1,40209.06,1,0.8563565220412687
4141,86169.27,0.0684,0.1114,0.3149,0,25749.5,0,0.14489031751953588
4142,20000.0,0.1483,0.1284,0.5201,1,29557.44,1,0.7682143771924059
4143,62522.64,0.1587,0.1848,0.4734,0,15291.88,0,0.4493603563127017
4144,49929.48,0.2665,0.1482,0.1692,0,13893.18,0,0.28638013688406305
4145,75806.57,0.1718,0.0514,0.6049,0,24628.12,0,0.3223109295548697
4146,76751.1,0.1154,0.2252,0.3131,1,15694.38,1,0.6205741368017235
4147,47309.35,0.4412,0.0625,0.2822,0,21925.56,1,0.3921697682231577
4148,47195.65,0.1452,0.2283,0.6213,0,22608.8,0,0.6608545130410549
4149,62233.37,0.2025,0.0553,0.3859,0,15836.69,0,0.23436294808673977
4150,42583.94,0.2828,0.1965,0.7027,0,16669.2,1,0.7822315552497274
4151,86049.59,0.1495,0.1516,0.5007,0,43916.38,0,0.3545883582592148
4152,55769.82,0.2882,0.1461,0.3382,0,28498.21,1,0.41277862180106445
4153,20000.0,0.1626,0.0638,0.4345,0,38274.98,0,0.3304975364465502
4154,55629.45,0.4864,0.0954,0.5563,0,6829.69,1,0.6815815975423175
4155,39036.4,0.1317,0.1977,0.5657,0,5076.98,1,0.5772733091115538
4156,24218.1,0.1666,0.2193,0.6785,0,25764.1,0,0.7497715547957229
4157,34064.33,0.3592,0.1505,0.6513,1,38072.21,1,0.9184862438734146
4158,67735.21,0.3853,0.1171,0.3716,0,29436.75,0,0.4523303093480625
4159,98216.02,0.2034,0.0614,0.7126,0,29753.19,1,0.3949722785905567
4160,72829.61,0.4916,0.1796,0.265,0,10574.34,1,0.5557724064347122
4161,49837.42,0.0547,0.1029,0.3654,1,44142.7,1,0.47120410468268636
4162,76397.6,0.198,0.0605,0.5047,0,26188.03,1,0.2855465976192423
4163,53522.74,0.1611,0.1765,0.5685,0,9104.07,1,0.5369387009351496
4164,47634.99,0.2198,0.1423,0.5956,0,21567.89,0,0.5707783517413099
4165,36140.93,0.12,0.0523,0.6185,0,7878.85,1,0.377713243680765
4166,21204.28,0.2265,0.0711,0.4021,0,21725.61,1,0.3690273954610115
4167,55251.91,0.0776,0.1828,0.0675,0,33462.47,0,0.1454981951728968
4168,68951.34,0.192,0.0621,0.3668,0,17941.05,1,0.21324634843592113
4169,62584.41,0.191,0.2145,0.2924,0,17524.09,1,0.3833290728737906
4170,54600.83,0.2377,0.1092,0.2288,0,25573.57,1,0.24392014872444756
4171,41356.35,0.1956,0.0668,0.9485,0,24939.44,0,0.7116234515630036
4172,80206.15,0.1518,0.1944,0.913,0,23685.71,1,0.7492364935049597
4173,32071.7,0.1047,0.1496,0.2982,1,25673.77,1,0.5832586001522073
4174,84400.7,0.2711,0.1083,0.6849,0,6918.37,1,0.5455001127422062
4175,39944.57,0.1484,0.1272,0.6997,0,23970.67,1,0.5823521147089307
4176,46189.12,0.305,0.0541,0.2773,1,44680.43,1,0.5601668632782981
4177,28330.37,0.1545,0.1759,0.9426,0,35573.42,1,0.829735799542641
4178,52464.95,0.0917,0.1195,0.3962,0,16502.77,0,0.2609576707188748
4179,89382.81,0.059,0.1857,0.47,1,32108.56,0,0.600326648627128
4180,77890.7,0.1231,0.1694,0.6305,0,18196.1,0,0.480876739818965
4181,89460.55,0.4693,0.1737,0.1638,0,12660.56,1,0.4036640789180251
4182,78053.56,0.0662,0.2006,0.4183,0,35942.07,0,0.31562346500072036
4183,37408.25,0.0933,0.1699,0.3221,1,13383.45,1,0.6117217587764371
4184,56730.27,0.1948,0.1296,0.1002,0,39345.04,0,0.1686496765177861
4185,45495.02,0.1315,0.1241,0.4319,0,20216.38,1,0.33676829164678523
4186,98264.37,0.1905,0.0727,0.3656,0,35273.74,0,0.1779564728035516
4187,35080.28,0.2762,0.1981,0.5401,0,15383.86,1,0.6917304633693787
4188,87342.44,0.4263,0.1946,0.6908,0,31109.41,1,0.7901712191386607
4189,87323.85,0.1476,0.0968,0.8171,0,13501.27,1,0.5119122213079489
4190,110740.51,0.5022,0.2139,0.4873,0,5873.38,1,0.6997912883871261
4191,54757.84,0.3954,0.1619,0.7028,1,37584.17,1,0.9307833777517801
4192,82808.05,0.1224,0.141,0.4079,0,39246.51,0,0.2609158316341285
4193,122041.3,0.404,0.0533,0.3192,1,40222.97,1,0.5006392478580883
4194,49558.96,0.1092,0.1227,0.59,0,6451.9,0,0.42683377905560516
4195,26623.99,0.0674,0.1717,0.3716,0,35436.87,1,0.35150032666906206
4196,20000.0,0.0935,0.0671,0.32,0,38434.82,1,0.21171266071995387
4197,82817.8,0.1708,0.1373,0.1676,0,17467.93,0,0.15865369621008704
4198,20000.0,0.029,0.2388,0.5383,0,23818.05,1,0.5740713176671525
4199,55692.02,0.0932,0.1861,0.6462,0,21316.61,1,0.5475296508358007
4200,75932.83,0.0433,0.1539,0.0851,0,22604.09,0,0.09666363807358548
4201,69629.39,0.51,0.1513,0.4555,1,38868.17,1,0.881314063281645
4202,75636.12,0.154,0.0583,0.1817,0,21714.75,0,0.10521136239865055
4203,70557.25,0.2929,0.2319,0.3952,0,17094.55,0,0.5689176106026584
4204,96971.65,0.1389,0.2264,0.2527,0,10215.33,0,0.25823815057647026
4205,41192.09,0.1962,0.1797,0.2814,1,31993.57,1,0.6756739984268753
4206,48075.12,0.0577,0.0688,0.7492,1,8368.16,1,0.7183835160504318
4207,45683.51,0.1173,0.0895,0.3777,0,7447.29,0,0.24244838090064352
4208,85754.8,0.2329,0.0849,0.1465,0,32263.17,0,0.13207170288819017
4209,87509.96,0.0557,0.1487,0.3284,0,32771.56,0,0.17602523494764943
4210,76280.63,0.1282,0.0895,0.7414,2,12963.2,1,0.9076650970754638
4211,94587.34,0.2201,0.1822,0.3594,0,43287.39,1,0.337236079414569
4212,35548.98,0.0779,0.1536,0.6619,0,36512.56,1,0.5411431574710271
4213,106680.6,0.4085,0.0534,0.2048,1,32457.12,1,0.4494476923048148
4214,103080.97,0.1775,0.1914,0.4007,0,35173.9,1,0.3270547011121469
4215,83390.55,0.281,0.0859,0.6102,1,21475.48,1,0.7475695237393156
4216,109544.97,0.1725,0.2067,0.7872,0,23225.7,1,0.6359173131602004
4217,23584.42,0.248,0.1175,0.4755,1,39808.6,1,0.7887213971282049
4218,51888.8,0.1327,0.1143,0.3716,0,6016.76,0,0.26948392273478844
4219,46617.41,0.081,0.0522,0.7192,0,37096.85,1,0.3966478777456173
4220,83036.98,0.0779,0.2377,0.4289,0,22902.74,0,0.3781201437892693
4221,38746.48,0.2691,0.1663,0.5448,0,23558.74,1,0.6340706866852209
4222,83937.38,0.1752,0.1303,0.2535,0,18027.99,1,0.19317153647441834
4223,99263.4,0.1238,0.0684,0.5326,0,29282.88,1,0.21869668952908847
4224,82380.07,0.0665,0.1828,0.5828,0,32026.93,1,0.40189483114760977
4225,72093.78,0.1724,0.1037,0.4181,0,11430.15,1,0.2758240738126256
4226,40303.17,0.1837,0.2378,0.4702,1,27628.68,1,0.8452284925087323
4227,43828.73,0.2646,0.2306,0.7459,0,23596.47,1,0.8272621752904601
4228,96240.47,0.264,0.1897,0.2406,1,36276.35,1,0.5947515150827514
4229,84483.73,0.3704,0.2345,0.4893,1,26811.49,1,0.881141303664512
4230,64024.51,0.0405,0.0701,0.3842,1,22182.93,1,0.38613439285772155
4231,54552.26,0.2427,0.1032,0.5281,1,26157.24,1,0.744925106394821
4232,20000.0,0.1585,0.0981,0.6527,0,24622.7,1,0.5542426209955351
4233,38228.69,0.1718,0.0637,0.3513,0,42407.11,1,0.24581213817502748
4234,112785.48,0.1327,0.2347,0.5455,0,17475.51,1,0.444385490903912
4235,32988.61,0.0614,0.0614,0.2495,0,6493.96,0,0.13840980953824697
4236,69737.0,0.1157,0.2128,0.5886,0,31479.87,1,0.5318716665383294
4237,90186.1,0.1851,0.196,0.14,0,29153.72,0,0.20002540441044023
4238,33626.93,0.2505,0.1214,0.5231,0,41398.77,1,0.5401226182216002
4239,69617.76,0.2705,0.0536,0.7114,0,9699.06,0,0.5116909354331097
4240,88447.89,0.0821,0.0512,0.4085,0,25905.82,1,0.13681136507084068
4241,65312.48,0.197,0.0888,0.4489,0,11030.84,0,0.30869427154141726
4242,136710.08,0.2401,0.1438,0.413,0,23228.36,0,0.25111498457214365
4243,23285.02,0.2056,0.137,0.7247,0,36974.79,1,0.7015739758665597
4244,91468.21,0.0255,0.1612,0.6342,0,39295.52,0,0.35084120865924723
4245,60679.96,0.2085,0.1967,0.563,0,38354.41,1,0.5918135251041695
4246,84298.0,0.1416,0.1217,0.6691,0,26896.19,1,0.43495424566043744
4247,76032.68,0.1453,0.0805,0.4769,0,30358.4,1,0.25587082217833945
4248,46671.1,0.3549,0.202,0.3099,0,27062.58,1,0.5657878091610923
4249,70724.91,0.3299,0.1132,0.4764,1,27449.43,1,0.7571821453608647
4250,20000.0,0.1458,0.1045,0.6546,1,40406.04,1,0.8127630502799443
4251,80081.19,0.1685,0.1952,0.6288,0,13370.92,0,0.5591033472835004
4252,72453.96,0.0848,0.2275,0.6531,2,22550.64,1,0.942215718300195
4253,80966.5,0.0629,0.2238,0.1345,0,29402.51,1,0.17011333731376346
4254,91452.96,0.3513,0.0761,0.6007,1,35614.09,1,0.7636957291595894
4255,74190.5,0.4205,0.1456,0.1733,1,35475.59,1,0.6613916409859856
4256,68702.24,0.3313,0.0676,0.4339,0,9689.93,1,0.3708788022211228
4257,42973.29,0.5079,0.2326,0.7833,0,13876.4,1,0.9319488073285702
4258,47194.48,0.2354,0.0909,0.5049,0,41460.73,0,0.4280067626597352
4259,94668.37,0.1925,0.0875,0.2126,1,19300.77,1,0.3455032212978893
4260,100908.39,0.2602,0.2189,0.5787,0,5108.51,1,0.5916654154702785
4261,59047.24,0.2272,0.2339,0.3661,0,12991.88,1,0.5157947724233195
4262,66150.07,0.2233,0.1826,0.772,0,43782.08,0,0.7231919501121726
4263,42384.64,0.2001,0.073,0.6065,1,17389.94,1,0.7476241437663794
4264,94318.92,0.2156,0.1423,0.3885,1,29548.58,1,0.5958805702080482
4265,81635.42,0.295,0.2052,0.7251,0,34066.0,1,0.7454134936234595
4266,113530.44,0.0933,0.1588,0.3625,1,30863.31,0,0.44277213087854855
4267,43041.92,0.3183,0.0752,0.6581,0,20102.65,1,0.6116417084620164
4268,55549.8,0.2827,0.0827,0.7071,0,22216.6,1,0.6008600156700362
4269,70786.15,0.0406,0.2142,0.7772,0,38519.41,1,0.6132797335179019
4270,81162.24,0.2451,0.1501,0.6797,0,31511.41,0,0.5934694898727091
4271,59608.31,0.3326,0.1841,0.5258,0,5937.41,0,0.6546677146312831
4272,43175.97,0.1116,0.1209,0.3222,1,13138.3,1,0.5351518870459896
4273,87035.19,0.3019,0.1512,0.4735,0,16451.92,1,0.4671569083235459
4274,83028.38,0.3976,0.2356,0.4382,0,19619.47,0,0.6706061701952687
4275,42093.15,0.2301,0.1126,0.3885,1,28075.75,1,0.6800501289746987
4276,98886.07,0.2965,0.1782,0.2078,0,19660.42,1,0.2782500592663324
4277,94254.97,0.0762,0.0828,0.3892,0,38000.48,0,0.1451370162757522
4278,68357.41,0.3303,0.0731,0.3312,0,23953.42,0,0.3043259311030264
4279,66989.95,0.2225,0.1989,0.2919,0,25087.15,1,0.37604408092431146
4280,78851.44,0.3782,0.2104,0.3702,0,22095.57,1,0.5720256139965579
4281,43457.42,0.3246,0.177,0.2082,0,17418.65,0,0.4219900582835296
4282,65750.79,0.2075,0.0801,0.6283,1,33992.0,1,0.7318446390417505
4283,20000.0,0.2224,0.0957,0.3369,1,14182.52,1,0.6592972625814575
4284,86911.39,0.1586,0.2231,0.3956,2,32579.59,1,0.8867131856250123
4285,25962.67,0.2266,0.1049,0.6418,0,26188.25,1,0.6042843008180049
4286,102585.5,0.4185,0.2056,0.3535,0,9090.53,0,0.5306181735843165
4287,56747.0,0.2004,0.1043,0.6836,0,5718.69,0,0.5393371673313395
4288,59708.33,0.4163,0.2285,0.2571,1,11777.74,1,0.8347462274781149
4289,49306.65,0.4237,0.2237,0.639,0,35440.84,1,0.84709667986744
4290,57799.03,0.109,0.0582,0.6142,0,20383.9,0,0.3260274049665863
4291,100463.28,0.1848,0.1964,0.0647,0,37195.06,1,0.15057443546357088
4292,20000.0,0.1335,0.0822,0.2243,0,25076.23,0,0.20152787505980768
4293,96924.13,0.3539,0.0909,0.4356,0,6309.87,0,0.3638286763125234
4294,73450.59,0.2086,0.1374,0.6213,0,38843.93,1,0.5106660603677061
4295,34824.46,0.2235,0.1595,0.7897,1,42450.54,1,0.9182879526166706
4296,38117.19,0.345,0.1119,0.6107,0,7968.61,1,0.6663170303791395
4297,106909.83,0.4948,0.1593,0.3863,0,13334.03,0,0.5408434216144292
4298,41362.33,0.4934,0.0824,0.6157,1,33622.12,1,0.9073823660494686
4299,36166.24,0.1783,0.0542,0.4992,0,44887.02,1,0.34115998049498686
4300,93432.86,0.4326,0.1585,0.1049,1,40052.15,1,0.596284274633287
4301,73463.82,0.3017,0.1483,0.4868,2,8957.91,1,0.9256480696837801
4302,41551.86,0.3112,0.181,0.0973,0,29289.48,1,0.33611534121808306
4303,70415.62,0.5114,0.1735,0.3654,0,31608.15,1,0.6474545525784136
4304,39356.18,0.0886,0.2205,0.4115,1,30233.28,0,0.7399978596040669
4305,92520.53,0.1883,0.1373,0.6909,0,27722.41,1,0.5017766489608846
4306,91534.27,0.4223,0.0516,0.6919,0,16688.16,1,0.5798739231184087
4307,78300.15,0.1777,0.1698,0.7174,0,31740.25,1,0.6008039522116961
4308,74041.53,0.2748,0.1783,0.421,0,34138.05,0,0.47586291265271885
4309,109029.7,0.1504,0.1491,0.5166,0,28030.65,1,0.3133552989040753
4310,64992.16,0.1723,0.181,0.1546,2,24886.22,1,0.7785400168971274
4311,35453.15,0.2966,0.1115,0.5695,0,13761.22,1,0.5987368066643778
4312,76236.85,0.3371,0.0783,0.4395,1,26788.96,1,0.6809123356614656
4313,117151.18,0.1555,0.1763,0.2318,0,10130.02,0,0.16917965114012432
4314,39631.01,0.3351,0.0966,0.3586,1,7908.64,1,0.7242523446543965
4315,55963.43,0.1957,0.1367,0.3368,0,36114.05,1,0.31726119081082554
4316,75411.15,0.3206,0.1434,0.8317,3,32050.91,1,0.9927028949974787
4317,63652.38,0.2181,0.1407,0.5032,0,30961.29,1,0.45285461747899936
4318,40442.41,0.2695,0.1637,0.7072,0,42125.11,1,0.7400872017661597
4319,93046.45,0.2097,0.0556,0.3691,0,20230.91,1,0.18091427123522716
4320,123001.02,0.0657,0.238,0.5277,3,20989.28,1,0.958417833670899
4321,69903.29,0.1777,0.1861,0.3946,1,21549.88,1,0.6892010440581398
4322,42398.29,0.2289,0.1308,0.593,0,23611.32,1,0.5707788670649787
4323,26275.99,0.2014,0.0864,0.3126,0,25513.72,0,0.2954227046733516
4324,71449.4,0.5318,0.0652,0.4543,1,36120.7,1,0.8163284815498468
4325,92596.93,0.3345,0.1777,0.5327,1,13708.13,1,0.8254562920814587
4326,76879.19,0.2716,0.1102,0.1229,0,22363.38,1,0.1735803127714613
4327,64939.9,0.2261,0.0936,0.4901,3,25205.09,1,0.9615249941141658
4328,50268.21,0.0501,0.1222,0.1931,2,11764.71,0,0.6635769420743184
4329,37695.91,0.2186,0.1627,0.2891,0,33077.71,1,0.3810072984687313
4330,85868.78,0.3243,0.1776,0.2798,0,7250.83,1,0.37941860370265773
4331,87844.29,0.1421,0.1726,0.5417,0,28436.5,1,0.4083653834328066
4332,26356.76,0.1413,0.214,0.8025,1,13085.69,1,0.9308428590299695
4333,104745.97,0.0936,0.0916,0.7058,1,5338.73,1,0.629033767642597
4334,79351.78,0.1075,0.171,0.6318,0,17630.87,1,0.46653442809802925
4335,99989.87,0.6418,0.0692,0.2559,0,22165.63,1,0.43905815830249706
4336,31446.81,0.3334,0.1541,0.3737,0,37692.05,1,0.5552939647730072
4337,30854.4,0.2762,0.161,0.9046,0,21313.83,0,0.8569261595173251
4338,61275.77,0.2732,0.0911,0.8512,1,41617.42,1,0.8901169736972787
4339,77569.61,0.4873,0.1244,0.5077,0,38701.55,1,0.642243984885715
4340,109909.02,0.3896,0.2072,0.553,2,12709.5,1,0.9569605796359492
4341,82651.97,0.0423,0.0782,0.5388,0,11228.69,0,0.2091941207318777
4342,58932.97,0.1192,0.1326,0.3953,0,14753.68,1,0.2855101031617707
4343,39340.77,0.2881,0.2272,0.5844,1,19387.28,1,0.9166601334959074
4344,95750.01,0.2473,0.1458,0.6738,0,28339.22,1,0.5489577802064426
4345,40882.36,0.2293,0.1878,0.4127,0,9963.26,1,0.523286180836961
4346,105711.71,0.0855,0.2071,0.3857,0,26281.65,0,0.26218842322142655
4347,57890.38,0.1886,0.0887,0.6349,0,28230.93,0,0.4601047911004771
4348,104764.55,0.3114,0.0915,0.2886,1,31435.61,1,0.49505771395680775
4349,81973.28,0.1573,0.1941,0.6499,2,27003.68,1,0.9391386938381666
4350,61575.11,0.0744,0.1931,0.3449,0,38006.87,1,0.2948949364571006
4351,52015.09,0.3476,0.0614,0.6083,0,30663.62,1,0.5552535955883933
4352,56477.3,0.0713,0.1113,0.561,0,41982.06,0,0.3376283717356436
4353,75707.92,0.3409,0.1257,0.2087,0,33036.96,1,0.2874088071260847
4354,66928.91,0.1976,0.2075,0.624,0,22444.41,1,0.631922747774468
4355,50154.71,0.1977,0.1302,0.281,0,13387.38,0,0.2834687368234788
4356,60859.21,0.3097,0.2259,0.5214,1,5420.83,1,0.8864167126407799
4357,66964.43,0.1583,0.2394,0.6984,0,8616.11,1,0.7001935090706001
4358,20000.0,0.4263,0.1983,0.1718,1,12587.03,1,0.827109904590126
4359,76454.2,0.1214,0.1766,0.1034,0,13657.65,0,0.1495576500399021
4360,40506.97,0.3065,0.1245,0.4507,1,34681.76,1,0.7918555166426353
4361,36166.69,0.1449,0.0627,0.3747,1,20442.23,1,0.5292473250995003
4362,22816.39,0.2561,0.1589,0.5901,0,17981.58,0,0.6802470941643235
4363,20152.69,0.246,0.1187,0.733,1,7094.7,1,0.8993546648324421
4364,31113.81,0.2829,0.1167,0.5494,0,26546.42,1,0.5891743104496653
4365,47274.48,0.0866,0.1807,0.4364,1,29516.36,1,0.6851596995596013
4366,113831.48,0.378,0.1381,0.7706,0,40114.3,1,0.683867605900457
4367,51853.01,0.3348,0.1929,0.5356,1,25113.68,1,0.8872283543736302
4368,69443.75,0.2715,0.1257,0.2344,0,5308.81,0,0.2646436177523666
4369,75012.03,0.142,0.0787,0.3578,0,7611.15,0,0.18696381042648277
4370,68276.63,0.1417,0.1377,0.4841,0,15840.21,0,0.354049661641144
4371,63063.91,0.3742,0.2307,0.7179,0,10567.42,1,0.8451303989100778
4372,35117.66,0.0998,0.2023,0.2811,0,35823.5,0,0.33946678509001466
4373,101273.19,0.1647,0.0891,0.2878,0,9314.28,0,0.1418370002517157
4374,110179.92,0.4656,0.1243,0.3533,0,11431.34,1,0.4213068423889734
4375,22933.53,0.1727,0.2263,0.5627,0,31671.49,1,0.6904026876908183
4376,39399.29,0.2786,0.0735,0.5486,0,14585.13,1,0.4934205540183034
4377,58004.74,0.1765,0.0983,0.6383,0,43763.24,0,0.467247005498133
4378,40886.56,0.4568,0.0998,0.4414,0,39527.51,1,0.6104968837564662
4379,77649.14,0.478,0.1585,0.5474,1,34781.61,1,0.8961078391670138
4380,46793.19,0.3789,0.128,0.7032,3,18725.46,1,0.9925220718933664
4381,119126.4,0.2501,0.0652,0.6935,2,7271.2,1,0.8812667676710256
4382,94763.71,0.2404,0.1695,0.6736,0,18456.04,1,0.5835573565652148
4383,70314.35,0.3286,0.0688,0.4477,0,20069.19,1,0.37723654591598116
4384,90674.66,0.348,0.1652,0.3701,0,10097.31,0,0.44057065479361385
4385,92647.51,0.2181,0.1463,0.4324,0,9825.63,0,0.33956322638427033
4386,50901.31,0.3474,0.1438,0.4162,0,31724.33,1,0.538551269362328
4387,44594.57,0.2577,0.0628,0.4494,0,14296.1,1,0.3660356128690702
4388,66953.58,0.0732,0.1715,0.727,0,32120.43,1,0.5429909775681042
4389,86540.9,0.1488,0.132,0.7805,1,26932.05,1,0.8058970819397244
4390,68476.51,0.2857,0.1281,0.6431,0,41058.55,1,0.5957499391911946
4391,25575.09,0.2781,0.1633,0.5673,0,36886.8,1,0.6824473217939605
4392,44929.39,0.2847,0.1652,0.4368,0,11054.88,1,0.5469743827104708
4393,63150.68,0.4731,0.0529,0.5868,0,29406.46,1,0.6117546896374227
4394,63108.36,0.0678,0.0738,0.5142,0,31125.07,1,0.23983849279433866
4395,114313.55,0.2753,0.0949,0.8345,0,39482.18,0,0.5755881665800466
4396,30350.3,0.3954,0.1788,0.53,1,30638.27,1,0.9157761812331824
4397,77639.73,0.2773,0.1596,0.6786,0,10628.57,1,0.6439073942002331
4398,102227.83,0.1476,0.1939,0.2564,0,15337.97,0,0.21786478295832468
4399,121786.24,0.1095,0.1907,0.4147,0,30503.96,0,0.24665708088022265
4400,54890.06,0.0875,0.2121,0.521,0,41477.69,1,0.4856038369714476
4401,77285.74,0.1621,0.1216,0.7466,0,40661.16,1,0.5336861382379214
4402,79244.01,0.2765,0.1156,0.3261,0,19367.45,0,0.29580393036653496
4403,69887.04,0.2072,0.2079,0.4033,0,38226.93,0,0.45787990423066915
4404,62528.87,0.5566,0.0951,0.4239,1,25451.52,1,0.8545862872061358
4405,75899.38,0.0801,0.1376,0.721,3,23573.71,1,0.9737178474238205
4406,20000.0,0.1951,0.0869,0.3555,0,19035.49,1,0.3343876496393698
4407,82051.74,0.108,0.2236,0.7176,0,32128.11,0,0.6156147034814852
4408,68154.45,0.0602,0.1275,0.516,0,28983.9,0,0.29568520080298416
4409,59438.13,0.5816,0.0904,0.0731,0,19986.55,0,0.37086812420917786
4410,116171.55,0.4018,0.1815,0.6129,0,35513.53,1,0.6485268604350388
4411,48126.65,0.2377,0.0965,0.4099,0,20173.82,1,0.3629186072616215
4412,54923.1,0.3454,0.2293,0.6233,0,28375.49,1,0.7943595870732586
4413,114788.83,0.1244,0.1198,0.4174,1,20695.32,0,0.44846354534725635
4414,44198.47,0.1146,0.1763,0.3787,0,9675.07,0,0.36491836389183363
4415,51247.12,0.0264,0.1156,0.4918,0,11447.78,0,0.27148109431692136
4416,61324.36,0.3259,0.2034,0.283,2,31269.55,1,0.9193090625579884
4417,86018.36,0.4133,0.2204,0.129,0,37448.94,1,0.4090010328124875
4418,70195.06,0.1757,0.1997,0.4852,0,23738.52,1,0.4807357804333813
4419,32684.37,0.0683,0.2112,0.1288,0,18023.49,1,0.23212993701306106
4420,51695.79,0.3169,0.0694,0.2264,0,18459.9,0,0.2534471684476588
4421,49816.14,0.2757,0.2256,0.5397,1,28905.89,1,0.8902376005518516
4422,63069.47,0.3039,0.1686,0.3068,0,23707.58,1,0.42123516044684645
4423,75646.09,0.1383,0.2152,0.2008,1,5029.55,0,0.5388643607036537
4424,75455.14,0.1891,0.18,0.3876,0,35858.88,0,0.37111216199548536
4425,20599.71,0.3954,0.0884,0.5886,0,10692.72,1,0.6946486419443183
4426,91598.52,0.1041,0.1658,0.4135,0,31992.4,1,0.2666078521013483
4427,71314.22,0.3228,0.0673,0.8173,0,18768.56,0,0.6595715729278183
4428,99613.3,0.2251,0.1822,0.5189,1,28120.1,1,0.7431523855189196
4429,76104.96,0.2531,0.1277,0.5066,0,39204.7,1,0.436474610693169
4430,92533.07,0.344,0.0788,0.2335,0,11170.9,0,0.2155532019014964
4431,76663.63,0.5024,0.2361,0.6154,0,36105.41,1,0.8512372956027244
4432,98655.64,0.2119,0.2212,0.557,0,6532.34,1,0.5392533860045413
4433,78056.27,0.0703,0.2198,0.3083,0,41854.74,1,0.27105280156334455
4434,62552.12,0.0258,0.1999,0.5851,0,13063.46,0,0.4415859442340078
4435,121810.87,0.374,0.1815,0.3946,0,36776.55,1,0.43604647330590496
4436,87225.93,0.1563,0.1745,0.68,0,7688.82,1,0.537784832280295
4437,79343.61,0.216,0.0702,0.6207,1,18081.94,1,0.6926479054660353
4438,33092.39,0.0455,0.2211,0.3502,0,30341.9,0,0.377965319283763
4439,32792.31,0.1115,0.2174,0.2993,0,31352.99,1,0.39183388911301636
4440,72317.89,0.1637,0.1921,0.8068,0,32952.38,1,0.7015230429303638
4441,68638.03,0.3659,0.2262,0.8441,0,19034.36,1,0.880037505384093
4442,49646.94,0.1826,0.1551,0.3083,0,31640.33,0,0.3265002348981578
4443,68524.57,0.4635,0.1351,0.2477,0,22140.06,1,0.4523373996266278
4444,104715.67,0.1024,0.2339,0.5204,0,27636.8,1,0.41465191437031623
4445,82385.06,0.0724,0.1382,0.2454,0,26889.06,0,0.1453526874918973
4446,36474.79,0.2017,0.1719,0.5324,0,11725.59,1,0.5786964009264692
4447,62212.28,0.1926,0.1209,0.2664,0,38863.93,0,0.23625073481793807
4448,44875.84,0.1286,0.1709,0.4084,0,39685.65,1,0.3899170318028894
4449,55307.5,0.2535,0.1868,0.6041,0,13149.01,1,0.6591837874867505
4450,54659.61,0.1802,0.1687,0.4924,0,21661.34,1,0.477103077251483
4451,53058.86,0.1544,0.1478,0.7541,0,23595.03,1,0.6320972459629843
4452,33621.62,0.3714,0.107,0.5134,0,26956.88,1,0.6187555661272903
4453,61808.63,0.3421,0.1723,0.4958,0,5890.9,1,0.6171203758100581
4454,50984.81,0.3066,0.2226,0.5657,0,35352.61,1,0.7335896937962768
4455,20000.0,0.5246,0.0513,0.341,0,39478.33,1,0.5636717843086733
4456,116324.3,0.1516,0.0754,0.5736,0,10687.76,0,0.23942566098977913
4457,92219.24,0.3068,0.0728,0.7529,0,40865.16,1,0.5559386243050934
4458,55592.48,0.4161,0.2254,0.4702,0,39036.49,1,0.7472119651792827
4459,65470.48,0.2862,0.1759,0.6919,0,26690.27,1,0.7101246822671865
4460,35708.64,0.4178,0.2308,0.2876,0,15989.27,1,0.6737274370327176
4461,107393.07,0.1585,0.1607,0.4099,0,13299.59,0,0.2672287686130103
4462,112432.22,0.2597,0.1377,0.5571,0,24565.02,1,0.4124055504851829
4463,68917.34,0.2506,0.2005,0.5503,0,25288.17,0,0.6063602913518304
4464,90588.27,0.083,0.0806,0.4304,0,31074.73,0,0.16902146188718797
4465,69382.17,0.2245,0.1225,0.6036,0,37065.5,1,0.49620572013744246
4466,31581.86,0.1183,0.1386,0.6635,0,42379.99,1,0.5645551357702546
4467,54704.42,0.3754,0.1067,0.5805,0,36851.24,1,0.6248559117401619
4468,68298.2,0.1203,0.1205,0.4462,0,41361.81,1,0.2851207089724545
4469,53636.31,0.4734,0.0648,0.4415,2,24974.74,1,0.9341376401441327
4470,59533.67,0.397,0.0876,0.6002,0,6555.38,1,0.6179251135479237
4471,62715.01,0.0576,0.1137,0.624,0,7073.21,1,0.36248801056857816
4472,62978.04,0.1126,0.2012,0.4072,0,15739.5,0,0.38080741240605936
4473,66306.46,0.159,0.0847,0.4731,0,29559.45,0,0.2878073668856409
4474,38484.87,0.2966,0.1159,0.6103,1,18408.97,1,0.8559005843562438
4475,47074.6,0.4329,0.0623,0.0851,0,11645.75,1,0.2478190544349146
4476,32885.39,0.2469,0.1558,0.7579,0,39019.8,1,0.7592253338995916
4477,89445.39,0.4479,0.1661,0.5323,0,44399.79,0,0.6637424371412999
4478,20000.0,0.1758,0.2144,0.5336,0,5665.66,1,0.6610968093039171
4479,93839.76,0.2268,0.2056,0.62,0,8576.96,1,0.5893515033013138
4480,99658.73,0.1869,0.1042,0.5362,0,24973.55,0,0.3117569172997628
4481,57445.49,0.3962,0.076,0.3265,0,18506.69,1,0.3844550016100691
4482,20000.0,0.1887,0.0797,0.2765,0,36286.05,0,0.2655080634913584
4483,55967.24,0.4281,0.2341,0.6816,0,31172.09,1,0.8666257431144485
4484,63395.4,0.2739,0.1779,0.4793,0,7740.41,1,0.5476267431511537
4485,39735.04,0.1178,0.0581,0.368,0,26795.33,0,0.21082361432842667
4486,52119.54,0.2762,0.076,0.6395,0,18461.3,1,0.5382900463001232
4487,103254.88,0.1905,0.1423,0.2192,0,43604.5,0,0.1690000600459907
4488,81623.18,0.33,0.0895,0.5139,0,24011.16,0,0.43709798768231
4489,41885.9,0.3817,0.2027,0.1921,0,42106.55,1,0.5080432545474725
4490,25060.02,0.3627,0.1589,0.3234,0,6206.98,1,0.565050652718977
4491,56824.57,0.2718,0.1664,0.433,1,9130.99,1,0.7805359404115169
4492,59663.58,0.1735,0.1379,0.5378,1,20450.76,1,0.7362081011147238
4493,77404.98,0.2292,0.0987,0.6866,0,40478.27,1,0.5090357260602312
4494,51617.08,0.1011,0.162,0.6504,0,26784.16,1,0.52827187224739
4495,77787.49,0.4965,0.1862,0.5385,1,37965.62,1,0.9151075674374789
4496,113378.85,0.178,0.1205,0.3028,0,16341.19,1,0.16648249494991424
4497,85387.53,0.2905,0.1459,0.6278,0,9459.77,1,0.5767364873721715
4498,63797.79,0.0588,0.2095,0.7011,1,14841.55,0,0.827320669815959
4499,60421.24,0.2502,0.0782,0.5223,0,30812.14,0,0.403334332201217
4500,56083.17,0.0572,0.1536,0.6076,0,39856.68,0,0.4281636277135656
4501,94516.02,0.4694,0.1162,0.3865,0,23199.97,0,0.4759553068952759
4502,49317.16,0.1745,0.1835,0.3149,0,12744.62,1,0.3680540334300315
4503,66130.57,0.2991,0.0536,0.4639,0,30504.48,0,0.3500407119380405
4504,66279.95,0.2913,0.1774,0.5615,0,12877.36,1,0.6206465258437601
4505,52455.4,0.0821,0.0696,0.5213,0,27811.51,1,0.268707419317432
4506,30688.36,0.1603,0.0623,0.4554,1,9091.67,1,0.6196807770853635
4507,73074.36,0.1687,0.1877,0.7979,0,37445.4,1,0.6915889400937894
4508,63474.9,0.0348,0.1717,0.7121,0,37206.67,1,0.5039796240461246
4509,77506.01,0.2964,0.22,0.717,0,26650.22,1,0.7670756692084443
4510,51659.99,0.0466,0.1487,0.6934,0,6527.3,1,0.4902915470193985
4511,95520.53,0.3239,0.1507,0.2341,1,16207.42,1,0.5825708308097023
4512,43080.66,0.2698,0.1843,0.5908,0,10531.39,1,0.6856137440467907
4513,107801.01,0.3796,0.1114,0.4566,1,25938.23,1,0.7077784893210549
4514,21309.09,0.0273,0.057,0.3566,0,9069.37,0,0.17913664851773758
4515,75869.25,0.4633,0.0937,0.6063,1,39789.06,1,0.8673765278976444
4516,76885.77,0.0173,0.0952,0.5803,0,39006.57,0,0.2462942908008388
4517,45111.07,0.2975,0.1138,0.6564,1,11243.92,1,0.8649005959605076
4518,75609.85,0.0576,0.2293,0.4711,0,32795.52,1,0.39670165514024053
4519,96987.97,0.1884,0.2029,0.6964,1,32860.13,1,0.8411948843358796
4520,20000.0,0.0574,0.2278,0.2489,0,20870.18,0,0.35169727213164775
4521,77568.62,0.1529,0.2397,0.4719,1,11119.96,1,0.7751527694732694
4522,20000.0,0.2821,0.1324,0.5433,0,10284.31,1,0.634258164769688
4523,40858.38,0.2563,0.0931,0.4273,0,34579.04,0,0.40409383860262604
4524,105729.16,0.1659,0.1564,0.2389,2,13807.1,1,0.7205210853213069
4525,50455.45,0.3914,0.2174,0.36,0,29138.15,1,0.6523900393085658
4526,35653.0,0.0622,0.1385,0.289,1,39635.26,1,0.5097359693818001
4527,60051.56,0.0535,0.146,0.3359,0,28723.98,1,0.21797331158458774
4528,116697.66,0.0589,0.0755,0.6604,0,43958.49,0,0.22763960930938149
4529,20000.0,0.1855,0.1299,0.8623,0,30820.08,1,0.7708120458571116
4530,38717.25,0.0439,0.1235,0.2411,2,17584.12,1,0.7178462230689198
4531,102435.79,0.2212,0.1168,0.3705,0,39098.69,1,0.2410263558718268
4532,111442.56,0.183,0.2186,0.4175,0,17436.49,1,0.3665966810518371
4533,62414.22,0.1477,0.0613,0.6626,1,43862.82,1,0.6900186513166576
4534,34023.68,0.0635,0.2347,0.3711,0,24109.28,1,0.4300663804183746
4535,117396.09,0.3475,0.0516,0.4929,0,43129.88,0,0.2979475904509472
4536,104861.06,0.2034,0.2297,0.3603,1,12343.93,1,0.6747455916213643
4537,81973.67,0.1879,0.1541,0.4248,0,5455.94,1,0.34374923500937826
4538,44689.94,0.1361,0.1835,0.6318,1,12845.25,1,0.8378797422576262
4539,63774.27,0.2299,0.0856,0.8107,0,8934.73,1,0.6198177464516912
4540,60991.0,0.4503,0.1743,0.7331,0,34358.24,1,0.8422561149282206
4541,73271.28,0.1075,0.2176,0.6837,0,15581.83,0,0.5997364139799372
4542,101275.04,0.1123,0.0765,0.4792,1,30578.97,1,0.44842941465160363
4543,86985.43,0.0757,0.0741,0.5654,1,31746.28,1,0.5151665363367673
4544,38065.6,0.2337,0.1078,0.5748,0,32529.81,1,0.533162521293866
4545,99412.41,0.3158,0.0807,0.6583,2,38304.32,1,0.9190969182537123
4546,72828.3,0.0886,0.071,0.3687,0,10958.63,1,0.1593054430535509
4547,82176.64,0.1874,0.1789,0.699,0,7018.56,1,0.6005591045094455
4548,101663.52,0.1689,0.0906,0.5971,0,6188.21,0,0.31633162757076155
4549,37210.49,0.2609,0.1767,0.2598,1,9151.6,0,0.7157957421494465
4550,64104.36,0.2708,0.2138,0.8037,0,20167.42,1,0.8127953134653855
4551,51713.64,0.1492,0.1739,0.5003,0,43695.04,0,0.4704892355373
4552,25803.51,0.066,0.0727,0.6952,0,19129.0,1,0.4466495035054731
4553,73667.75,0.0735,0.159,0.5907,0,23116.92,1,0.39671969792397677
4554,127788.91,0.1195,0.1248,0.4965,0,37575.87,0,0.21252472359147456
4555,20000.0,0.2353,0.1152,0.6153,0,41743.92,1,0.6215501769206727
4556,64192.98,0.0891,0.1105,0.4384,1,43857.66,1,0.5402529430728547
4557,81013.57,0.2384,0.2266,0.5417,0,38058.05,0,0.6021074109367992
4558,68076.96,0.2298,0.1911,0.6377,1,25100.64,1,0.862198067477846
4559,62171.8,0.5376,0.0754,0.8538,1,14179.06,1,0.9513423430093384
4560,32519.59,0.4168,0.1404,0.2389,0,28934.68,0,0.4980758065215363
4561,70819.67,0.6302,0.1105,0.4305,0,12871.8,1,0.698418520401363
4562,46080.9,0.2637,0.2358,0.4398,1,7228.99,1,0.8614366848220676
4563,20000.0,0.2563,0.2358,0.6212,0,41774.16,1,0.801565557375002
4564,94864.81,0.0927,0.1107,0.4522,2,24391.61,1,0.7632937782789293
4565,88959.65,0.4141,0.1169,0.0686,0,25329.61,1,0.21768166376868753
4566,66291.52,0.1269,0.1639,0.4591,0,29368.76,1,0.3672052035395951
4567,70726.87,0.109,0.1411,0.51,0,23056.34,1,0.34522232257596447
4568,91857.95,0.4259,0.0905,0.8304,0,22777.22,1,0.7393407678967524
4569,70608.49,0.3252,0.1755,0.4782,0,41605.81,0,0.5726040085144023
4570,87600.44,0.0939,0.1135,0.494,1,37661.85,1,0.5379551237021711
4571,57562.94,0.1117,0.1742,0.4744,1,13503.69,1,0.7008608314857732
4572,97799.59,0.1304,0.1229,0.528,0,16671.11,1,0.2917816110332426
4573,73019.64,0.2039,0.183,0.7397,0,31424.91,0,0.6722703098969317
4574,69851.3,0.2978,0.1769,0.5982,0,27843.68,1,0.6451841893621487
4575,33248.47,0.3507,0.1467,0.2168,0,35646.37,0,0.42767481010868696
4576,72173.9,0.2086,0.1839,0.4508,0,34105.3,1,0.4524166896377507
4577,44201.13,0.1709,0.1376,0.2958,2,33341.89,0,0.8356055066114947
4578,49042.93,0.2969,0.0721,0.6098,0,40208.72,0,0.5344303312009018
4579,44615.61,0.2037,0.0846,0.1225,0,35662.12,1,0.15833149264840898
4580,38344.13,0.1019,0.0967,0.3905,0,14713.9,1,0.2620083447549079
4581,118119.29,0.422,0.062,0.332,0,39913.49,1,0.2608961714760595
4582,98283.48,0.1807,0.1852,0.361,2,18421.29,1,0.8408041265645639
4583,113009.19,0.1115,0.1198,0.5635,0,41435.78,1,0.26688222593595307
4584,34427.62,0.1536,0.0678,0.3811,0,37970.8,0,0.2635663305657523
4585,66781.34,0.3164,0.2058,0.4682,0,7963.42,0,0.6144418079331316
4586,32662.31,0.0964,0.1799,0.287,1,35851.22,1,0.6141009081195445
4587,47607.63,0.4183,0.1359,0.3123,0,25004.56,0,0.5149834532399009
4588,42046.83,0.2692,0.097,0.2721,1,44084.51,1,0.602825439425855
4589,95989.6,0.3195,0.0788,0.515,0,23336.76,0,0.37758976810954326
4590,55094.26,0.2796,0.1371,0.6093,0,7680.31,1,0.6095213762739636
4591,91709.48,0.0946,0.2182,0.6498,1,16725.46,1,0.7889920108327227
4592,80103.02,0.2835,0.0858,0.4831,0,22208.38,0,0.3690103937203843
4593,122590.97,0.073,0.158,0.339,1,28676.71,1,0.38323640051256025
4594,28013.89,0.2724,0.2327,0.6969,0,11084.23,1,0.8325738274462732
4595,96480.83,0.1599,0.1711,0.1345,0,25603.31,1,0.151218971115673
4596,93661.02,0.1634,0.1336,0.5613,1,24338.91,0,0.669327652586787
4597,40665.53,0.0959,0.1861,0.7177,1,38466.5,1,0.8616446617236416
4598,90178.33,0.1747,0.2067,0.8909,0,17096.12,1,0.748860680320713
4599,73403.62,0.2636,0.1622,0.4034,0,22980.7,1,0.42638238627170844
4600,59313.09,0.0727,0.2156,0.7301,1,20544.51,1,0.8578289031927867
4601,44401.61,0.1187,0.1478,0.1726,0,30289.25,0,0.19752843639121323
4602,47022.26,0.2267,0.2077,0.5377,0,38447.56,1,0.6372091039867789
4603,116245.3,0.0213,0.2309,0.5351,0,32024.97,0,0.3248315756354083
4604,65017.07,0.041,0.1452,0.3838,0,23601.96,1,0.22761612142051812
4605,84553.25,0.1038,0.165,0.6423,0,30513.19,1,0.44910364635983546
4606,45227.52,0.2276,0.1658,0.412,0,17889.76,0,0.47398385236172025
4607,45503.68,0.2561,0.1985,0.81,1,10763.99,1,0.9406080130181433
4608,92049.62,0.2787,0.2064,0.5488,0,17788.72,1,0.5855585684630101
4609,31260.59,0.251,0.0552,0.1064,0,22747.58,0,0.1662857667025093
4610,54619.66,0.2693,0.1893,0.2825,1,22570.6,0,0.7197178486664086
4611,65850.69,0.1254,0.1989,0.4223,1,34504.05,1,0.6934500954634467
4612,67784.32,0.2132,0.1831,0.303,1,42453.81,1,0.6527277524229261
4613,60522.67,0.2444,0.1856,0.8671,0,20558.38,1,0.8059117563970212
4614,74895.49,0.2967,0.0579,0.3313,0,8457.94,1,0.2466374503161443
4615,82321.39,0.0341,0.134,0.3096,1,6336.53,1,0.3813789184023073
4616,83365.94,0.1854,0.2055,0.3785,1,5158.11,0,0.683621748315122
4617,40354.9,0.2823,0.2275,0.6991,0,42524.01,1,0.8165475417411027
4618,57896.12,0.1085,0.0936,0.9029,1,44825.33,1,0.8449898539945868
4619,94869.07,0.1329,0.16,0.3421,0,7055.36,0,0.23012677245650268
4620,87366.18,0.0901,0.2028,0.6115,1,19328.35,1,0.7534675689836265
4621,30678.51,0.4345,0.193,0.1892,0,31773.81,1,0.5657022133565055
4622,73787.0,0.107,0.1676,0.2472,0,12157.82,0,0.20469703080178958
4623,20000.0,0.1401,0.0536,0.4765,0,28777.49,1,0.32719977287252483
4624,66173.37,0.1608,0.1875,0.554,0,37544.69,1,0.5123755427841017
4625,112444.18,0.0855,0.1969,0.5145,0,39323.46,0,0.32113721383253585
4626,41302.68,0.2379,0.1873,0.793,0,33256.83,1,0.7952304482871481
4627,44141.92,0.184,0.1955,0.3738,0,8270.57,0,0.45438523760188254
4628,84100.74,0.501,0.1319,0.4921,0,18935.83,0,0.6391328178572545
4629,26429.96,0.1269,0.2388,0.3559,0,43693.71,0,0.5016559247452811
4630,49181.12,0.0559,0.1964,0.4386,0,12710.2,0,0.37926732268524915
4631,79911.03,0.4218,0.1599,0.5072,0,23157.04,1,0.6347482309899327
4632,49142.85,0.1851,0.2275,0.3211,1,18367.08,1,0.7431551491743414
4633,59100.75,0.1621,0.2226,0.2178,1,13221.53,1,0.6249137392764473
4634,83604.64,0.2031,0.2048,0.5274,0,17941.44,1,0.5164263981635248
4635,75538.65,0.331,0.1571,0.9309,0,12580.75,1,0.8345683624729912
4636,71670.46,0.4718,0.1501,0.5712,0,40090.13,1,0.723663652997569
4637,56521.94,0.062,0.1125,0.6106,0,11977.73,1,0.36832073537450927
4638,74251.53,0.5149,0.0977,0.4931,0,29941.77,1,0.6213216455808154
4639,61906.68,0.0695,0.1473,0.5671,0,42692.62,1,0.38364115950303346
4640,76445.14,0.4086,0.1598,0.6854,0,43105.83,1,0.7534446756851038
4641,52576.7,0.0865,0.0965,0.7455,0,29016.99,1,0.4808572332968097
4642,60435.78,0.2239,0.2253,0.4981,0,15835.84,1,0.6011230124573128
4643,40251.06,0.1201,0.1559,0.1096,0,14915.91,1,0.18131533264688726
4644,64124.81,0.1853,0.15,0.4536,0,34898.83,1,0.3975341524367581
4645,44724.98,0.3343,0.1328,0.1195,0,44228.29,0,0.29445265181868907
4646,37148.84,0.3294,0.061,0.7654,0,8103.8,1,0.6917110344881365
4647,71466.53,0.2638,0.2177,0.3307,1,36578.74,1,0.7510609559349049
4648,70318.49,0.1082,0.1102,0.4735,0,9919.42,1,0.27615464450819033
4649,84571.84,0.2697,0.1721,0.6764,1,16927.41,1,0.8607169974860611
4650,54221.86,0.1227,0.1654,0.3544,0,27664.95,0,0.3157659756412733
4651,75201.32,0.2218,0.1611,0.2494,0,16888.99,0,0.2730874345870214
4652,78769.94,0.2888,0.1499,0.669,0,31010.45,1,0.6291116930651609
4653,76119.35,0.0901,0.0845,0.2614,0,21687.83,0,0.12459448462670294
4654,44358.66,0.1086,0.1033,0.5288,0,13764.55,1,0.3601375985162263
4655,68734.09,0.1012,0.1496,0.1925,1,26237.23,1,0.4064411953066736
4656,74103.51,0.1935,0.2,0.5274,0,5960.39,1,0.5226435131071882
4657,65179.46,0.2613,0.1321,0.593,0,34643.13,1,0.5479426286599444
4658,20000.0,0.1525,0.0887,0.4499,1,25891.55,1,0.6728426845755591
4659,69012.24,0.4527,0.0667,0.5691,0,42868.01,0,0.5879841773155425
4660,120313.28,0.0785,0.176,0.112,0,9111.58,0,0.09098579138536164
4661,55999.02,0.2522,0.1304,0.8678,0,34291.69,1,0.7561785503575301
4662,46798.07,0.4553,0.0738,0.5016,1,17038.02,1,0.8399824541753211
4663,74333.71,0.0326,0.1781,0.6415,0,19925.95,1,0.42908877274816404
4664,72809.46,0.0886,0.0894,0.4824,0,18939.47,1,0.2367839056657246
4665,94818.38,0.0606,0.1467,0.511,1,19320.88,1,0.5581994788470115
4666,33553.3,0.1519,0.1082,0.193,0,22233.4,0,0.20273599111037163
4667,83284.51,0.0683,0.227,0.1206,0,5840.19,0,0.16641091085587015
4668,79760.55,0.0977,0.0934,0.3121,0,38870.29,0,0.1502801857217526
4669,61446.34,0.4082,0.1298,0.5374,2,40271.84,1,0.9559637214872668
4670,73467.18,0.2738,0.2323,0.281,0,6582.26,1,0.4522660275747247
4671,90736.44,0.3217,0.1106,0.3454,0,36040.13,0,0.31404478642097433
4672,86807.88,0.1439,0.1725,0.5175,0,7890.9,1,0.39331213027648726
4673,36424.52,0.3386,0.1102,0.4015,0,37312.54,0,0.4978495720381157
4674,85503.95,0.0794,0.071,0.802,1,29519.51,1,0.6982681808205293
4675,63382.78,0.1653,0.1692,0.3673,0,17254.11,1,0.3460444868713855
4676,66821.85,0.1301,0.224,0.3224,0,29555.3,0,0.35826716801662994
4677,66829.92,0.3538,0.136,0.5221,0,25265.84,0,0.5783860794962941
4678,61243.93,0.1981,0.169,0.6391,1,30430.19,1,0.8374811853405474
4679,94792.69,0.1745,0.1657,0.5752,0,24014.87,1,0.4367291093441809
4680,62907.05,0.1608,0.1289,0.4529,1,35914.98,1,0.6481487786170715
4681,37011.35,0.3307,0.1668,0.5964,1,6810.78,1,0.9017271744640938
4682,55161.75,0.1712,0.0993,0.464,0,18771.29,0,0.3352799779002843
4683,69467.37,0.0622,0.1218,0.2473,0,27371.47,0,0.143497696679875
4684,95730.37,0.4931,0.134,0.7397,0,28529.72,1,0.7771829143707873
4685,80077.37,0.2436,0.2142,0.7638,0,11781.8,1,0.7472110970118959
4686,43736.62,0.0385,0.1162,0.4024,1,7981.18,1,0.5231833480948075
4687,127129.75,0.2019,0.1707,0.4898,1,5839.14,1,0.6309506827210977
4688,71619.38,0.0444,0.0905,0.4759,2,21520.54,1,0.7613657101396141
4689,96884.77,0.126,0.098,0.6966,0,18215.49,1,0.375036511528209
4690,61207.14,0.3919,0.1732,0.4653,0,27712.32,1,0.6400371590335047
4691,78333.98,0.276,0.1948,0.3262,2,22980.59,1,0.8970245190868804
4692,85986.71,0.1274,0.1378,0.4542,1,20762.72,0,0.5804913996901941
4693,95454.87,0.4893,0.1137,0.6364,0,38732.82,1,0.6827094222145188
4694,91434.21,0.0571,0.223,0.4554,0,29860.65,0,0.3388437327738252
4695,86804.93,0.1617,0.0758,0.8255,2,30844.03,1,0.9234773628333787
4696,57122.83,0.2364,0.1869,0.3642,0,20273.06,1,0.4495096634640536
4697,50706.35,0.3644,0.1811,0.5841,0,36073.77,0,0.7339880500766365
4698,73315.19,0.2303,0.1811,0.7347,0,11083.5,1,0.686777341469705
4699,88328.2,0.1571,0.2277,0.5772,0,21080.03,0,0.5406000374282859
4700,59431.98,0.0553,0.1884,0.6347,0,6886.96,1,0.49768802237678117
4701,91629.3,0.2615,0.1073,0.5669,0,9617.49,1,0.42193588616026484
4702,101315.42,0.1341,0.1171,0.3695,1,8261.03,1,0.4468643115802414
4703,42091.98,0.4563,0.1243,0.1748,0,22657.45,1,0.4329824075761897
4704,44076.98,0.1554,0.0559,0.4717,0,32892.97,1,0.28927173554137836
4705,61490.62,0.0365,0.2236,0.4676,0,17507.87,1,0.3990171674623836
4706,72690.32,0.1274,0.064,0.1945,0,6064.44,0,0.10607733697456982
4707,51885.82,0.0959,0.183,0.7782,0,33288.34,1,0.6563927522218197
4708,98805.07,0.1653,0.1887,0.5625,0,13297.32,1,0.4461575457428379
4709,75601.67,0.1367,0.2103,0.5052,0,33906.99,1,0.46517000160810584
4710,65986.18,0.2003,0.1551,0.5966,0,5294.18,1,0.5304155419553407
4711,29102.26,0.1088,0.1878,0.3635,0,17493.68,1,0.4009499290600324
4712,32104.6,0.1358,0.1075,0.5321,0,29849.23,1,0.421853805971527
4713,72025.23,0.3887,0.1917,0.5855,0,39846.03,0,0.7256733797924838
4714,20000.0,0.351,0.1152,0.8048,0,35165.14,1,0.8241714744698195
4715,90315.94,0.2893,0.2215,0.8457,0,22984.79,1,0.8130176843873793
4716,61046.15,0.1723,0.081,0.4742,0,33740.59,1,0.3044468285830278
4717,146077.32,0.228,0.11,0.3941,0,26501.66,1,0.18011094370586544
4718,122697.91,0.0917,0.1448,0.6104,0,37535.82,0,0.29740927271355083
4719,60463.77,0.1041,0.1974,0.5821,0,35882.62,1,0.5127925974157207
4720,62341.57,0.1385,0.1923,0.1915,0,44034.09,0,0.24135895364055443
4721,89889.54,0.4388,0.09,0.4718,1,9197.52,1,0.7662266666380841
4722,107579.32,0.0907,0.0774,0.3432,0,18628.2,0,0.11558711176015334
4723,24049.27,0.2553,0.1078,0.1904,0,12695.07,0,0.2885986887450465
4724,20340.61,0.3479,0.1419,0.6292,1,30230.72,1,0.9156312199958514
4725,49449.13,0.5178,0.1524,0.8384,0,31561.11,1,0.9034926895059924
4726,79568.44,0.478,0.1315,0.6233,0,13152.43,0,0.7220754937127227
4727,77421.84,0.3482,0.176,0.4873,0,21862.1,1,0.5853514754049941
4728,91744.29,0.1902,0.1312,0.4898,1,29086.01,1,0.6398861876509564
4729,35007.56,0.204,0.2298,0.716,0,31358.13,1,0.78979203315738
4730,20000.0,0.0714,0.0996,0.5557,0,9105.88,1,0.3982042606584211
4731,86450.35,0.0643,0.1692,0.3575,1,41842.91,0,0.4947263397250096
4732,44295.09,0.1741,0.1662,0.7406,0,6363.32,1,0.685374466120077
4733,20000.0,0.3247,0.1035,0.735,0,43917.7,0,0.7579677537817789
4734,68626.59,0.3282,0.1282,0.2677,0,17653.03,1,0.3368255824562499
4735,84829.39,0.3544,0.1194,0.6152,0,17653.82,1,0.583150809754389
4736,61948.57,0.2959,0.0828,0.425,1,22841.04,1,0.6740081608169083
4737,53553.79,0.1697,0.1407,0.4115,0,32798.33,1,0.3612659600980272
4738,61015.94,0.1926,0.1235,0.4989,0,11384.07,1,0.4044464598290315
4739,55735.43,0.2211,0.0839,0.5583,3,15199.39,1,0.9691489455806336
4740,31298.82,0.0694,0.1355,0.3217,0,43462.91,0,0.25845734320701397
4741,47132.98,0.0736,0.1302,0.1578,0,40073.69,0,0.14654877797482949
4742,78032.0,0.3314,0.075,0.6385,0,13495.67,0,0.5241594626089693
4743,73041.96,0.1131,0.0749,0.4738,0,27920.46,0,0.2304442474250491
4744,69201.5,0.1144,0.173,0.5534,0,13144.07,1,0.43746445164267095
4745,40121.29,0.2765,0.1843,0.4003,0,27002.45,1,0.5530353903729601
4746,60462.42,0.0684,0.2288,0.5147,0,19630.93,1,0.47687761232048514
4747,20000.0,0.1564,0.0665,0.5392,0,19496.99,1,0.4085386980448086
4748,69461.92,0.3477,0.0724,0.5449,1,30402.79,1,0.7627202475272752
4749,100721.44,0.2603,0.0598,0.2976,0,15073.63,1,0.1677990141854431
4750,28146.7,0.0528,0.1511,0.4147,1,21170.38,1,0.6388594155775419
4751,50351.81,0.1982,0.1683,0.8164,1,42010.35,1,0.9104473184127699
4752,73227.67,0.0416,0.1267,0.5295,0,35214.59,1,0.2792682905291177
4753,96321.07,0.0579,0.2016,0.6243,0,20331.34,0,0.4242651983141045
4754,53794.38,0.035,0.1805,0.1137,1,14210.47,1,0.3702913740038942
4755,47693.74,0.2694,0.2373,0.0585,1,31360.47,1,0.6458007677958129
4756,20000.0,0.1098,0.0762,0.7015,0,37307.59,1,0.5123717223089814
4757,67585.95,0.1227,0.0611,0.7128,0,39430.59,1,0.3941145061068972
4758,116051.9,0.1211,0.1022,0.4784,0,27571.25,0,0.19802136683034782
4759,71933.96,0.0877,0.0536,0.5749,0,25671.99,1,0.2493494263951961
4760,64443.03,0.1427,0.2272,0.4853,0,33785.7,0,0.509811254325463
4761,73052.06,0.1575,0.1078,0.4859,1,12030.67,1,0.6146251275514037
4762,64722.7,0.515,0.155,0.7917,0,39085.56,1,0.8746211844585466
4763,44674.64,0.4313,0.1104,0.6599,0,7956.94,1,0.7502070809225286
4764,85582.0,0.3328,0.0967,0.5981,1,29120.68,1,0.7841323687992656
4765,70644.04,0.2213,0.0789,0.4463,0,28587.74,0,0.301123781461034
4766,65440.33,0.1562,0.1109,0.6258,0,17428.09,1,0.44120454331695325
4767,40615.85,0.4527,0.1669,0.4353,0,6418.51,1,0.703360891525642
4768,97587.7,0.2459,0.2346,0.7387,0,33714.19,1,0.7262354163830461
4769,81617.57,0.2254,0.156,0.3637,0,5966.96,1,0.3340920557192103
4770,51176.98,0.2631,0.1512,0.6244,0,12184.47,1,0.6376047219910469
4771,90045.62,0.4031,0.0567,0.3506,0,26769.47,1,0.3073092674584319
4772,52560.73,0.2175,0.2096,0.3123,0,42599.32,0,0.438642675447752
4773,45449.91,0.0671,0.0585,0.3745,0,7637.34,0,0.176404798297767
4774,46007.42,0.0265,0.2222,0.7331,0,28151.48,0,0.6363869973777506
4775,20723.29,0.0951,0.1523,0.3005,1,18155.72,0,0.6074199242845957
4776,76788.56,0.2474,0.082,0.5812,0,31776.72,1,0.41472678306643185
4777,20000.0,0.122,0.1358,0.5756,0,43116.35,1,0.5203423212628449
4778,34288.9,0.2953,0.239,0.7964,0,15743.61,1,0.8801909191911275
4779,20000.0,0.342,0.108,0.3366,0,43237.08,1,0.48454516841964074
4780,62848.26,0.2646,0.1012,0.3639,1,39825.05,1,0.6281472849578728
4781,61241.99,0.0839,0.0724,0.691,0,29282.24,0,0.3754996631755231
4782,56832.59,0.1091,0.1635,0.6139,0,35329.47,1,0.49581500207296403
4783,38935.56,0.4789,0.067,0.678,0,39595.52,1,0.7508868680645175
4784,35694.16,0.4691,0.1955,0.6,1,37138.75,1,0.9501758969142005
4785,76609.25,0.4786,0.2247,0.3466,0,18068.31,1,0.669209075634485
4786,51236.2,0.359,0.2271,0.7986,0,37504.16,0,0.8802181709424389
4787,72908.96,0.4659,0.0705,0.483,0,17540.75,1,0.5278862247905445
4788,42868.78,0.0687,0.1561,0.6109,1,39683.17,1,0.7610746986216123
4789,69526.57,0.1253,0.0685,0.4841,0,15218.64,0,0.24322694165373882
4790,97581.95,0.2997,0.1587,0.3527,0,27890.43,1,0.3575017361939298
4791,79654.15,0.085,0.2048,0.1673,1,32716.95,1,0.43527058472393715
4792,54689.65,0.2147,0.1522,0.7365,1,22031.65,1,0.8777100242863631
4793,71429.97,0.1199,0.2157,0.4141,0,36318.9,1,0.39595335914246366
4794,58983.37,0.4443,0.2023,0.7157,0,42014.24,1,0.8583847524268491
4795,65197.0,0.2127,0.1025,0.3062,1,12450.12,1,0.5320907707885818
4796,56859.72,0.1354,0.1697,0.5157,0,6337.71,0,0.4507624242151816
4797,60891.62,0.4696,0.0514,0.5109,0,30060.66,1,0.5514255953031266
4798,70302.33,0.113,0.1252,0.4875,0,29087.47,1,0.30999415613442016
4799,40166.03,0.2249,0.0952,0.695,0,18652.18,1,0.5956293543335256
4800,39603.03,0.3818,0.2281,0.7763,1,36418.52,1,0.9669384847999299
4801,30286.44,0.0873,0.127,0.3917,0,38045.7,1,0.3087631379810789
4802,24993.22,0.1881,0.1743,0.6077,0,18279.43,1,0.6547392289174471
4803,34567.93,0.0781,0.1891,0.5205,0,32290.9,0,0.4877107545855795
4804,68986.56,0.2701,0.1969,0.2807,0,30681.0,0,0.40175686454916726
4805,42680.31,0.3682,0.1898,0.2123,1,18705.77,1,0.7690367887097631
4806,77840.36,0.1654,0.1049,0.2493,0,43765.93,0,0.16948038937704435
4807,65867.84,0.2182,0.1804,0.6464,1,18856.09,1,0.8543458040819758
4808,20000.0,0.3567,0.1543,0.4907,0,29811.36,0,0.6906270559609456
4809,81374.39,0.1352,0.1635,0.5023,1,20205.06,1,0.6740465305614166
4810,85269.97,0.1132,0.0502,0.3059,1,5473.32,1,0.3127795425896116
4811,40153.43,0.252,0.0991,0.3472,1,8665.54,0,0.6525358382414156
4812,75504.79,0.2336,0.2268,0.2297,2,14292.65,1,0.8735413210992895
4813,43587.54,0.1437,0.1051,0.8137,1,37486.73,1,0.8522720222419267
4814,67441.76,0.3549,0.1332,0.6097,0,22682.59,1,0.6413041140846161
4815,33387.54,0.2298,0.0855,0.2142,0,28544.95,1,0.23881612535647898
4816,20172.34,0.313,0.0763,0.4876,0,42754.26,1,0.5273056301837612
4817,55429.57,0.3415,0.0896,0.5295,1,10880.95,1,0.79341483538248
4818,61906.78,0.1627,0.1552,0.9155,0,39472.77,1,0.742867869726194
4819,55058.01,0.2167,0.2246,0.6386,0,20169.44,1,0.7086386146636304
4820,35399.24,0.2123,0.112,0.2436,1,18499.2,1,0.5687790398046066
4821,55002.52,0.1543,0.1114,0.593,1,30021.13,0,0.7317866558798675
4822,71732.37,0.1789,0.1572,0.1967,0,40945.54,0,0.2136975876210383
4823,63877.67,0.3616,0.1178,0.3323,1,18941.44,1,0.7075328556896319
4824,69562.53,0.2159,0.223,0.4554,0,35456.33,1,0.5341767799133937
4825,48247.12,0.127,0.1218,0.1277,2,5769.68,1,0.6835215920592137
4826,94292.95,0.0708,0.1432,0.4514,1,29924.06,0,0.5148875402926418
4827,35595.67,0.0775,0.1513,0.5198,0,30222.35,0,0.42184102192478096
4828,77189.01,0.0729,0.1986,0.6901,0,27242.42,1,0.5328480044327116
4829,94547.28,0.4586,0.1571,0.1568,1,42512.9,1,0.6538133273042704
4830,77022.7,0.3147,0.0954,0.5717,1,42543.65,0,0.7705161770229211
4831,59936.89,0.2176,0.0736,0.5694,0,18682.44,1,0.40477832652003753
4832,51792.57,0.4446,0.2282,0.6137,0,23254.57,1,0.8472537827478736
4833,90902.19,0.2695,0.2023,0.4213,0,36695.02,1,0.4700072160740167
4834,29425.63,0.0588,0.0544,0.6576,0,38756.46,0,0.37270378139470695
4835,40746.89,0.0878,0.2061,0.3129,1,21718.75,1,0.6484863905228531
4836,55061.06,0.182,0.1622,0.3725,1,18961.06,1,0.6739526958939018
4837,95941.34,0.1616,0.1486,0.4058,0,37824.66,1,0.27301527054437547
4838,74494.19,0.238,0.0523,0.3833,1,20074.78,0,0.5123393206164045
4839,40798.86,0.3374,0.1984,0.522,1,21209.29,1,0.8977533043678867
4840,57242.31,0.1421,0.0876,0.8545,1,10421.22,1,0.8361556505594151
4841,49641.92,0.5774,0.1883,0.5459,0,26717.97,1,0.8510678902326687
4842,47255.28,0.2714,0.053,0.5982,0,18057.92,1,0.47387673565064536
4843,89472.24,0.2846,0.2013,0.6294,0,28624.27,1,0.6505364988382926
4844,30706.42,0.2048,0.0544,0.3897,0,22928.36,1,0.2970326924595047
4845,105219.52,0.3495,0.0948,0.5394,0,34925.46,0,0.4275195900211115
4846,85705.74,0.2156,0.101,0.4092,2,16110.91,1,0.8196177303628798
4847,92271.54,0.1257,0.0799,0.6527,0,11879.98,1,0.3251390818008293
4848,53426.51,0.2511,0.1414,0.6782,0,33118.39,1,0.647566660615879
4849,61251.48,0.2757,0.1039,0.5713,0,20365.09,1,0.5065057090892433
4850,29171.2,0.167,0.2387,0.6793,0,27544.14,1,0.7653577324118906
4851,51883.44,0.1305,0.1602,0.7429,0,42642.75,0,0.6247108012861855
4852,77341.37,0.1961,0.1576,0.4321,1,24363.75,1,0.673706660763855
4853,97401.58,0.2312,0.092,0.8197,1,11095.69,1,0.8155464378348155
4854,37321.08,0.277,0.1277,0.3699,0,22068.14,1,0.4418813737280033
4855,55862.35,0.3124,0.0736,0.6955,0,24141.24,0,0.6031014856168827
4856,61217.52,0.2418,0.1949,0.6975,0,35639.14,1,0.7143428901900518
4857,30105.27,0.1573,0.1129,0.587,0,12807.53,1,0.49981745991750953
4858,79783.73,0.2677,0.1929,0.4257,0,18876.07,1,0.48334889105749546
4859,46900.24,0.155,0.1206,0.3154,0,7001.13,1,0.26764292415013613
4860,60115.24,0.0857,0.2379,0.4074,0,33079.12,1,0.4222209218278344
4861,53701.27,0.1386,0.0825,0.8312,0,34757.29,1,0.5726616671170327
4862,45266.54,0.1894,0.0503,0.3346,0,23287.65,0,0.2196621685565086
4863,64823.88,0.2397,0.163,0.7032,0,26530.75,1,0.663713793492159
4864,59609.76,0.175,0.2311,0.7844,0,34992.55,1,0.7697912446385552
4865,55703.55,0.252,0.1729,0.8347,0,15732.06,1,0.7873349818742917
4866,46788.46,0.2113,0.0663,0.2343,0,29278.61,0,0.19448903416828403
4867,72988.12,0.1872,0.1527,0.413,0,43556.77,0,0.3521999002989662
4868,106340.43,0.0676,0.2228,0.3463,0,31318.71,0,0.2439054676611574
4869,68497.18,0.0503,0.0512,0.6213,0,8124.41,0,0.2548633272635513
4870,89902.96,0.0823,0.0817,0.5893,0,16610.4,0,0.25663302281420225
4871,30244.45,0.1575,0.2048,0.2973,1,25765.06,1,0.714066096767725
4872,68944.04,0.1115,0.2198,0.3027,0,7906.83,0,0.3175484883931501
4873,37565.79,0.1962,0.1844,0.8296,1,32062.79,1,0.9299843717616962
4874,28076.88,0.0932,0.2384,0.0743,0,31168.49,1,0.2582444562348364
4875,46515.71,0.1643,0.0671,0.8976,0,40052.95,1,0.6393280463745201
4876,94797.48,0.0663,0.1537,0.6364,1,24999.71,1,0.6704904733137398
4877,88750.4,0.1025,0.1801,0.6124,0,32685.54,0,0.43856303472149366
4878,71075.12,0.2878,0.1835,0.4802,0,12280.73,1,0.5518695562385216
4879,26682.49,0.3146,0.2008,0.0904,1,5114.79,1,0.6974304523459858
4880,60092.98,0.1262,0.2243,0.6621,0,11890.16,0,0.6403313488370321
4881,72542.5,0.1391,0.1187,0.34,0,7488.58,0,0.2229724097076645
4882,69388.41,0.18,0.0582,0.4237,0,22108.72,0,0.23235498112968045
4883,20000.0,0.4288,0.1189,0.741,0,23732.13,1,0.8391260098196511
4884,42742.05,0.2006,0.1776,0.2435,0,30778.91,0,0.3427640012979636
4885,63398.06,0.1043,0.0906,0.3875,0,10630.87,0,0.2106093625918872
4886,78407.27,0.3882,0.2039,0.7313,1,13588.64,1,0.9378273645620496
4887,20000.0,0.0643,0.0918,0.6536,2,36933.05,1,0.9109454309292989
4888,60946.9,0.1886,0.0519,0.2139,1,28060.9,1,0.3641844508469169
4889,68576.22,0.4085,0.1465,0.4962,1,6174.54,1,0.8503553777737163
4890,86240.3,0.0883,0.188,0.2263,1,38936.19,0,0.44228985202074983
4891,82321.44,0.1961,0.1164,0.3676,0,30192.22,0,0.2579530568158982
4892,79564.28,0.1887,0.1923,0.6659,0,12465.56,1,0.6033508290593247
4893,45001.49,0.5442,0.1333,0.4157,1,15082.63,1,0.8931341787064011
4894,20000.0,0.3045,0.0826,0.6048,0,27141.9,1,0.623172654341698
4895,55173.68,0.3545,0.0672,0.3,0,27432.05,1,0.32106152938281046
4896,90040.8,0.2519,0.185,0.6832,0,37207.55,1,0.6366219827315088
4897,99836.36,0.3123,0.1233,0.1992,0,19343.31,0,0.21470021123784377
4898,82763.73,0.1833,0.2234,0.5785,0,26972.13,0,0.5720767488277584
4899,75733.52,0.2433,0.1526,0.4235,0,28301.52,1,0.402891001996738
4900,74490.99,0.0709,0.1162,0.2874,0,27347.06,1,0.15320133452395865
4901,51097.03,0.0396,0.1163,0.7411,0,7916.23,1,0.47012475829644407
4902,61748.49,0.5889,0.075,0.548,0,21450.11,1,0.7152046685122938
4903,106726.74,0.5028,0.1628,0.663,1,18555.36,1,0.9144214378417441
4904,41436.05,0.3908,0.1606,0.5772,0,44711.11,0,0.7397936973430536
4905,105369.47,0.2744,0.202,0.2263,0,23627.54,1,0.29314668189052545
4906,56949.3,0.5686,0.0882,0.5552,0,22409.12,1,0.7316845573794077
4907,98135.8,0.2068,0.1053,0.5253,0,24347.5,0,0.3249626127550591
4908,29829.62,0.4921,0.0685,0.3807,0,41771.3,1,0.5702393738568534
4909,79647.61,0.3632,0.1061,0.541,0,29458.15,0,0.5221961538948117
4910,46580.75,0.3431,0.1313,0.6992,0,20565.74,1,0.7348468674867842
4911,29618.32,0.2517,0.2332,0.3232,1,41503.1,1,0.8243212475041503
4912,70463.35,0.3873,0.1741,0.7259,1,42193.72,1,0.9290295084227549
4913,90236.79,0.0782,0.1987,0.3628,0,15572.51,1,0.26087038683933167
4914,43876.46,0.3718,0.1118,0.8418,0,20735.84,1,0.8157072484154305
4915,27524.6,0.373,0.0775,0.8081,1,43658.35,1,0.9283921458050948
4916,62703.88,0.4668,0.0988,0.6339,0,26641.95,1,0.7097988512221775
4917,62814.12,0.3512,0.0987,0.6058,0,22269.8,1,0.5914812568090084
4918,78707.99,0.2738,0.1608,0.4452,0,12816.18,1,0.45426353505835076
4919,88739.86,0.3338,0.1149,0.6338,0,20377.55,1,0.562529007627176
4920,63514.62,0.2199,0.2129,0.2804,0,30249.39,0,0.39496447206492025
4921,111387.58,0.1563,0.2378,0.5035,1,6548.05,1,0.7331895950499816
4922,70605.87,0.2139,0.1152,0.4887,0,8332.25,1,0.38000838353490896
4923,56339.34,0.1238,0.184,0.3063,0,5215.06,1,0.305174648373296
4924,24710.82,0.2536,0.1749,0.5216,0,13757.09,0,0.6480377555379656
4925,58433.51,0.3333,0.0869,0.6209,2,12319.71,1,0.9434475108381657
4926,56590.33,0.0703,0.2244,0.5289,0,39032.31,1,0.4923170235719138
4927,89007.62,0.263,0.0879,0.7176,0,12409.52,1,0.5195328543254807
4928,76562.09,0.1401,0.19,0.5095,0,31447.24,1,0.4360280547362715
4929,35515.77,0.3455,0.116,0.1492,1,9734.37,1,0.6204561846915158
4930,69306.36,0.2598,0.1197,0.6399,1,28742.39,0,0.8123912793848563
4931,81788.28,0.2693,0.1365,0.7052,1,22424.81,1,0.8460371483588914
4932,103200.78,0.048,0.2143,0.7685,0,21346.72,1,0.5361810528428914
4933,87187.6,0.168,0.0766,0.4644,0,39262.48,1,0.23896947155609496
4934,84021.17,0.2377,0.0604,0.5724,0,11708.78,1,0.34897708086438517
4935,66502.15,0.3184,0.1264,0.5186,0,28808.73,1,0.5279891886268201
4936,74707.8,0.2178,0.0606,0.204,0,37874.56,0,0.14115551872539825
4937,96237.62,0.2635,0.1806,0.556,0,33555.87,1,0.5249567742334583
4938,31680.57,0.039,0.1945,0.4782,0,44333.83,1,0.4332327410109312
4939,56264.02,0.2118,0.2124,0.5902,1,5084.24,1,0.8663101517992933
4940,45685.78,0.4792,0.1913,0.7216,1,40374.37,1,0.9629085470096701
4941,74478.83,0.2893,0.2241,0.538,0,29538.05,1,0.6545436156997283
4942,95755.55,0.1519,0.1922,0.7157,3,5099.38,1,0.9825768158911619
4943,50075.64,0.2639,0.2279,0.5807,0,23619.75,1,0.7204496896972226
4944,20000.0,0.1863,0.0867,0.602,0,35697.5,1,0.5201058962122892
4945,54694.48,0.2981,0.145,0.7761,0,12301.87,1,0.752897240326758
4946,87836.84,0.3431,0.2388,0.6742,2,32139.09,1,0.9769904572961351
4947,78440.75,0.2972,0.1795,0.3241,0,10586.74,1,0.4100691169522354
4948,75704.66,0.2818,0.2169,0.4961,0,37138.1,0,0.602226352572174
4949,58000.17,0.1716,0.0558,0.6959,1,27738.53,1,0.7318924132631808
4950,33024.23,0.1351,0.2156,0.8761,0,6355.47,1,0.8195311806294763
4951,77882.36,0.2858,0.1826,0.5755,1,8635.03,1,0.8439189503160117
4952,44142.95,0.0992,0.0824,0.3444,0,39554.6,0,0.20628047945693895
4953,119602.42,0.2032,0.0549,0.6854,1,6320.06,0,0.6180374572741135
4954,79262.68,0.3622,0.0994,0.2626,0,16941.7,1,0.29678610120915194
4955,50483.79,0.5358,0.224,0.6364,0,27676.48,1,0.8920680438417692
4956,49715.37,0.3924,0.1769,0.6494,1,13537.59,1,0.9284163580021737
4957,62676.39,0.3881,0.2247,0.3567,0,13969.29,1,0.6308627414581256
4958,59012.45,0.0494,0.1348,0.4637,1,36041.36,1,0.5763854602117732
4959,92920.84,0.2814,0.228,0.2341,0,16639.78,1,0.36952388729063046
4960,69660.4,0.3126,0.138,0.5721,1,6543.32,1,0.8263447710830703
4961,46709.21,0.1495,0.0888,0.2681,0,33844.87,1,0.19925782183031857
4962,112261.02,0.2127,0.0788,0.3814,0,43174.64,1,0.18363790213264208
4963,66232.71,0.2898,0.2388,0.3631,0,38277.36,1,0.5620248611069417
4964,84220.99,0.1297,0.1134,0.4627,1,26942.48,1,0.5537712897282171
4965,49794.34,0.4082,0.0804,0.4956,0,21995.35,1,0.5569553406891118
4966,74077.89,0.3407,0.0516,0.64,1,42006.61,1,0.7803912642339043
4967,72777.75,0.2132,0.1043,0.484,0,35649.02,0,0.3540835136002541
4968,20000.0,0.4095,0.2189,0.1665,0,27826.29,1,0.5923349061319964
4969,115381.88,0.0694,0.1515,0.6915,0,40192.89,1,0.362922512042303
4970,97266.11,0.1426,0.1702,0.6322,1,29068.49,1,0.7440140741435421
4971,55070.12,0.2868,0.2253,0.6742,0,43940.19,1,0.7808580778053693
4972,37443.26,0.419,0.1474,0.6346,1,39331.62,1,0.9266921288192721
4973,73689.04,0.2584,0.2093,0.951,0,27017.81,1,0.8555114454984214
4974,67167.44,0.3129,0.1115,0.7402,1,41913.45,1,0.8761704487166225
4975,73891.72,0.0724,0.2356,0.4273,0,18697.56,1,0.389822734629757
4976,69789.43,0.3127,0.065,0.4187,1,33037.08,1,0.6395929527316025
4977,77656.02,0.4031,0.1877,0.4179,0,11851.02,1,0.5984399682255052
4978,101182.64,0.4534,0.1755,0.5504,0,40814.6,0,0.669868580764961
4979,79202.58,0.1326,0.0864,0.1987,0,14922.01,0,0.11786229778385533
4980,38758.61,0.1597,0.1239,0.1451,0,42961.3,1,0.19115399192696966
4981,99064.07,0.2165,0.1094,0.5519,2,5679.66,1,0.8707524121781821
4982,106015.36,0.4253,0.068,0.6112,1,32273.48,1,0.7836881547116141
4983,143801.42,0.0301,0.1611,0.2195,0,11002.25,1,0.0787039913544903
4984,36912.65,0.0744,0.2388,0.7938,0,35832.46,1,0.7567959214162622
4985,71072.05,0.1303,0.1563,0.3042,1,24676.24,0,0.5288364368528132
4986,20000.0,0.2253,0.1536,0.7457,1,41386.01,1,0.9159054434048188
4987,78828.73,0.2081,0.0577,0.3999,0,33602.77,0,0.22042480043406032
4988,51294.99,0.1537,0.0765,0.5514,1,35730.64,1,0.6614765517677849
4989,113086.14,0.0827,0.1475,0.6156,0,9819.17,0,0.3176486356914527
4990,45634.63,0.2921,0.2372,0.4183,1,8862.45,1,0.8672425753829183
4991,22770.42,0.2134,0.2166,0.3741,0,39022.31,1,0.5686659660097693
4992,53218.41,0.2177,0.1146,0.2986,0,14030.95,0,0.2831106052944869
4993,20000.0,0.4295,0.1532,0.2577,0,39677.67,0,0.5764317952024061
4994,83777.49,0.2059,0.155,0.2453,2,10701.53,1,0.7894755987533016
4995,20000.0,0.2244,0.1802,0.4169,0,17338.05,1,0.5601245334827233
4996,65711.44,0.2604,0.1807,0.7494,0,42149.55,1,0.734328356581144
4997,20000.0,0.2778,0.2001,0.3985,0,38588.71,1,0.6255677058258259
4998,56992.55,0.1402,0.0547,0.9126,0,7169.71,1,0.5858392889088653
4999,106084.45,0.5222,0.2293,0.3607,2,22923.9,1,0.9590643880770242
5000,74016.2,0.0859,0.0633,0.1088,1,41394.71,1,0.20847506445982383
5001,43412.66,0.3683,0.1405,0.8272,0,5590.31,1,0.8351265338229276
5002,64219.91,0.327,0.2247,0.6609,1,9292.78,1,0.9264128289242891
5003,65450.42,0.1927,0.1427,0.6542,0,30807.84,1,0.5507825538907557
5004,76815.76,0.2117,0.0621,0.2119,1,9199.34,1,0.36250902224403847
5005,30828.54,0.0641,0.0936,0.4076,1,22953.53,0,0.5450467484572102
5006,79814.18,0.3746,0.1599,0.5707,0,25312.91,0,0.6420918405703243
5007,20000.0,0.2393,0.0667,0.8252,0,39410.16,1,0.7051871563054585
5008,49252.89,0.308,0.1305,0.5538,2,43295.63,0,0.9469026261135062
5009,52793.15,0.4538,0.1125,0.235,1,25489.24,0,0.727714440015842
5010,80833.17,0.0812,0.2049,0.1694,0,25414.41,0,0.1783811243786824
5011,65565.77,0.1761,0.0709,0.8479,0,34071.81,0,0.5729943024974934
5012,29860.92,0.3423,0.1797,0.4903,0,12700.26,1,0.694430621469976
5013,40375.17,0.174,0.1273,0.6629,0,42634.34,1,0.5755360934260071
5014,69967.0,0.2211,0.1617,0.6077,1,5047.96,1,0.8159951788702705
5015,63023.32,0.2936,0.0891,0.2738,0,5071.75,1,0.2704889214648287
5016,50521.9,0.1183,0.1658,0.2069,0,30026.65,1,0.22592358468263796
5017,52979.16,0.3652,0.1781,0.1916,0,18659.39,1,0.42486706319954004
5018,82404.2,0.2834,0.0633,0.4777,0,20924.61,1,0.32594616625493167
5019,52057.69,0.3479,0.2066,0.2719,0,13857.49,1,0.5232031662885666
5020,62797.72,0.215,0.2136,0.2436,0,21312.1,1,0.36516949204586874
5021,119248.41,0.1859,0.0621,0.7497,1,38119.33,0,0.6631912873129314
5022,29407.93,0.3881,0.1646,0.583,1,32969.98,1,0.9203004113348132
5023,20000.0,0.0456,0.1629,0.4715,0,8786.15,0,0.410412343892017
5024,84589.74,0.1774,0.0524,0.4279,1,7267.19,1,0.46777752816375623
5025,48033.92,0.1088,0.115,0.8379,1,25247.71,0,0.8486121256981499
5026,57044.06,0.2473,0.2341,0.4719,0,34206.44,0,0.6233216286182722
5027,45471.09,0.1637,0.1555,0.7626,0,31579.56,1,0.6745441416089366
5028,58505.0,0.2911,0.2273,0.3093,0,39564.59,1,0.519439705399684
5029,104963.45,0.1546,0.1784,0.3986,0,10330.58,0,0.2852393314222107
5030,85053.21,0.2412,0.0554,0.7231,1,29230.11,1,0.7476141724977393
5031,86555.59,0.1132,0.0648,0.3019,0,35640.58,0,0.12299234755789874
5032,29594.32,0.2398,0.1872,0.4844,1,42513.63,1,0.8482352862102152
5033,36221.16,0.0505,0.1554,0.5504,0,9035.32,0,0.42677344375575166
5034,20000.0,0.3852,0.0742,0.4814,3,14585.67,1,0.9835768179179957
5035,44765.48,0.294,0.1667,0.5275,0,19183.66,1,0.6295250619893603
5036,88917.58,0.4181,0.204,0.6379,0,26630.02,0,0.7631882971477114
5037,77923.66,0.2059,0.1931,0.8114,2,21344.49,1,0.9700124043031667
5038,59462.17,0.4631,0.0968,0.7053,0,39444.69,1,0.7561173916919085
5039,64442.49,0.4059,0.0991,0.5934,0,43021.08,0,0.6272505187641657
5040,47777.86,0.2943,0.2339,0.3216,0,7803.15,1,0.5691316245138741
5041,70118.97,0.3178,0.2186,0.2034,0,32987.23,0,0.41610972632110854
5042,84146.96,0.0498,0.1105,0.0802,0,9570.93,0,0.06943169939764476
5043,24602.83,0.2222,0.2066,0.2314,0,40918.21,1,0.440273406413317
5044,72491.19,0.2665,0.0807,0.459,1,10683.94,1,0.6481094455308753
5045,88310.87,0.0596,0.0874,0.5193,0,44660.45,0,0.21035777816297377
5046,54622.49,0.2246,0.0844,0.4485,0,22110.01,1,0.3475860311729263
5047,82517.52,0.2559,0.0667,0.4836,0,20277.48,0,0.31251709890835266
5048,135366.36,0.1118,0.2124,0.4499,0,28451.22,1,0.27263396808775475
5049,62391.43,0.259,0.16,0.6936,1,20774.26,1,0.8779491637198366
5050,74832.68,0.2098,0.0992,0.643,0,14387.74,1,0.4626159267498204
5051,46548.57,0.2702,0.2112,0.4153,1,30165.75,0,0.8325004642377049
5052,69531.28,0.2439,0.2025,0.6762,1,34134.54,1,0.8882844128510264
5053,76506.79,0.1444,0.0692,0.7432,0,42812.86,0,0.4296717832746243
5054,69871.06,0.1981,0.1724,0.6959,0,21364.74,1,0.6258206116601158
5055,39507.62,0.2821,0.1871,0.3499,1,33230.92,1,0.7929939603810802
5056,70159.04,0.1214,0.186,0.3048,0,38344.14,0,0.2772682971912276
5057,101554.9,0.3121,0.1874,0.5908,1,38255.35,1,0.8370864397764382
5058,76215.89,0.1313,0.0822,0.794,1,6370.81,0,0.7634353774483951
5059,89049.68,0.2995,0.1099,0.6052,1,19228.09,1,0.7760677635193183
5060,59074.7,0.366,0.2104,0.755,1,5536.73,1,0.9497807526306911
5061,83747.51,0.1058,0.2207,0.5576,1,27363.2,1,0.7603376035024773
5062,71981.7,0.233,0.103,0.3019,0,39603.62,0,0.2457479386672813
5063,41227.23,0.3055,0.0544,0.4289,0,37596.72,1,0.38677871465802643
5064,72963.03,0.3037,0.2134,0.6464,0,37449.98,0,0.7289852411871449
5065,40207.58,0.2228,0.1216,0.7488,0,19073.44,0,0.6747998807873276
5066,49177.99,0.063,0.1126,0.7352,0,6853.19,0,0.48562382816290434
5067,69733.21,0.333,0.1159,0.6302,0,11896.71,1,0.6055630206297743
5068,72431.11,0.2683,0.129,0.9339,0,31827.65,1,0.7751580518882016
5069,35269.19,0.2562,0.1219,0.5877,0,10353.71,1,0.593836813218798
5070,91349.64,0.2646,0.1576,0.7681,2,10013.13,1,0.9603505003890925
5071,79300.16,0.3994,0.065,0.5209,0,19147.01,1,0.47209323101869655
5072,47381.79,0.2504,0.2346,0.5112,0,8781.39,1,0.677169663270421
5073,26560.38,0.2666,0.2279,0.345,1,18191.37,1,0.8411792723203118
5074,61377.39,0.1398,0.2275,0.3093,1,43787.71,0,0.676074753228787
5075,53851.41,0.3141,0.2171,0.7574,0,5798.04,1,0.8321338703630303
5076,67828.51,0.0717,0.1755,0.4106,1,38221.71,1,0.599401016524222
5077,55922.08,0.3059,0.092,0.4662,0,44744.87,1,0.4425133642050822
5078,20000.0,0.1583,0.0594,0.5983,0,22456.21,0,0.44580403882849884
5079,55291.33,0.2953,0.0689,0.6584,0,42722.21,0,0.5518330193942923
5080,57359.52,0.0741,0.1116,0.6919,1,15445.79,1,0.7320796953664975
5081,80841.53,0.0159,0.1457,0.4105,0,44291.89,0,0.20110541104451532
5082,47545.01,0.3298,0.2387,0.7669,0,39462.05,1,0.8693845115502957
5083,106966.87,0.1664,0.1327,0.0612,0,40387.9,0,0.0913406405705666
5084,20000.0,0.3735,0.1497,0.5986,0,10215.93,1,0.7661305373701796
5085,97779.19,0.2917,0.1821,0.1931,0,39802.5,1,0.27245519664224
5086,59392.03,0.3285,0.0843,0.1329,0,42672.92,0,0.21122608450681324
5087,86489.62,0.2598,0.2272,0.3319,0,37761.92,0,0.44057855502797405
5088,66995.04,0.298,0.1505,0.2334,0,8654.56,0,0.32354495377996717
5089,93488.89,0.1983,0.1025,0.7432,0,8391.07,1,0.49344393410043086
5090,55315.95,0.1198,0.2277,0.4388,0,19304.24,0,0.4736997694734888
5091,37534.49,0.0835,0.1688,0.284,0,33197.03,0,0.27618397038323367
5092,100512.61,0.1207,0.1419,0.2485,1,5498.11,1,0.3811551366435766
5093,62162.98,0.2948,0.1602,0.5116,0,43025.83,1,0.5667202356766463
5094,70538.96,0.4426,0.1922,0.2538,1,26017.97,1,0.7957306448864135
5095,95868.8,0.1212,0.0794,0.7688,0,19334.9,1,0.3995792411648733
5096,39201.12,0.2783,0.2143,0.8389,0,27449.16,0,0.864953541671176
5097,79887.27,0.1704,0.2323,0.3686,0,33631.45,0,0.4123424307372446
5098,50252.63,0.2117,0.1577,0.2158,0,15931.16,0,0.28792293562549653
5099,61695.77,0.1532,0.1796,0.367,0,16644.95,1,0.355049311917635
5100,66806.97,0.1467,0.2134,0.7018,1,23727.07,1,0.8691422068726943
5101,27494.45,0.3183,0.1212,0.7023,0,31797.23,0,0.7419022236339636
5102,45529.07,0.0445,0.2386,0.8955,0,33254.81,1,0.7806855693236557
5103,98776.82,0.2268,0.1793,0.3841,0,17962.27,0,0.3474346928666402
5104,87154.78,0.0822,0.1306,0.6839,0,17899.66,1,0.40045465200097136
5105,63434.01,0.2468,0.1787,0.8032,0,24484.35,1,0.7595376600349892
5106,71078.09,0.31,0.1491,0.6423,0,26676.87,1,0.6433999792882726
5107,57643.94,0.3216,0.0712,0.3035,1,30976.57,1,0.5965660074026308
5108,98914.58,0.1173,0.2012,0.4724,0,29708.39,1,0.3528361991072087
5109,59991.19,0.0641,0.1572,0.2248,1,19900.72,1,0.431436826498335
5110,70796.05,0.0135,0.2012,0.1796,0,16875.47,0,0.15798343624182348
5111,93650.75,0.061,0.0794,0.6056,0,17316.85,1,0.24200657773897102
5112,45565.71,0.4808,0.1523,0.3506,0,30816.04,1,0.6333917065247205
5113,103969.73,0.358,0.1957,0.7915,0,22325.9,1,0.7763520234830159
5114,26738.46,0.2905,0.2378,0.4003,0,10373.97,1,0.6795300501869427
5115,105741.05,0.0314,0.218,0.5691,0,5236.92,1,0.3620106318542613
5116,55683.11,0.202,0.2142,0.5287,0,6187.09,0,0.5988454160787046
5117,58932.53,0.114,0.097,0.4527,2,39700.65,1,0.8192199638528802
5118,20000.0,0.1292,0.2092,0.3971,0,23313.09,1,0.5037892779617401
5119,53630.13,0.2605,0.0822,0.353,0,31297.09,0,0.3074904236783863
5120,39004.84,0.4233,0.0876,0.6829,1,42161.5,1,0.9086454479636076
5121,49808.84,0.4343,0.0709,0.6622,0,10051.19,1,0.6911515388637397
5122,61567.23,0.5393,0.2129,0.4547,0,22904.64,1,0.7943332938147627
5123,88944.79,0.16,0.0706,0.2381,0,26562.7,0,0.12105950707126062
5124,70190.08,0.1457,0.0762,0.5509,1,38661.4,1,0.6111600157337274
5125,72691.92,0.2691,0.0967,0.455,0,44748.74,0,0.3689067860432697
5126,37612.02,0.2248,0.1588,0.7476,0,33467.14,1,0.7323060425018787
5127,42981.15,0.2488,0.2172,0.099,0,30673.36,0,0.3360710793494378
5128,109968.13,0.1007,0.1295,0.7096,0,41812.5,1,0.38210372980311097
5129,46619.97,0.1616,0.1538,0.3071,0,38495.24,0,0.3131563984117266
5130,106405.21,0.2472,0.0816,0.6777,0,39601.77,1,0.4201209951287332
5131,58923.47,0.2359,0.1005,0.5732,1,5108.23,1,0.7563379212351895
5132,65057.2,0.3181,0.0754,0.3859,1,25577.28,1,0.6461645767551348
5133,91759.13,0.319,0.1279,0.5158,0,36309.14,0,0.46727262772449163
5134,96797.31,0.0848,0.1622,0.4635,1,12258.28,1,0.5629618034866768
5135,62229.69,0.1108,0.104,0.2062,0,35058.09,1,0.1434307814035768
5136,55293.92,0.1524,0.2107,0.663,0,5366.41,1,0.6533339645660863
5137,63601.99,0.2313,0.2364,0.4394,1,28006.67,1,0.8232197498809468
5138,73448.94,0.0822,0.0728,0.5941,0,39053.12,1,0.27947575699245103
5139,87282.59,0.0889,0.0534,0.0849,0,22253.93,1,0.054947737522901045
5140,65105.75,0.2161,0.2001,0.5658,0,34578.1,1,0.5958966009569026
5141,80472.16,0.1456,0.0862,0.5567,0,26215.95,0,0.30750256287589833
5142,105958.99,0.4464,0.1171,0.2845,0,30891.64,0,0.34980852693840525
5143,74532.74,0.0644,0.1249,0.7727,0,25666.72,1,0.4761391162576653
5144,72791.32,0.5164,0.2242,0.6857,0,24033.47,1,0.8791207876082296
5145,27027.23,0.1061,0.1752,0.6179,0,38665.06,0,0.5874830992673404
5146,20000.0,0.3122,0.0577,0.6992,0,8709.73,0,0.6623068111240794
5147,74709.39,0.5153,0.0528,0.5761,0,28386.05,1,0.6139196518859866
5148,62629.39,0.1267,0.0879,0.6148,0,9592.42,0,0.37572457181798014
5149,52130.43,0.286,0.1105,0.1769,0,27512.32,0,0.25208046512767285
5150,71088.26,0.1369,0.1421,0.7259,0,43543.84,1,0.5424933954119978
5151,63489.91,0.2545,0.2092,0.6633,0,7283.92,1,0.7161625721896445
5152,93194.51,0.3066,0.1098,0.2628,1,21880.27,1,0.5281858552364773
5153,67152.77,0.2947,0.1215,0.5132,1,37078.85,1,0.7713557389502242
5154,46326.92,0.0418,0.1126,0.3751,1,19787.66,0,0.49174065606195383
5155,89754.16,0.1094,0.0517,0.315,0,25812.59,0,0.11362467512361538
5156,59571.72,0.0515,0.2315,0.8779,0,9588.31,1,0.7415934466923666
5157,78163.42,0.1886,0.0764,0.5619,1,13922.93,1,0.6391258824116739
5158,53064.73,0.5197,0.1047,0.4561,0,32457.01,0,0.6560370724585356
5159,48754.33,0.4625,0.0746,0.3754,0,38143.5,1,0.5028142767821837
5160,67104.21,0.1905,0.1432,0.4885,1,30858.25,1,0.7092722317136684
5161,65320.72,0.0969,0.2271,0.3931,0,38476.84,0,0.39147798958553914
5162,76995.68,0.5232,0.0691,0.4928,0,29226.3,0,0.576415554852385
5163,58283.86,0.5021,0.1338,0.5116,0,37408.33,1,0.7116882005412614
5164,20000.0,0.152,0.0543,0.4256,0,44315.47,1,0.30202694459704793
5165,54180.65,0.0961,0.1965,0.473,3,8312.99,1,0.9697536265363073
5166,84845.46,0.1872,0.1718,0.1328,0,24185.99,0,0.1808336372823573
5167,57565.6,0.067,0.1829,0.4145,2,12595.71,1,0.8576947196401101
5168,58840.41,0.1561,0.1397,0.281,0,23609.14,1,0.24900782990798773
5169,89659.41,0.0383,0.2225,0.2642,0,24983.47,0,0.20628935418637212
5170,47200.67,0.1133,0.1278,0.6298,1,29876.85,1,0.7605883426746315
5171,26429.92,0.1549,0.1477,0.6655,0,22571.92,1,0.6256121307321767
5172,60984.22,0.3915,0.1821,0.4761,1,17988.5,1,0.8720744660989201
5173,52895.65,0.224,0.1489,0.5029,0,6726.73,0,0.4978307666054945
5174,40843.84,0.164,0.086,0.3357,0,6391.74,1,0.25386656560971
5175,60615.54,0.1442,0.1102,0.793,1,12000.33,1,0.8256156072552946
5176,77287.64,0.4991,0.0675,0.3596,2,22959.46,1,0.9062287892631536
5177,64767.79,0.1056,0.1322,0.4683,0,21700.64,1,0.31222344182131595
5178,72674.53,0.0236,0.1658,0.7702,0,12627.82,1,0.5086167130991848
5179,110335.19,0.364,0.0725,0.6901,0,37893.58,1,0.5136860878150707
5180,56428.03,0.1757,0.1698,0.7353,0,32339.73,1,0.6621599088750482
5181,71958.72,0.1413,0.2196,0.4994,0,18726.6,1,0.489029884321711
5182,52269.67,0.1272,0.1142,0.3112,0,36878.7,1,0.2281313705677709
5183,43841.01,0.2309,0.0922,0.4127,0,44569.84,1,0.3622118738739068
5184,50377.31,0.344,0.2197,0.3294,0,14801.7,1,0.5912665066489751
5185,53031.04,0.3392,0.1815,0.1932,0,19503.6,1,0.4079513624785618
5186,73986.89,0.2776,0.07,0.4969,0,44715.93,1,0.36377810487182793
5187,123726.89,0.3879,0.1275,0.4745,0,10515.3,0,0.41992151999875615
5188,47098.91,0.1028,0.1781,0.1998,1,8087.51,0,0.5129064386539922
5189,54584.37,0.0188,0.1591,0.1458,0,25839.65,0,0.13173416532127014
5190,63421.92,0.4195,0.1675,0.7765,0,23737.16,1,0.8365395494862097
5191,74894.97,0.1617,0.1578,0.2557,0,8131.55,1,0.23119879616245861
5192,71588.77,0.3802,0.2016,0.7571,0,16601.44,0,0.8278167257611024
5193,97102.39,0.0587,0.1109,0.6059,0,21757.47,0,0.27420975035460904
5194,20000.0,0.2302,0.1846,0.658,1,37888.38,1,0.9110734430756938
5195,20000.0,0.1204,0.2383,0.5777,1,33313.69,1,0.8821681939686197
5196,52603.05,0.2152,0.1241,0.2576,0,41581.07,1,0.2683993686517791
5197,92432.5,0.2867,0.2003,0.2801,0,18300.0,1,0.3672123438896533
5198,25858.8,0.3165,0.0968,0.4094,0,17375.14,1,0.487150218497838
5199,20000.0,0.1806,0.1036,0.6243,1,23527.27,1,0.8165470700142735
5200,79279.49,0.094,0.2276,0.2539,0,5301.13,0,0.26150466195226546
5201,71091.43,0.1774,0.0549,0.3885,1,13292.8,1,0.47273414696995386
5202,37744.79,0.4463,0.0913,0.4227,0,13458.84,1,0.5801545625948475
5203,40361.51,0.2262,0.1418,0.3497,0,7443.6,0,0.39542178743732703
5204,40756.41,0.0438,0.1264,0.6074,0,23205.23,1,0.4081775471203877
5205,67763.38,0.1518,0.1695,0.6152,0,41220.81,0,0.5200021973379166
5206,49342.12,0.2485,0.0866,0.6855,0,5161.22,1,0.5738658037721531
5207,77351.6,0.4189,0.0634,0.3378,0,30136.59,1,0.34815456377648457
5208,20000.0,0.4845,0.1202,0.4544,0,40173.31,0,0.717972593305589
5209,43578.7,0.3142,0.1496,0.5912,1,9300.84,1,0.8764919115858598
5210,36848.65,0.135,0.1568,0.5766,0,41690.33,1,0.5271215929366634
5211,58591.48,0.1254,0.1643,0.3557,0,37740.87,0,0.3081204062140014
5212,51548.81,0.2074,0.1542,0.8912,1,13582.85,1,0.9235505874769703
5213,84946.09,0.2173,0.0967,0.4825,0,41213.74,1,0.3186565777915856
5214,20000.0,0.1381,0.1953,0.4437,2,37160.63,1,0.9312016278960722
5215,66137.29,0.0533,0.0667,0.218,0,9455.56,0,0.0954073169740506
5216,78958.41,0.2804,0.0877,0.4479,1,38223.98,1,0.6479239556893799
5217,111416.19,0.1316,0.1905,0.5709,0,26687.32,0,0.39520445151792577
5218,52955.85,0.2958,0.1031,0.2913,1,37638.4,1,0.6255568217785309
5219,73111.47,0.2703,0.1438,0.2223,0,29706.6,1,0.272655528884277
5220,20000.0,0.4055,0.1122,0.3941,0,20674.28,1,0.5963293613957227
5221,20000.0,0.4992,0.1463,0.3451,1,29045.62,1,0.8865179712568939
5222,86119.36,0.0678,0.1159,0.7508,1,30447.23,1,0.7154038062019744
5223,64860.99,0.0937,0.2389,0.4042,0,35648.25,0,0.4172974622660621
5224,94462.82,0.4629,0.1179,0.1666,0,38227.27,0,0.30469876698739
5225,30664.93,0.3489,0.1691,0.4927,0,31528.43,1,0.6845956539060976
5226,77997.55,0.089,0.2188,0.4137,0,44585.93,0,0.35840720837958273
5227,111720.45,0.4747,0.1712,0.7286,0,36142.04,1,0.7748964312996879
5228,75492.64,0.0601,0.1575,0.7374,0,41430.6,0,0.49525271858827347
5229,71914.54,0.0757,0.1582,0.4949,0,17779.77,1,0.3293199422588004
5230,65213.9,0.1796,0.1443,0.5869,0,17649.1,1,0.48717739809155525
5231,25727.96,0.3549,0.2034,0.7792,0,19493.4,1,0.8815334923364101
5232,98889.32,0.1542,0.0596,0.6547,0,22588.65,0,0.3063858783447339
5233,49728.56,0.2697,0.2182,0.7134,0,43456.01,1,0.7924002802226592
5234,77612.08,0.0337,0.1614,0.5799,0,7941.25,0,0.3485938749673479
5235,25924.14,0.5583,0.2113,0.4686,0,24937.74,1,0.8586670969777404
5236,35513.51,0.1397,0.052,0.4712,0,11446.42,1,0.28873315394978527
5237,100877.18,0.2754,0.2152,0.3129,0,37435.73,0,0.3863515906402218
5238,56317.44,0.2334,0.0728,0.7281,0,6245.77,1,0.5548483218340348
5239,101331.89,0.2279,0.187,0.4819,0,23205.77,0,0.4301323741962286
5240,63044.23,0.0864,0.1291,0.2601,1,20789.64,1,0.4268811571408026
5241,20000.0,0.0373,0.1794,0.674,0,8687.24,1,0.5929703054629983
5242,87301.69,0.1292,0.1694,0.6621,0,20068.76,1,0.48935047741092064
5243,50252.69,0.2925,0.081,0.3851,2,37361.22,0,0.8737567632293965
5244,82467.22,0.1432,0.1478,0.8261,1,10498.99,0,0.8450230818912944
5245,65630.27,0.3401,0.1027,0.4557,0,44340.23,0,0.45980783887005977
5246,26422.04,0.3299,0.1565,0.5468,0,7338.17,0,0.6980227832867846
5247,69107.37,0.0477,0.1902,0.2201,0,16564.11,1,0.1868544763700676
5248,119905.58,0.1733,0.0654,0.209,0,35995.96,1,0.08594964795450993
5249,77324.66,0.2673,0.148,0.7293,0,19300.85,1,0.6561376208397967
5250,63562.06,0.1121,0.1673,0.3077,2,24214.14,1,0.8106514961869141
5251,91883.59,0.4022,0.1061,0.3215,0,12466.34,0,0.3543197359913254
5252,70266.71,0.179,0.2311,0.7393,0,33619.84,1,0.7253618493243321
5253,70238.36,0.0591,0.1489,0.1723,0,12181.66,1,0.13358558205574217
5254,37709.37,0.4048,0.0847,0.3735,1,38949.24,1,0.7709419446803113
5255,70846.2,0.2508,0.0705,0.3851,0,26579.98,0,0.2710722040263367
5256,90886.09,0.2247,0.1529,0.2649,1,26926.27,0,0.5308643559304451
5257,44098.45,0.1932,0.1213,0.1551,0,42340.46,1,0.20515066332123472
5258,100612.4,0.0796,0.0866,0.476,2,35919.98,1,0.7277250989055495
5259,62707.35,0.1319,0.0558,0.5562,0,34725.58,1,0.2903686792473269
5260,42805.76,0.0246,0.1577,0.7043,0,39321.61,1,0.5152094541938064
5261,89940.8,0.2548,0.1637,0.4794,0,8672.69,1,0.4419825127083981
5262,57830.14,0.1646,0.0769,0.5724,0,34041.77,0,0.3702973602182189
5263,83987.87,0.0921,0.1643,0.5429,0,14328.32,0,0.36103468461682936
5264,57706.03,0.0626,0.2309,0.6627,0,16237.85,1,0.6008008196583458
5265,63504.35,0.1005,0.2359,0.4745,0,5605.85,1,0.47845291554405894
5266,77339.01,0.1259,0.2188,0.6918,0,40748.84,1,0.6148354378071447
5267,72272.43,0.1331,0.2033,0.4769,0,34564.52,0,0.43554154894735797
5268,20000.0,0.4227,0.0898,0.305,0,10571.49,0,0.5037555149002721
5269,36968.91,0.1387,0.0797,0.6962,0,18116.93,1,0.49945588288891163
5270,88235.25,0.1414,0.1345,0.6266,1,24197.31,1,0.7098659908127614
5271,61696.59,0.3557,0.1677,0.3601,0,24756.43,0,0.5141142163875853
5272,51906.72,0.0967,0.2116,0.3101,1,28826.16,1,0.6374327529247493
5273,31035.65,0.5603,0.0941,0.5182,0,23887.35,1,0.7583458668362201
5274,38006.59,0.1304,0.1411,0.5748,1,30945.81,1,0.7718238713574174
5275,20000.0,0.262,0.173,0.8074,1,40354.83,1,0.9455712290502799
5276,62467.98,0.4231,0.1347,0.7644,0,20922.9,1,0.801828776030482
5277,50039.06,0.2403,0.1363,0.5992,0,40068.44,1,0.5768435346159956
5278,40835.3,0.034,0.0928,0.5311,1,13784.41,0,0.5909449177425181
5279,63296.91,0.162,0.2375,0.9019,0,9855.25,1,0.8246347891388285
5280,74099.27,0.2788,0.1403,0.2656,1,14576.05,1,0.6004779546374257
5281,117329.95,0.039,0.1512,0.5113,0,13263.71,0,0.21685702337589682
5282,27202.91,0.0388,0.0915,0.4282,0,44403.16,1,0.2546452664061713
5283,93984.53,0.4203,0.1477,0.4389,1,20242.15,1,0.794940390854734
5284,89327.54,0.2251,0.0985,0.7195,0,31058.93,1,0.5026138457500827
5285,45522.68,0.062,0.0884,0.795,1,32842.11,1,0.7785083427843069
5286,70080.9,0.1305,0.1024,0.5195,1,22808.34,0,0.6150568900523948
5287,53559.17,0.2003,0.0505,0.4467,0,13942.87,1,0.28063081766319564
5288,69642.21,0.254,0.1583,0.6268,0,22523.92,0,0.6001447221267339
5289,102728.28,0.0941,0.1236,0.7319,0,23950.44,1,0.4010102977099501
5290,80140.16,0.2789,0.2208,0.0434,0,43160.31,1,0.25197435633109466
5291,77715.21,0.2668,0.0577,0.4462,0,27744.95,1,0.29263265631974494
5292,54242.27,0.1913,0.0582,0.4828,0,43794.9,0,0.30731187958866973
5293,27898.58,0.17,0.2183,0.6762,0,28068.51,1,0.742697976255825
5294,59788.29,0.1583,0.0741,0.2991,0,10799.92,1,0.18505345943190407
5295,95165.2,0.2427,0.0504,0.4536,0,20375.07,0,0.23737872258284054
5296,26820.8,0.1374,0.084,0.8438,0,36692.53,1,0.6459694866330069
5297,38622.77,0.1962,0.2065,0.252,1,21864.89,1,0.6987938284493472
5298,68156.69,0.1542,0.2025,0.3984,2,8989.35,0,0.8905247291477074
5299,40383.63,0.1718,0.1146,0.7741,0,8843.05,1,0.6396715811599764
5300,45186.91,0.2742,0.1769,0.3855,0,14482.59,1,0.5143766705408247
5301,54410.04,0.321,0.1464,0.5081,4,27590.87,1,0.9951975309906874
5302,30859.56,0.2043,0.2219,0.4728,0,38206.2,0,0.6272423068647578
5303,40646.95,0.5602,0.0607,0.5111,1,26348.51,1,0.8862497895245399
5304,82585.7,0.1962,0.2045,0.6928,0,34843.22,1,0.6426213074136535
5305,32315.76,0.1533,0.0824,0.4335,0,30823.72,1,0.3229619407527703
5306,25053.2,0.0425,0.1244,0.4668,0,25963.97,1,0.3330161883644271
5307,49249.38,0.1546,0.0865,0.4116,0,13592.32,1,0.2799884834051287
5308,83298.89,0.2491,0.1835,0.3706,0,40326.74,1,0.3983605995486221
5309,60076.95,0.4557,0.1789,0.495,0,16028.62,1,0.7229444183212693
5310,53385.47,0.2171,0.1541,0.4994,0,15112.8,0,0.49600441058622236
5311,66108.97,0.1553,0.1827,0.4219,0,15311.9,0,0.3934950133380658
5312,21357.31,0.1962,0.1715,0.6545,1,8827.42,1,0.8897545520593385
5313,77367.64,0.4998,0.1975,0.4307,0,24946.16,0,0.7045894444409213
5314,74585.88,0.3316,0.0955,0.5862,0,18101.21,0,0.5242528175459003
5315,54767.29,0.3347,0.1315,0.5039,0,25877.68,1,0.5679073696376316
5316,90148.11,0.1764,0.0788,0.7623,0,23124.62,0,0.45740752525131756
5317,36812.6,0.39,0.1316,0.5987,0,25791.67,1,0.7239365846291789
5318,93197.72,0.0746,0.1833,0.7858,0,16906.13,0,0.547799477447725
5319,68862.34,0.4057,0.1814,0.6795,0,37605.52,1,0.7866239881174443
5320,56586.19,0.1411,0.1848,0.3642,0,26367.72,1,0.3619905843668131
5321,64503.16,0.2036,0.1087,0.5301,1,13337.39,1,0.7051660580553766
5322,62318.38,0.1382,0.1758,0.5719,0,41072.15,0,0.49582379253895914
5323,95507.07,0.2963,0.1198,0.591,0,9378.2,1,0.48470454943881613
5324,38083.02,0.2733,0.2295,0.4855,0,34337.38,1,0.6898016248106236
5325,45937.02,0.3021,0.1152,0.1661,0,32137.94,1,0.2746739154352689
5326,90907.57,0.0661,0.1646,0.8609,0,7914.36,1,0.5750888576749188
5327,50111.63,0.1042,0.1925,0.5991,0,41060.3,1,0.5437054907558667
5328,87513.33,0.2259,0.2222,0.3764,0,17652.5,1,0.4345033764868747
5329,107485.9,0.2117,0.1332,0.3271,0,34635.8,0,0.22028879881559146
5330,54955.12,0.2627,0.1185,0.2162,0,16080.06,1,0.2648891529760208
5331,82034.06,0.0704,0.1317,0.3937,0,26027.67,0,0.20821847184885403
5332,36157.69,0.0661,0.1115,0.6748,1,43893.34,1,0.7550493900089182
5333,83868.33,0.2224,0.1742,0.5318,0,29431.06,1,0.48646527899656467
5334,69985.6,0.5643,0.2272,0.5063,1,16852.91,1,0.9465684895473276
5335,76825.96,0.085,0.074,0.611,1,23335.09,1,0.5847504430794628
5336,48860.7,0.058,0.1566,0.1177,0,32041.65,0,0.14283811762738677
5337,23472.91,0.19,0.2206,0.128,0,22807.56,0,0.35599536706986556
5338,77581.3,0.3982,0.069,0.1217,0,41429.94,0,0.2020862586226442
5339,20000.0,0.3707,0.1438,0.6045,0,39698.43,1,0.7606254971663098
5340,57066.24,0.175,0.2144,0.2799,0,10872.41,1,0.3722253034794997
5341,88529.55,0.3229,0.2211,0.7012,0,36397.64,1,0.7575042367766552
5342,69797.44,0.0867,0.1477,0.3681,0,42696.6,1,0.24369216747051348
5343,113708.57,0.4091,0.0547,0.4008,1,17676.33,1,0.5933816456360091
5344,90627.73,0.1423,0.0701,0.1687,0,14528.79,0,0.0916001826720195
5345,48652.54,0.2292,0.1615,0.5968,0,5383.55,0,0.6086922001902096
5346,65682.83,0.228,0.0735,0.7944,1,9626.3,1,0.8289616893941313
5347,63815.73,0.2525,0.0784,0.5476,0,43436.52,1,0.4176657513899106
5348,25445.58,0.0885,0.1967,0.4684,0,20644.87,1,0.48985209181663447
5349,41490.03,0.5794,0.1926,0.546,0,20493.66,1,0.8651664262412816
5350,50980.98,0.1091,0.2101,0.5607,0,15667.16,1,0.5441536903245473
5351,20000.0,0.4215,0.0701,0.5022,0,11562.36,0,0.6275874119575794
5352,66187.34,0.3003,0.0876,0.7328,0,25351.61,1,0.6194653238485034
5353,58773.2,0.163,0.2083,0.5505,0,33927.51,0,0.5638663120117149
5354,23177.65,0.0597,0.187,0.26,1,27031.81,0,0.5937539642185937
5355,75105.32,0.1623,0.2031,0.5515,0,6418.01,1,0.515912189879211
5356,82896.82,0.0626,0.2381,0.5857,0,37138.79,1,0.4900632573514786
5357,70675.86,0.1426,0.2142,0.5482,0,42263.77,0,0.5241092909233783
5358,56898.3,0.107,0.1489,0.5135,0,22615.07,1,0.38949684223569403
5359,79786.05,0.0548,0.109,0.5978,0,19658.58,0,0.297737170542082
5360,82005.51,0.129,0.1582,0.2553,0,14194.16,0,0.1991756392025558
5361,72685.09,0.4375,0.1713,0.6799,1,17074.81,1,0.9288336009692598
5362,44384.69,0.1156,0.1137,0.7174,1,30777.9,1,0.7995515609656554
5363,71915.02,0.136,0.1965,0.7462,1,35805.85,1,0.8624611682666772
5364,94887.02,0.06,0.0676,0.5376,0,18288.63,0,0.1888454368379781
5365,50084.27,0.2722,0.1981,0.5247,2,18586.9,1,0.9566643516737663
5366,117448.48,0.1703,0.0561,0.6434,0,23044.05,0,0.2693152591662159
5367,51859.23,0.2095,0.1446,0.445,0,11808.11,1,0.4329395228986486
5368,65810.18,0.2169,0.2137,0.618,1,42088.33,1,0.869196208350382
5369,48187.86,0.1673,0.0664,0.4427,0,33218.24,1,0.2851122141941502
5370,70581.77,0.4085,0.1484,0.4848,1,22343.34,0,0.8446630048163155
5371,21444.46,0.1343,0.0803,0.4126,0,9890.9,1,0.3127925705948528
5372,51348.96,0.352,0.22,0.6669,0,38953.02,1,0.8162312918518622
5373,37696.97,0.0962,0.2081,0.53,1,24348.57,1,0.8012300770992903
5374,68383.46,0.2845,0.2274,0.5381,1,36875.32,0,0.8756326837522248
5375,89861.18,0.0378,0.2162,0.9314,0,6335.76,0,0.6857511888509542
5376,81150.15,0.1433,0.1899,0.3144,0,15946.16,1,0.28366796210250883
5377,20000.0,0.2576,0.0851,0.5233,2,29883.82,1,0.9293619929943326
5378,116051.74,0.1704,0.1075,0.3143,1,24516.93,1,0.38570936758024216
5379,72382.0,0.5317,0.1444,0.6634,0,16802.88,1,0.8086942627234414
5380,45587.52,0.2384,0.1619,0.4241,1,13045.21,1,0.7676137200519837
5381,68928.2,0.2011,0.1986,0.5548,1,17072.53,1,0.8173054790453753
5382,69404.75,0.2363,0.0931,0.6298,0,34693.58,1,0.4795935981242626
5383,48328.78,0.224,0.0744,0.1571,0,12348.29,1,0.16989633957249237
5384,69947.92,0.1426,0.1417,0.3012,0,28752.53,0,0.23443448269819
5385,49813.19,0.1501,0.08,0.7355,0,21947.23,1,0.5112769322381395
5386,54890.95,0.3,0.1818,0.7624,0,35521.52,1,0.7891025461113449
5387,47843.02,0.2474,0.1594,0.5975,0,13064.74,1,0.6238402870098877
5388,29183.22,0.0715,0.1908,0.6366,0,15803.58,1,0.5910371958420023
5389,68645.91,0.2427,0.0621,0.2825,0,20947.5,0,0.19971647183386743
5390,79632.49,0.1412,0.2333,0.3823,0,11663.02,0,0.3990561817331048
5391,77872.09,0.2215,0.05,0.4135,2,23447.79,1,0.7836055769846385
5392,85498.13,0.1825,0.1118,0.4369,0,21642.03,1,0.280260489301055
5393,73108.51,0.0551,0.1791,0.4693,2,44603.42,1,0.8524047550185649
5394,51681.86,0.2799,0.0586,0.6479,0,28754.55,0,0.5207660571672893
5395,85991.6,0.3931,0.0658,0.797,1,7778.48,1,0.8757848386018745
5396,31062.06,0.4339,0.0646,0.2966,0,23397.67,1,0.4387792485551866
5397,42483.22,0.0927,0.1605,0.43,0,40140.06,1,0.36423604921324026
5398,40895.0,0.1461,0.2202,0.5165,0,39670.7,0,0.5833630143768005
5399,92001.4,0.1095,0.1555,0.884,1,43472.21,0,0.8477836640807185
5400,88569.71,0.1245,0.1647,0.6077,0,40769.23,1,0.43021266648580253
5401,77182.63,0.1882,0.1157,0.6458,0,12051.99,1,0.4664608167901685
5402,91798.25,0.1827,0.0536,0.1167,1,5142.81,0,0.23408326921785838
5403,43017.93,0.4055,0.0541,0.6463,0,29650.11,1,0.6458291957754659
5404,73714.88,0.1117,0.2188,0.6117,0,33097.77,1,0.5471430926040045
5405,61870.64,0.3714,0.0695,0.1803,1,10248.49,1,0.5307101859315954
5406,86172.05,0.259,0.24,0.7618,1,11673.41,1,0.9238439793177579
5407,62119.39,0.4089,0.0812,0.6358,0,43523.06,1,0.6395239330710595
5408,55376.43,0.2155,0.1782,0.8482,0,42753.33,1,0.7782112395566163
5409,78522.71,0.1475,0.2303,0.6778,0,11278.86,1,0.6382076533268323
5410,86904.23,0.0242,0.1188,0.5195,0,14880.34,1,0.22592464111954183
5411,48291.37,0.1064,0.1895,0.3751,1,40684.55,0,0.6682669832048608
5412,63473.11,0.0995,0.1167,0.6363,0,22399.73,0,0.4119981196296692
5413,38538.98,0.1334,0.1079,0.359,0,36922.91,0,0.27926774982462577
5414,20000.0,0.1987,0.0883,0.7322,0,20839.44,1,0.6367990113351469
5415,70011.49,0.315,0.206,0.8078,0,34455.32,1,0.8230199165751105
5416,80222.63,0.3321,0.0989,0.5136,0,20873.03,0,0.4576285668431603
5417,71551.67,0.2124,0.1038,0.067,0,40967.16,0,0.1241241268994901
5418,20000.0,0.07,0.2398,0.6015,0,18022.91,1,0.6601350222392699
5419,56228.76,0.2265,0.1122,0.0916,0,25924.73,1,0.16576672156946237
5420,20000.0,0.1975,0.1303,0.3393,1,25870.24,1,0.6911201635379006
5421,99242.53,0.2174,0.2381,0.2961,2,30954.86,1,0.8735014811148296
5422,37848.64,0.4036,0.1202,0.1499,0,17268.0,0,0.36976703073540906
5423,96385.09,0.0685,0.1196,0.4475,0,30706.42,1,0.19973364843552804
5424,88646.74,0.1841,0.2073,0.6031,1,10641.43,1,0.8111927626584192
5425,42485.24,0.0643,0.1093,0.7917,1,40744.54,1,0.805886833416417
5426,36680.38,0.1368,0.0944,0.3433,0,10766.94,0,0.2576403391882431
5427,73759.26,0.0673,0.1304,0.31,1,38611.8,0,0.42578394766205757
5428,43891.9,0.2374,0.1831,0.4774,0,32725.92,0,0.5679687359299119
5429,67562.12,0.3547,0.0582,0.5291,1,18642.68,1,0.7438965289394966
5430,52929.31,0.2409,0.121,0.5418,0,18097.33,1,0.4987727115208495
5431,20471.04,0.0575,0.1158,0.071,0,43641.8,0,0.1255845235526786
5432,20000.0,0.1632,0.0965,0.2791,0,12799.35,1,0.2704460857174336
5433,70667.11,0.1305,0.1743,0.3837,0,33918.35,0,0.3208442032096166
5434,50961.06,0.0309,0.1051,0.5011,1,12347.29,1,0.5601313631358151
5435,51172.75,0.4534,0.1653,0.345,0,41215.9,1,0.6125906783148916
5436,82396.6,0.4387,0.1458,0.5482,0,34677.56,1,0.6527538332290068
5437,94336.06,0.0937,0.0913,0.5546,0,42308.19,0,0.24723289414252186
5438,58186.38,0.2916,0.1006,0.7527,0,40164.31,1,0.664671131905666
5439,56485.03,0.1981,0.0824,0.3794,0,26979.96,0,0.2718908303316421
5440,77503.58,0.1844,0.0608,0.3495,0,11089.16,1,0.18509519197831595
5441,31076.61,0.5773,0.1676,0.4651,0,13858.38,1,0.8209349134851086
5442,70578.83,0.2709,0.1778,0.5782,0,13072.71,1,0.6062024443090699
5443,78797.15,0.1082,0.0815,0.858,0,13825.58,1,0.5038306207518501
5444,82005.76,0.1748,0.1669,0.6366,1,24056.57,1,0.7905381467404714
5445,20000.0,0.1628,0.2366,0.3118,0,39711.74,0,0.5112171746268244
5446,45966.12,0.2773,0.0641,0.8259,0,5924.58,1,0.6782215212236651
5447,43043.42,0.1396,0.1432,0.3502,0,14539.22,1,0.3180632827338059
5448,67497.17,0.31,0.1893,0.4641,0,28872.12,0,0.5773817065657686
5449,77018.61,0.2312,0.0587,0.6934,0,39612.94,0,0.4510003343618301
5450,102417.76,0.0222,0.1979,0.8328,0,16899.22,1,0.5391095107975878
5451,52625.86,0.0787,0.2361,0.3614,1,20301.09,1,0.6942890712095354
5452,52560.69,0.1105,0.0668,0.203,0,19937.02,0,0.12434947296377878
5453,93741.8,0.1771,0.2062,0.6055,0,16747.75,1,0.5333706882244823
5454,72414.42,0.1019,0.1219,0.3249,0,32950.51,0,0.19563789178265267
5455,96691.29,0.0881,0.0774,0.7251,0,31232.59,0,0.3330716002382593
5456,72218.2,0.3132,0.1437,0.7413,0,38731.0,1,0.7063134201073343
5457,36072.08,0.3381,0.0636,0.4818,0,41703.1,1,0.4861267699162892
5458,31671.79,0.1846,0.1492,0.5725,1,41019.03,1,0.8218457701753774
5459,26212.19,0.1715,0.0537,0.4878,0,26606.43,0,0.3482156112501599
5460,81551.3,0.1722,0.1884,0.0788,0,12427.9,1,0.16798428718945405
5461,94714.92,0.4424,0.1427,0.4168,0,13886.48,0,0.5190327164617858
5462,111234.05,0.0918,0.1372,0.2142,0,28610.15,0,0.11019273614944318
5463,86077.63,0.5283,0.0873,0.368,1,41735.93,1,0.7688622583387671
5464,94070.96,0.1316,0.1186,0.2081,0,26217.26,1,0.12823472087555451
5465,50499.59,0.159,0.0846,0.5823,0,42429.14,0,0.402066961162798
5466,36089.6,0.1592,0.1897,0.6845,0,15490.0,1,0.684955938520423
5467,86251.98,0.0938,0.0878,0.7185,0,8453.87,1,0.3720144580318799
5468,75442.02,0.0479,0.1672,0.42,1,36851.62,0,0.553639705009858
5469,67686.11,0.147,0.1031,0.4573,1,40175.34,1,0.5879562403163078
5470,74684.29,0.2033,0.1748,0.6055,0,22923.25,0,0.5518780767764391
5471,73079.64,0.3875,0.1527,0.202,0,9097.77,1,0.3656806360531696
5472,97095.42,0.1622,0.1305,0.5463,0,6693.09,1,0.34273614807330416
5473,97374.64,0.1946,0.1779,0.571,0,7502.32,1,0.46575819575463817
5474,78605.51,0.1689,0.129,0.3437,0,22564.58,0,0.24678322719769405
5475,86145.07,0.3294,0.2061,0.2496,0,14392.6,0,0.40505602042375793
5476,77851.56,0.1666,0.1886,0.7112,0,23476.93,0,0.6169674471825329
5477,53470.76,0.2724,0.1527,0.3261,0,24539.58,1,0.4050446445381244
5478,83914.12,0.1363,0.2166,0.4218,0,23323.71,0,0.3889189721828564
5479,30137.62,0.2082,0.2075,0.1675,1,29796.9,0,0.6682807471649883
5480,91347.29,0.371,0.151,0.2718,0,32176.15,1,0.3602315655862518
5481,35136.93,0.1694,0.063,0.6363,0,20837.82,0,0.45608908034917806
5482,72145.08,0.0481,0.1575,0.7306,1,18481.27,1,0.7677360061895266
5483,43871.15,0.2382,0.1175,0.5153,1,19736.05,0,0.7707489265019072
5484,78834.72,0.1624,0.1526,0.5993,0,7807.26,0,0.4619183607632975
5485,64151.87,0.1752,0.173,0.484,0,17865.23,1,0.4497694973942162
5486,25131.1,0.231,0.1725,0.5311,1,12996.51,1,0.8564183144479198
5487,75517.49,0.363,0.178,0.6554,1,16633.61,1,0.90275989585131
5488,50551.98,0.113,0.1791,0.1618,0,33575.88,1,0.21249452635951444
5489,87028.67,0.1973,0.0708,0.3765,0,44541.54,0,0.2022195013570251
5490,65033.14,0.2588,0.0864,0.4895,0,41942.12,0,0.3877492703429191
5491,74885.52,0.3096,0.1698,0.8143,0,37865.01,1,0.7772289446692968
5492,41060.78,0.1156,0.1276,0.5235,2,34487.88,1,0.8933614319704428
5493,50266.69,0.1843,0.1949,0.4913,0,42797.51,1,0.5342502280737171
5494,53534.03,0.0839,0.0737,0.3111,0,35081.67,1,0.15942959542371835
5495,86417.56,0.1842,0.0864,0.1711,1,23838.19,0,0.3247831675557453
5496,106934.43,0.2487,0.1561,0.4316,0,29054.48,0,0.3479989722054956
5497,44870.71,0.0935,0.1451,0.3859,0,17231.4,0,0.30503099169857034
5498,91921.2,0.2902,0.1006,0.3893,0,5132.33,0,0.3028404341752888
5499,20000.0,0.2916,0.1276,0.5212,0,19144.52,1,0.6182242176442119
5500,35145.26,0.2142,0.0566,0.1791,0,21193.19,1,0.1763714941359102
5501,41030.54,0.0395,0.057,0.5542,1,34323.69,0,0.5556489877129244
5502,31187.28,0.2528,0.068,0.1019,0,39368.82,0,0.17737315808039683
5503,25410.29,0.0592,0.1596,0.7667,0,43506.19,1,0.6400090925327777
5504,75324.97,0.2527,0.2141,0.4475,0,19071.67,1,0.533199691659463
5505,59648.31,0.2201,0.0994,0.2729,0,43295.88,0,0.23727275852223814
5506,74485.13,0.216,0.0564,0.1878,0,36975.42,0,0.13113203082438807
5507,82261.82,0.0494,0.1846,0.4762,1,6233.78,1,0.6114336307166092
5508,71640.42,0.2111,0.2125,0.6075,0,28810.43,0,0.6281736037699067
5509,81444.08,0.2787,0.0763,0.5831,0,19625.67,1,0.4243644175803571
5510,63261.69,0.1029,0.1233,0.5159,0,6360.45,1,0.33419303169142217
5511,35325.17,0.3285,0.0802,0.2845,0,26260.12,1,0.35062228491557595
5512,91445.35,0.0857,0.0702,0.4262,1,28392.68,0,0.39533694265888014
5513,50272.2,0.2337,0.1732,0.5568,1,15089.23,1,0.8374212472620106
5514,41610.09,0.4066,0.2338,0.5318,0,42595.19,1,0.8086520027062075
5515,60552.05,0.1822,0.1789,0.3127,0,29418.17,0,0.34092309376234436
5516,42179.73,0.0513,0.2371,0.7162,0,12038.55,0,0.6755941056551164
5517,54564.24,0.3192,0.1325,0.7684,0,33850.27,1,0.7475923265100559
5518,73601.35,0.2197,0.2206,0.4497,1,24965.58,1,0.790176262120968
5519,73708.54,0.46,0.089,0.3287,0,23929.36,1,0.42612038579764416
5520,42554.25,0.1152,0.0724,0.6843,1,38381.33,1,0.7344302997443801
5521,52807.37,0.2739,0.1835,0.3224,0,10527.19,0,0.4552344431555431
5522,91858.33,0.3123,0.1206,0.2456,0,24639.47,1,0.25240194287207773
5523,77410.0,0.0658,0.1104,0.3784,0,36230.52,0,0.18252519485800725
5524,116876.63,0.1326,0.1775,0.4213,0,31415.54,0,0.25944633645453513
5525,94503.2,0.0929,0.1134,0.3061,0,5216.55,0,0.14423895331741224
5526,93607.33,0.3725,0.1588,0.626,1,36498.02,1,0.8657371821871775
5527,30303.29,0.2236,0.1069,0.5271,0,42786.88,0,0.5023730322263205
5528,84096.51,0.286,0.1989,0.1754,0,33186.75,0,0.3066306900316617
5529,63672.33,0.3344,0.1094,0.7272,2,40036.04,1,0.9631514394447495
5530,51225.45,0.0223,0.1516,0.6902,1,19432.47,0,0.7562963048283637
5531,69200.38,0.4749,0.0544,0.6539,0,19024.13,1,0.6527136467989577
5532,88630.29,0.1161,0.2004,0.6538,0,17834.58,1,0.5186976813479703
5533,77520.79,0.3433,0.1679,0.4834,0,34398.78,1,0.5643769235403321
5534,43038.15,0.4015,0.0865,0.3391,1,42682.64,1,0.7406381178795878
5535,83561.47,0.0478,0.0909,0.5679,0,40416.03,0,0.24253188499612874
5536,49060.31,0.3526,0.0999,0.4847,0,11008.56,1,0.5306860656407819
5537,70417.08,0.1624,0.1595,0.5985,3,30044.31,1,0.9763211641739512
5538,57416.25,0.2518,0.1542,0.5651,0,44838.33,0,0.5717010293805036
5539,59528.34,0.2098,0.102,0.1258,0,16814.74,0,0.15884735055748758
5540,84156.07,0.0516,0.1819,0.0724,0,30391.39,0,0.10534898511780205
5541,38995.16,0.3361,0.2189,0.3362,0,41264.95,1,0.6148054630953548
5542,113629.88,0.4185,0.0583,0.675,0,40981.93,0,0.5205310598023861
5543,20000.0,0.2099,0.1293,0.4781,0,17859.01,1,0.5120704532680803
5544,50058.31,0.0285,0.1628,0.4277,0,8757.0,1,0.2968266221915099
5545,74255.3,0.1839,0.1614,0.6042,0,30840.36,1,0.5116759010561138
5546,79607.85,0.3363,0.0537,0.3132,2,42878.7,1,0.801517262446997
5547,62488.11,0.3961,0.09,0.3316,1,25319.35,1,0.6981202726034118
5548,63565.23,0.1768,0.0617,0.7203,0,23308.3,1,0.4599112986726485
5549,75263.75,0.0935,0.1581,0.5063,0,39557.94,1,0.345003257850814
5550,59223.26,0.2988,0.1726,0.5235,0,21983.87,1,0.6066695939114578
5551,99829.53,0.3461,0.0804,0.6855,1,32237.15,1,0.7984841149465663
5552,85983.73,0.4352,0.1133,0.4917,2,20545.69,1,0.9358640584113429
5553,86820.61,0.3183,0.1127,0.6278,0,20085.5,1,0.5444243026527583
5554,40846.08,0.1969,0.2058,0.4435,1,12512.3,1,0.8087145698255184
5555,63015.29,0.0893,0.087,0.6944,0,8538.07,0,0.4018823960706797
5556,57488.35,0.064,0.1542,0.2383,0,40406.43,1,0.18591726964709693
5557,39859.97,0.2826,0.1988,0.6771,0,12248.79,1,0.774943754935014
5558,74004.1,0.1731,0.2076,0.7055,0,7488.74,1,0.6561764826482693
5559,51558.86,0.3908,0.1766,0.7735,0,28292.32,1,0.8445050081895848
5560,81385.1,0.3138,0.1069,0.5925,2,26839.87,1,0.928137981542757
5561,38245.21,0.1225,0.2064,0.5558,1,27710.27,1,0.8262751395759338
5562,107976.02,0.4343,0.191,0.5051,0,23724.2,1,0.6284787960015648
5563,42591.68,0.3343,0.1838,0.4758,0,10677.45,1,0.6563340277328149
5564,70482.56,0.2738,0.0628,0.2936,2,5836.59,1,0.7770293265653242
5565,84796.48,0.2922,0.0582,0.2943,0,6856.56,0,0.2061184631268609
5566,50733.99,0.4591,0.1821,0.788,0,42725.89,1,0.8847988408950691
5567,86311.72,0.242,0.2295,0.7483,0,26274.17,1,0.7442828188005757
5568,34270.41,0.1974,0.197,0.3352,0,20988.84,0,0.4619444305336148
5569,101302.94,0.217,0.208,0.5859,1,21433.27,1,0.8030827576623375
5570,65353.73,0.3544,0.1535,0.2514,0,31087.81,1,0.3934990141349285
5571,50089.71,0.213,0.1079,0.4508,0,20066.51,1,0.3858323092289437
5572,57520.46,0.2204,0.1788,0.2586,0,36858.36,1,0.33982049914621987
5573,85222.98,0.071,0.1853,0.5737,0,15397.72,1,0.3961513888349066
5574,50388.62,0.0452,0.1783,0.1506,0,19690.37,0,0.16756635712283535
5575,46266.06,0.1428,0.2299,0.3166,0,42399.87,1,0.42195639293121234
5576,59461.59,0.1375,0.1198,0.4583,0,15411.35,0,0.32428541673897654
5577,35575.95,0.3424,0.0575,0.7412,0,31463.44,1,0.6834810330188243
5578,110513.6,0.11,0.2226,0.6672,1,19582.69,1,0.7822613132503
5579,50840.14,0.1727,0.0805,0.1366,0,23847.88,1,0.13843808904900184
5580,85790.42,0.3363,0.1825,0.6459,0,6807.53,0,0.6854062234683637
5581,70236.75,0.2224,0.2159,0.6791,1,11689.36,1,0.8894267854092476
5582,40386.65,0.1284,0.1089,0.4967,0,9076.51,0,0.37062879656663195
5583,64851.13,0.0305,0.2078,0.2629,1,38788.61,1,0.5030349868634812
5584,84600.07,0.2233,0.1131,0.3482,0,43467.65,0,0.25681494764022295
5585,60293.47,0.3169,0.2009,0.5126,0,7718.98,1,0.6554726484691159
5586,94827.82,0.3574,0.0633,0.1759,2,8073.83,1,0.7196398303213306
5587,90537.88,0.4412,0.1745,0.8491,1,27086.76,1,0.951713982664784
5588,87972.87,0.3187,0.1787,0.1786,0,25161.4,0,0.2982237794048304
5589,53508.58,0.3887,0.1434,0.6229,0,31022.89,1,0.7218753933803141
5590,38003.94,0.0891,0.1805,0.6795,0,34472.23,1,0.6032661689662524
5591,49660.31,0.5023,0.2254,0.7946,0,36888.78,1,0.9255210004415244
5592,69906.02,0.3396,0.1894,0.2721,0,10963.34,1,0.44376578783379755
5593,78644.67,0.3336,0.2326,0.5571,0,6513.43,1,0.7073218345174342
5594,20000.0,0.2493,0.1352,0.4928,0,40566.35,1,0.5701213346888353
5595,64797.17,0.1337,0.1504,0.4679,0,23781.64,1,0.3622852850835236
5596,68952.23,0.102,0.1001,0.3321,0,43849.77,0,0.1822389243378123
5597,58061.39,0.1073,0.2373,0.424,0,26310.78,0,0.45933686816323893
5598,97281.85,0.2497,0.0605,0.4763,0,25401.1,0,0.26493208066856566
5599,75544.5,0.2557,0.1181,0.7042,1,29919.17,1,0.8303815138680481
5600,97754.8,0.4037,0.1066,0.5377,1,11805.76,1,0.7866239399375862
5601,59600.99,0.3097,0.1234,0.499,0,15161.62,1,0.5157727911403701
5602,88436.94,0.4005,0.2244,0.6841,1,41232.26,1,0.9336625844825046
5603,105876.66,0.1563,0.1199,0.6409,0,13493.11,1,0.3725951241553363
5604,97792.34,0.2528,0.2242,0.6753,0,14318.83,0,0.6733996583593894
5605,37696.46,0.5144,0.1304,0.278,1,25399.37,1,0.8341594930898097
5606,58658.1,0.0786,0.2124,0.534,1,30646.05,1,0.7623554738520277
5607,56370.88,0.1313,0.1491,0.5581,1,5036.15,1,0.7391897482625263
5608,77231.36,0.4815,0.1092,0.6992,0,23271.25,0,0.7482866232024259
5609,82158.84,0.3087,0.1354,0.5358,0,20960.53,1,0.5097893254467853
5610,44027.68,0.4448,0.1306,0.5081,0,39624.77,1,0.6891727872475377
5611,66695.96,0.1468,0.0994,0.7668,0,38587.9,1,0.5247910261659274
5612,20000.0,0.077,0.105,0.5308,0,41236.94,0,0.39239457297807123
5613,101048.63,0.1644,0.0854,0.266,1,38682.02,0,0.34392215588659686
5614,52190.64,0.4607,0.1138,0.3406,0,36468.45,1,0.5295912011843861
5615,66396.6,0.4767,0.1686,0.602,0,39360.2,0,0.7783080010666413
5616,57258.76,0.1682,0.1234,0.4223,2,11992.26,1,0.8588914997607618
5617,93650.69,0.4076,0.1853,0.161,0,18633.96,0,0.3559301158062521
5618,20000.0,0.3821,0.2375,0.5142,0,32344.73,1,0.8217010609937733
5619,64584.74,0.2662,0.1216,0.427,0,41925.24,0,0.4027046476081108
5620,62354.53,0.1367,0.1379,0.3281,0,31676.35,1,0.2555834358262016
5621,53659.09,0.2608,0.0812,0.5553,0,13317.96,1,0.460415919268305
5622,108155.66,0.0303,0.1245,0.6902,1,42786.6,1,0.605131861120973
5623,42816.76,0.1692,0.1881,0.3693,0,35413.67,1,0.42821709624814935
5624,84294.9,0.2209,0.0913,0.4903,0,33661.75,1,0.3206686313410101
5625,73906.32,0.0822,0.0846,0.4518,0,35500.26,1,0.20807388364010546
5626,96537.98,0.1555,0.1215,0.7898,0,31365.79,1,0.5156667633378411
5627,48320.27,0.1213,0.2055,0.6622,0,5884.5,1,0.6338003146104206
5628,46675.78,0.106,0.1685,0.45,0,15144.73,1,0.39414324850455
5629,92401.75,0.4382,0.2319,0.1572,0,43262.87,1,0.45782340483222944
5630,75633.03,0.4214,0.2219,0.3594,1,16544.17,1,0.854797232789486
5631,26376.57,0.1777,0.0787,0.3333,0,35865.06,1,0.2804275779146665
5632,51517.37,0.2209,0.0581,0.6641,0,21979.36,0,0.4785561050931212
5633,74659.57,0.271,0.1258,0.7921,0,41301.11,1,0.6776029742569424
5634,85944.11,0.1817,0.1492,0.4244,0,27306.76,0,0.3224863682501876
5635,48019.23,0.1606,0.148,0.3976,0,30275.44,1,0.3666654925426549
5636,20000.0,0.1954,0.0755,0.3264,1,14585.01,1,0.5964938094001176
5637,78080.58,0.0323,0.0737,0.5703,0,7300.94,1,0.222729748895483
5638,34491.98,0.1927,0.0589,0.6902,0,35262.25,1,0.5163384580762801
5639,20000.0,0.269,0.2117,0.224,0,7705.73,0,0.4972892079575235
5640,20000.0,0.1078,0.2301,0.2414,0,33871.93,1,0.39346012275309944
5641,85349.52,0.1524,0.072,0.1131,0,27219.71,0,0.08520724019592933
5642,68215.44,0.2334,0.0905,0.4479,0,37800.95,1,0.33386434428323986
5643,59358.59,0.4262,0.0671,0.6228,1,13230.92,1,0.8553720168548543
5644,99725.61,0.1924,0.2167,0.2571,0,26661.18,0,0.28237260219913357
5645,80933.12,0.2136,0.2322,0.475,0,29566.86,1,0.5355752414247344
5646,105407.5,0.103,0.0997,0.2591,0,7971.91,0,0.10973503005977206
5647,30181.61,0.2121,0.1077,0.6811,0,34557.63,1,0.6165201030718311
5648,64136.23,0.2601,0.1189,0.3823,0,20561.18,1,0.359815877661468
5649,24582.17,0.2026,0.1455,0.6916,0,10156.56,1,0.685615248251359
5650,59265.44,0.0473,0.1797,0.7716,0,20482.6,0,0.5867712300426091
5651,58784.6,0.224,0.1458,0.3575,0,8932.06,1,0.3634573150998469
5652,80665.34,0.1186,0.2307,0.5391,0,40519.83,0,0.49744134800567247
5653,66139.1,0.0143,0.069,0.1823,0,23270.4,0,0.07615592748025979
5654,80585.18,0.109,0.2017,0.8386,0,10521.12,1,0.6764409858764735
5655,82586.0,0.3349,0.1136,0.4155,0,15083.83,1,0.40028847178762667
5656,118873.22,0.1213,0.1217,0.7142,0,33985.96,1,0.37108586261187987
5657,57117.58,0.278,0.1847,0.6272,0,36443.53,1,0.6888270829605789
5658,41474.43,0.2109,0.2266,0.4164,1,6652.66,1,0.8231549904321448
5659,71152.09,0.1907,0.1861,0.4139,0,7395.21,1,0.41259191851032073
5660,44943.0,0.1322,0.1974,0.4435,0,41687.41,0,0.46400695451819757
5661,102049.02,0.4122,0.1926,0.5349,1,18239.29,1,0.8650199422717814
5662,57919.55,0.4556,0.111,0.5543,0,12732.95,1,0.6728627660825405
5663,50860.59,0.2441,0.1938,0.6341,0,9922.31,1,0.6925942973801893
5664,53217.11,0.2456,0.1991,0.5467,1,24038.3,1,0.857447971687983
5665,82960.44,0.088,0.1513,0.2643,1,35842.11,0,0.42033056859742923
5666,61056.33,0.2092,0.152,0.228,0,25844.71,1,0.2653510107222496
5667,48958.33,0.2098,0.1943,0.7702,0,5826.95,1,0.7594427536115088
5668,106633.8,0.1059,0.2052,0.6264,0,24356.2,0,0.4511386194905663
5669,43595.75,0.4686,0.1141,0.7506,0,17466.28,0,0.8276989505238462
5670,65889.15,0.2544,0.2023,0.3225,0,32314.37,1,0.4367438516637879
5671,81307.65,0.286,0.2047,0.5813,0,25940.36,1,0.6392604913822376
5672,24216.62,0.2171,0.0945,0.6919,2,43613.49,1,0.9524200475436909
5673,77006.51,0.2917,0.1862,0.4296,0,28926.57,1,0.5045154820936929
5674,38622.31,0.1647,0.0854,0.6564,0,30299.24,0,0.4967297906255249
5675,85569.57,0.3081,0.0677,0.6451,0,25809.23,0,0.47733254667683583
5676,40933.72,0.1293,0.1592,0.5617,0,17440.22,0,0.5037344499008944
5677,82319.23,0.3526,0.2226,0.3941,1,30224.13,1,0.8275990662851467
5678,92645.83,0.1669,0.0567,0.7869,2,18316.47,1,0.9002641313669236
5679,86535.91,0.2873,0.207,0.3533,0,33693.93,0,0.44981442098846375
5680,71282.92,0.2252,0.1462,0.7854,0,14473.86,1,0.6723516147138627
5681,59217.48,0.1045,0.2136,0.3281,0,19706.45,1,0.3419014795451105
5682,50589.51,0.4336,0.2103,0.7462,1,28345.93,1,0.9625035870453639
5683,101775.87,0.1955,0.2163,0.3148,0,30139.67,0,0.319548195012238
5684,47512.62,0.2412,0.1961,0.3193,1,31744.51,1,0.7451123726299725
5685,39073.35,0.3345,0.2102,0.4,0,33012.66,0,0.6481187896456856
5686,81634.22,0.3626,0.0834,0.2881,0,17732.26,0,0.28747640008827824
5687,45096.58,0.384,0.1077,0.7576,0,40703.06,0,0.7719836770597124
5688,41248.41,0.1467,0.0961,0.491,0,6197.34,1,0.3604466813343958
5689,28909.89,0.1418,0.1911,0.3236,0,12537.2,0,0.4050154191055647
5690,52927.25,0.1958,0.0792,0.3818,1,7805.63,0,0.5686650825842803
5691,62932.12,0.3921,0.0846,0.5585,1,31861.48,1,0.8208848800069138
5692,71077.29,0.4885,0.217,0.258,1,15946.61,1,0.8461105529972373
5693,88782.66,0.2993,0.1841,0.5535,0,12966.14,1,0.5796239996950324
5694,78172.45,0.0372,0.2163,0.5536,1,24226.7,1,0.713163106329765
5695,60228.19,0.4738,0.0765,0.6411,0,29761.9,0,0.694177297796514
5696,60045.11,0.2797,0.1258,0.6517,1,29769.84,1,0.8467265921716843
5697,77753.94,0.1705,0.1038,0.32,1,27298.1,1,0.4756093202934481
5698,96814.25,0.2112,0.0518,0.3077,1,44679.45,0,0.37336703243010616
5699,68157.85,0.2432,0.1041,0.8117,0,39408.59,1,0.6506682136064436
5700,53271.73,0.4538,0.1221,0.4755,0,14554.41,1,0.6403586973110332
5701,40178.35,0.3743,0.0675,0.3975,0,35348.65,1,0.44788019367507176
5702,28869.87,0.0454,0.1576,0.7921,0,27771.89,1,0.6363721757271953
5703,81656.74,0.2258,0.1228,0.097,0,7820.76,0,0.14450647789384904
5704,79449.46,0.1013,0.0588,0.4826,0,6983.24,1,0.19928995394415044
5705,79434.09,0.3999,0.1838,0.8309,0,36984.76,1,0.8441149290574915
5706,61783.51,0.3506,0.1886,0.6896,0,26799.63,1,0.7771399979645769
5707,100173.37,0.1306,0.2085,0.316,0,27853.0,0,0.26304433568299584
5708,52897.04,0.2504,0.1423,0.6579,0,18450.76,1,0.6343143184275697
5709,88881.73,0.4331,0.234,0.4587,0,42213.92,1,0.6989618181107615
5710,64031.43,0.3343,0.2237,0.7192,1,33533.91,1,0.9396402638163384
5711,49791.23,0.1965,0.1548,0.4879,0,42110.9,0,0.47737712085906076
5712,79813.26,0.1777,0.1345,0.4913,0,8970.69,0,0.3595361714688409
5713,75240.9,0.2427,0.0506,0.7586,0,28349.17,1,0.5055217013171105
5714,73924.32,0.4691,0.1851,0.3087,1,30501.09,1,0.8259549724535081
5715,67031.96,0.1457,0.1573,0.4843,1,10039.73,1,0.69118155928535
5716,64052.67,0.3403,0.2281,0.7252,0,18850.6,1,0.8274048912468329
5717,124709.3,0.0683,0.1629,0.39,0,13592.17,1,0.17306125309778525
5718,94606.42,0.2896,0.2386,0.2626,1,44378.36,1,0.7093174343254812
5719,83070.67,0.0537,0.2122,0.5087,0,26736.61,0,0.37805601191590754
5720,67794.98,0.2973,0.2312,0.3517,0,17610.44,1,0.5434921772171055
5721,90178.93,0.34,0.1123,0.4171,0,31579.87,1,0.38634090998874904
5722,77949.87,0.1371,0.0784,0.5486,1,31381.9,1,0.5870075992978709
5723,65655.12,0.4153,0.2014,0.6874,2,18893.22,1,0.9825053001048022
5724,57410.89,0.3492,0.1994,0.2266,1,44756.91,1,0.7500477892398159
5725,62977.07,0.2036,0.0902,0.338,0,37358.46,0,0.2477197484087597
5726,20000.0,0.3406,0.1953,0.511,0,21012.73,0,0.7468645074565646
5727,70265.02,0.0229,0.1606,0.2798,0,31402.37,1,0.17124787809167402
5728,52788.1,0.4539,0.0708,0.7194,1,33421.58,1,0.9075458810100437
5729,104816.75,0.0591,0.1453,0.1803,0,11952.66,0,0.09933201103278808
5730,65483.6,0.1146,0.2269,0.5704,2,40126.37,1,0.9368608746125819
5731,35275.91,0.0182,0.1462,0.6002,1,38041.51,1,0.7198235796180317
5732,63753.0,0.25,0.1999,0.3523,0,35227.0,1,0.4578860548404615
5733,38846.97,0.0693,0.0555,0.7167,0,13907.04,1,0.4076959062928158
5734,76835.19,0.3074,0.1883,0.6019,0,10449.99,1,0.6578084680823738
5735,72273.68,0.228,0.2299,0.4853,0,12221.92,0,0.5741781033333557
5736,88945.99,0.0554,0.1449,0.2499,1,8720.75,1,0.35644487230892075
5737,45227.96,0.2326,0.1142,0.8329,0,42611.63,1,0.719563471607396
5738,65850.2,0.1444,0.1729,0.2433,0,39059.78,1,0.24642107308145933
5739,30874.46,0.3181,0.2241,0.2911,1,8631.18,1,0.8342590255896173
5740,82537.37,0.0937,0.0836,0.611,0,32118.83,1,0.29611145005720607
5741,77971.78,0.1724,0.1267,0.2534,0,14823.49,0,0.1968522933471149
5742,77395.13,0.1567,0.0797,0.1425,2,5690.95,1,0.5901595954548938
5743,65040.48,0.2596,0.1444,0.3205,0,16695.69,0,0.3501235889823737
5744,75369.32,0.1387,0.1527,0.347,1,22601.2,1,0.5548703649657882
5745,105108.48,0.415,0.2294,0.1294,1,5801.53,1,0.6818114731366457
5746,57872.64,0.335,0.1284,0.7352,1,17948.8,1,0.9025468001954767
5747,68466.13,0.2687,0.1577,0.489,0,33014.11,1,0.5048616488474481
5748,37846.84,0.4637,0.2182,0.5357,0,14137.14,1,0.8319877053137311
5749,43293.48,0.0344,0.1111,0.4703,0,24395.72,0,0.27294689611601924
5750,67445.33,0.3247,0.1781,0.5856,1,40503.24,1,0.8740719998925732
5751,92598.34,0.3582,0.1939,0.3577,0,6135.64,1,0.48275663059224005
5752,58592.98,0.1488,0.1128,0.656,0,36425.49,1,0.47849372976720117
5753,59102.09,0.2569,0.0812,0.3976,1,20355.71,0,0.6245250925585765
5754,54827.87,0.2754,0.1456,0.1619,0,26646.0,0,0.27514213931854
5755,51631.08,0.0779,0.1178,0.6774,0,14234.87,1,0.4552263246914359
5756,72374.29,0.3196,0.1006,0.4862,1,28157.94,0,0.7370887157288919
5757,27568.56,0.3763,0.235,0.3655,0,34227.99,1,0.7173675760370888
5758,97023.49,0.1882,0.1454,0.6385,0,13061.52,1,0.46158131961714516
5759,48364.44,0.0883,0.2127,0.4672,2,18730.75,1,0.9117645964466755
5760,83047.59,0.0735,0.0871,0.5616,0,27695.16,0,0.25278402609804285
5761,33250.04,0.1381,0.2285,0.5993,0,21671.24,1,0.6695762471069721
5762,81721.0,0.4084,0.2009,0.3383,1,16726.12,1,0.8109864181240509
5763,81798.62,0.2696,0.2037,0.5017,0,23067.5,1,0.5597762157469883
5764,74605.05,0.2418,0.1241,0.2476,0,16633.11,1,0.2403644279438511
5765,40139.29,0.2911,0.1423,0.4089,1,17074.94,1,0.7798130959888213
5766,71238.7,0.3651,0.1627,0.4737,0,29425.35,1,0.5830444711346209
5767,35423.6,0.2623,0.2001,0.5326,1,24082.61,1,0.879821180239382
5768,58680.92,0.6102,0.2113,0.6522,1,32082.89,1,0.9713994857520084
5769,90735.33,0.231,0.0648,0.5048,0,38497.8,1,0.28803869604298754
5770,84917.55,0.4035,0.2218,0.4379,1,42718.61,0,0.8665188435444034
5771,65379.57,0.4563,0.2281,0.7463,0,11054.05,1,0.8865193319278163
5772,40629.84,0.284,0.1626,0.7086,0,30047.61,1,0.7494913906611446
5773,81139.69,0.1795,0.0855,0.3956,1,28295.98,1,0.5068545990509653
5774,65484.53,0.1497,0.2055,0.6905,0,39677.81,1,0.6409021847274683
5775,20000.0,0.1983,0.1542,0.6023,0,40835.6,1,0.6399903296487865
5776,84565.75,0.2114,0.2053,0.5565,0,35420.1,1,0.5462254103693889
5777,64394.18,0.3433,0.2048,0.7361,0,28818.47,1,0.8108704608686245
5778,95061.28,0.1497,0.0665,0.2703,0,12970.51,1,0.11890270166336178
5779,37618.24,0.1325,0.1653,0.4852,0,16065.54,1,0.4627127688567336
5780,20000.0,0.0704,0.1418,0.6384,1,29110.68,1,0.7993660262100803
5781,71977.1,0.4318,0.2298,0.0947,0,10573.75,1,0.44734606171803476
5782,72289.09,0.2378,0.1064,0.6402,0,12358.57,1,0.5045434208164425
5783,22733.21,0.0449,0.0891,0.3459,0,41457.29,0,0.21555878319544441
5784,40537.51,0.1973,0.2204,0.6588,0,43252.48,1,0.730248880355366
5785,133880.44,0.1315,0.0783,0.7215,0,5209.39,1,0.2888755171591308
5786,57359.73,0.3059,0.1804,0.4596,0,39499.28,1,0.5797416036752229
5787,83273.97,0.0006,0.107,0.3816,0,42520.54,0,0.14041878260801402
5788,48733.5,0.151,0.1579,0.5648,0,26029.58,1,0.5053116822878403
5789,20000.0,0.0862,0.1671,0.3123,0,22956.02,1,0.33146809387287857
5790,60743.54,0.1798,0.1293,0.5071,0,41751.98,1,0.4093295413125225
5791,58359.89,0.2879,0.2352,0.467,0,5301.33,1,0.6533011351533234
5792,55003.04,0.3221,0.075,0.6975,0,38619.43,1,0.6174603037163732
5793,62133.98,0.2783,0.1244,0.7458,1,16863.04,1,0.8787662741838673
5794,71606.71,0.1154,0.1318,0.1947,1,30646.49,1,0.3857930862533114
5795,61247.08,0.0952,0.1699,0.6575,0,17927.92,0,0.5182436192576918
5796,33399.85,0.0997,0.1274,0.6931,0,25917.79,1,0.548470935688013
5797,77154.62,0.1623,0.0684,0.4356,0,37332.69,0,0.22615564545272623
5798,20000.0,0.0352,0.23,0.6829,0,12250.76,1,0.6757055088627396
5799,20000.0,0.0598,0.1291,0.4627,0,31556.74,1,0.36288109769646404
5800,83479.51,0.0179,0.1151,0.531,1,40933.47,1,0.5100224736053818
5801,77675.51,0.0564,0.1349,0.8141,0,41042.07,1,0.5113523285527636
5802,63565.12,0.1091,0.0912,0.5152,0,40764.84,0,0.2921447281444743
5803,30113.79,0.1224,0.069,0.669,0,25738.54,1,0.46109929307176734
5804,47302.23,0.04,0.0782,0.3236,0,35708.05,0,0.15515339937081235
5805,58431.33,0.2424,0.0817,0.6666,0,22874.31,1,0.5230083719517135
5806,25102.65,0.3199,0.0876,0.6271,0,23406.54,0,0.649449452801333
5807,46524.28,0.4218,0.1298,0.481,0,16354.17,1,0.6439491969185308
5808,81308.26,0.3515,0.1685,0.3508,0,16409.1,1,0.45626585960273147
5809,100682.63,0.1388,0.1695,0.2993,0,6512.97,0,0.21106824898190024
5810,54514.13,0.3381,0.05,0.7671,0,26258.86,1,0.6464786681984764
5811,83912.21,0.2422,0.225,0.5554,0,17350.44,1,0.6068626886176376
5812,20000.0,0.2699,0.2063,0.4836,0,12507.46,1,0.6904606749797848
5813,81486.28,0.1285,0.2331,0.2467,0,9868.51,1,0.28538598528559783
5814,44901.29,0.0809,0.1184,0.4349,0,18879.95,0,0.2913648229125016
5815,72683.64,0.1687,0.1763,0.5794,0,40960.42,1,0.5059278645262827
5816,58806.19,0.0667,0.0819,0.6972,0,25656.06,0,0.38564202833987443
5817,98010.35,0.2778,0.2052,0.5274,0,27277.44,1,0.5514324425620867
5818,43139.11,0.1818,0.0807,0.4001,0,7173.12,0,0.2974278489048583
5819,80690.16,0.2021,0.1119,0.5531,0,25793.85,0,0.39078803860893385
5820,58012.31,0.4191,0.1433,0.28,0,31704.47,0,0.4763925032565954
5821,61042.36,0.0841,0.163,0.5331,0,11028.61,0,0.3971028546277014
5822,60403.65,0.0261,0.1563,0.5943,0,44342.15,1,0.38395433140228713
5823,43858.17,0.2697,0.0694,0.4722,0,41604.58,1,0.4063325015054278
5824,64647.53,0.1628,0.1301,0.7127,1,44724.09,1,0.8108782434500785
5825,63433.79,0.2336,0.2254,0.5828,0,19412.68,1,0.6667834970939308
5826,71031.01,0.324,0.2158,0.9287,0,37891.97,1,0.8828417877848445
5827,67112.63,0.5647,0.1622,0.5392,0,18149.43,1,0.7908089030322385
5828,84949.86,0.3776,0.1587,0.3707,0,34965.18,1,0.4715423771214486
5829,88087.72,0.1845,0.0712,0.3047,0,42913.19,1,0.15952421972423697
5830,38734.42,0.105,0.088,0.6832,0,11200.82,0,0.4670054901604543
5831,86719.31,0.2406,0.098,0.5847,0,10612.79,1,0.41367829964737773
5832,35341.59,0.1091,0.1428,0.5196,2,9176.18,1,0.9042623391825383
5833,79696.4,0.2797,0.189,0.6802,1,36934.03,1,0.8840045643872102
5834,80493.47,0.4866,0.1375,0.5358,0,31665.34,1,0.6753983306902135
5835,20000.0,0.6081,0.074,0.4638,0,25892.61,1,0.7537114303749473
5836,67324.48,0.258,0.1335,0.1315,1,35956.51,1,0.47847778352698705
5837,53287.6,0.1408,0.0809,0.8928,0,38996.93,1,0.6212793927092661
5838,46030.87,0.2206,0.1927,0.6466,1,42981.14,1,0.8863474401697986
5839,98771.31,0.2025,0.0816,0.7446,0,13050.04,1,0.451013689152187
5840,48658.02,0.0743,0.1417,0.316,1,22667.07,1,0.5166214145365705
5841,44840.58,0.24,0.1817,0.4205,0,41920.53,1,0.5198235768192309
5842,66892.37,0.1309,0.0934,0.3079,0,23452.95,0,0.1828995624993496
5843,82139.74,0.1883,0.0644,0.4579,0,24506.2,0,0.24309630427504325
5844,61458.79,0.258,0.157,0.6399,1,42697.81,1,0.8561429759475034
5845,94159.26,0.4561,0.0603,0.6302,0,34387.05,1,0.5694432339909428
5846,78274.39,0.4337,0.1617,0.7276,0,27081.93,1,0.7929728215911229
5847,20000.0,0.143,0.1932,0.6283,0,19291.45,0,0.6711356258353247
5848,51763.33,0.2896,0.1126,0.4784,0,41613.98,1,0.48141286482212914
5849,50953.95,0.4089,0.1428,0.7772,0,5357.54,1,0.8253001802404943
5850,76984.02,0.132,0.2265,0.4928,1,17840.25,1,0.7587181507154853
5851,20000.0,0.2693,0.1395,0.513,0,42842.93,1,0.6109568571360772
5852,128725.24,0.1322,0.2393,0.2488,0,24928.15,0,0.2113827150767139
5853,78275.65,0.2324,0.0798,0.1957,0,29954.19,0,0.15638698257113146
5854,68721.92,0.2632,0.1847,0.3424,0,26304.62,1,0.42519671537041176
5855,94539.19,0.389,0.174,0.9148,1,20894.43,1,0.9506483755051495
5856,123591.35,0.4599,0.2157,0.7184,0,31611.3,1,0.7905270159587208
5857,86768.67,0.4067,0.0676,0.6388,0,35658.99,1,0.5607076031563232
5858,88720.33,0.385,0.1032,0.8339,0,19577.06,1,0.7342983254932276
5859,68267.25,0.2071,0.0751,0.2866,0,28620.86,0,0.1950915559680231
5860,61461.86,0.0996,0.2273,0.5556,0,8310.33,1,0.534269193130893
5861,53105.11,0.0494,0.1311,0.3038,2,26903.92,1,0.7443777322117354
5862,44347.2,0.3872,0.2229,0.3207,0,34909.99,1,0.6415341323049545
5863,47824.65,0.3881,0.1059,0.7448,0,28409.75,1,0.7603425889835703
5864,31236.1,0.2104,0.074,0.5054,0,40137.91,1,0.41619229430504634
5865,63103.21,0.4332,0.1063,0.7246,0,16447.73,1,0.7522419073444013
5866,22883.31,0.1981,0.1635,0.5696,0,24670.24,1,0.6228863704416554
5867,69772.91,0.2877,0.2106,0.5907,0,8499.2,1,0.6815368366164233
5868,64091.73,0.4722,0.1232,0.5213,0,33000.84,1,0.6674223053095754
5869,68673.38,0.0388,0.2238,0.5389,0,22715.66,1,0.4409226561318681
5870,51946.71,0.2327,0.0964,0.8509,0,26214.62,1,0.6936754649258574
5871,141921.51,0.3112,0.1818,0.3931,0,10135.79,1,0.3339525629036138
5872,99002.9,0.093,0.1898,0.7522,1,44894.07,1,0.8000164134212078
5873,33886.44,0.3033,0.1021,0.467,0,35876.8,1,0.5109995274431084
5874,70821.7,0.1047,0.0551,0.4677,0,21025.19,0,0.20308968811719444
5875,49799.85,0.2835,0.1194,0.3046,0,27798.39,0,0.3545907175504737
5876,39638.01,0.2315,0.0586,0.5829,1,29748.69,1,0.7421447132372619
5877,31498.2,0.3935,0.2211,0.1903,0,43430.64,1,0.5729814179007375
5878,75805.42,0.1083,0.2312,0.5956,0,35735.54,0,0.546399108703218
5879,47965.49,0.1501,0.1897,0.2989,0,18986.67,1,0.3476821443895886
5880,89195.65,0.3567,0.1881,0.9208,1,44108.23,1,0.9527186925264866
5881,89844.56,0.1085,0.0958,0.8009,0,17071.85,1,0.45459063624794593
5882,99347.86,0.2369,0.064,0.5321,1,28077.84,1,0.5903766430655367
5883,43690.33,0.2913,0.2024,0.1871,0,33026.71,1,0.4156213537746991
5884,76884.14,0.2274,0.1562,0.3041,0,15845.03,1,0.30386692970843593
5885,80811.36,0.34,0.1795,0.2375,1,43254.44,1,0.6768854764885789
5886,53145.55,0.4124,0.1981,0.7737,0,13644.4,1,0.8699949859604059
5887,45705.7,0.2951,0.1278,0.6589,0,22670.93,1,0.6669312288496719
5888,105238.02,0.086,0.0775,0.6166,1,12194.93,1,0.5276055834164459
5889,70687.4,0.158,0.2011,0.3926,0,39999.5,0,0.3916842023523796
5890,80899.19,0.1473,0.1362,0.492,0,13864.05,0,0.3345391600803704
5891,44448.1,0.3136,0.2071,0.3572,1,6389.66,1,0.8276704547666036
5892,34517.89,0.144,0.1332,0.6557,1,6557.62,1,0.8197043030314378
5893,50763.76,0.0277,0.0912,0.4093,0,21550.14,0,0.1964435287153999
5894,61899.47,0.4377,0.0825,0.3348,0,25911.1,1,0.42822880314142864
5895,38394.5,0.0903,0.1913,0.5693,0,6665.55,0,0.5331077243501526
5896,64753.88,0.1815,0.1592,0.4387,0,8714.61,1,0.39570898131879645
5897,22787.37,0.2939,0.1269,0.3391,0,8898.52,1,0.46643442644336003
5898,36998.81,0.1828,0.1435,0.1998,0,31740.05,0,0.26296234074833824
5899,81772.78,0.1887,0.1544,0.4005,0,16992.6,1,0.32764535321085886
5900,80094.76,0.6336,0.0955,0.495,0,27502.91,1,0.7052306547139532
5901,55203.08,0.1557,0.1219,0.7533,0,7947.84,1,0.5866719623344124
5902,39555.89,0.4368,0.1056,0.3509,0,40684.62,0,0.5328464683876217
5903,39314.91,0.1549,0.1238,0.4764,0,17177.33,1,0.4043796896431139
5904,55668.29,0.3854,0.1451,0.4095,1,36128.03,1,0.8153810294977426
5905,81112.96,0.0763,0.0829,0.5105,0,38068.12,1,0.22288572762746292
5906,88206.14,0.1033,0.1248,0.8219,0,44516.35,0,0.5189457519020098
5907,52586.71,0.3691,0.1232,0.5676,0,34641.56,0,0.6399467933830215
5908,36162.69,0.16,0.1043,0.6113,0,22712.22,1,0.4930537146584544
5909,71696.09,0.5577,0.2397,0.5474,0,11105.11,1,0.8583194837354096
5910,44411.63,0.2499,0.064,0.6967,0,6914.89,0,0.5589853696074315
5911,52043.68,0.272,0.1722,0.2457,1,40450.39,0,0.6779974204218691
5912,98131.9,0.1585,0.0831,0.5319,1,22866.54,0,0.55267575926581
5913,85677.89,0.0779,0.2095,0.4421,1,34998.55,0,0.6412733339120147
5914,68949.36,0.1833,0.2237,0.4335,0,24853.22,1,0.488666771350404
5915,33202.02,0.0318,0.1263,0.5554,0,40186.58,1,0.3745715577544716
5916,70284.91,0.3324,0.2065,0.4527,0,34986.61,1,0.6096123669155508
5917,91566.43,0.1348,0.0975,0.3136,0,8418.31,0,0.15749085130009993
5918,55609.16,0.2465,0.0766,0.6277,0,35085.88,0,0.49356172813638155
5919,98777.85,0.2896,0.11,0.6447,0,15672.57,1,0.4979137310039213
5920,97318.63,0.1366,0.1149,0.4698,0,35922.25,0,0.24940898920039517
5921,106593.32,0.2562,0.1255,0.5828,0,42940.6,1,0.4236999965553174
5922,72631.08,0.1777,0.1209,0.495,1,42205.29,1,0.6599406902599108
5923,79684.79,0.1645,0.1281,0.368,0,10000.01,1,0.25547928424515126
5924,100354.68,0.24,0.1849,0.3556,0,7186.89,0,0.3425202560739853
5925,76184.85,0.1583,0.0967,0.6912,1,36079.27,1,0.7377246154477393
5926,52469.15,0.4668,0.0535,0.3249,0,33398.47,1,0.4221779235335412
5927,53786.43,0.0706,0.143,0.5032,1,12046.9,1,0.6504905518831828
5928,70963.87,0.2026,0.1352,0.3316,0,32382.69,0,0.28621447420057855
5929,32735.96,0.0834,0.0614,0.6583,0,5619.51,1,0.3983536391325114
5930,61418.53,0.5552,0.0754,0.5136,0,30246.48,1,0.6657347817478566
5931,92413.68,0.437,0.1469,0.2949,2,38292.22,1,0.9008710507916198
5932,20000.0,0.4139,0.0946,0.3552,0,30673.56,1,0.5443044154915796
5933,103362.05,0.0164,0.2167,0.4587,0,7615.86,0,0.27534339369880395
5934,93059.36,0.2733,0.0829,0.4466,0,44638.89,0,0.3017394195328147
5935,53505.88,0.192,0.0538,0.7305,0,19243.66,1,0.49368092452006035
5936,78584.77,0.3691,0.135,0.542,0,20219.13,1,0.5785341557157183
5937,65078.69,0.2128,0.2374,0.7766,1,8390.05,1,0.9282476660975241
5938,95749.76,0.1746,0.1704,0.6927,0,11684.71,1,0.5375897165933194
5939,89567.08,0.2949,0.1173,0.5487,0,15847.03,1,0.45935549474790943
5940,29998.23,0.3244,0.0532,0.1733,1,36968.09,1,0.531771557667075
5941,79681.56,0.2134,0.1421,0.246,0,32669.95,1,0.23298748283181078
5942,59859.3,0.3348,0.0892,0.4487,1,28345.95,0,0.7333288304490028
5943,67070.81,0.1949,0.1731,0.3762,0,39555.73,1,0.3758688792802964
5944,46795.7,0.2764,0.1608,0.3783,0,44912.21,1,0.47987517018810744
5945,108703.43,0.5389,0.1004,0.4631,2,20390.98,1,0.9350265852658588
5946,91001.55,0.2094,0.0631,0.2612,0,20648.94,0,0.14271209073217112
5947,46505.72,0.3489,0.1935,0.5171,0,34443.58,1,0.7031532097023783
5948,31634.73,0.3089,0.1612,0.9138,0,30773.95,1,0.8738691921604722
5949,55358.18,0.1704,0.21,0.4509,0,5535.74,0,0.5011514457003403
5950,75862.57,0.2418,0.0994,0.8363,0,31217.09,0,0.6434795647240403
5951,71005.15,0.1482,0.174,0.2268,0,33784.34,0,0.2314185407030562
5952,96328.32,0.133,0.0725,0.4719,1,44437.46,1,0.46704818079077953
5953,84747.99,0.1871,0.1054,0.4711,0,28470.84,1,0.29945889532942316
5954,89239.23,0.0822,0.1747,0.6736,0,32376.71,1,0.4590878346689457
5955,73171.39,0.2984,0.2069,0.3349,0,36549.91,1,0.47743319414230595
5956,30267.53,0.1975,0.111,0.4201,0,8838.38,0,0.39920762812206495
5957,60107.54,0.5248,0.2018,0.4874,0,34386.09,1,0.7931603437221105
5958,91502.24,0.1312,0.1788,0.556,1,26874.63,1,0.7088116074996849
5959,63711.93,0.4328,0.1162,0.2966,1,9003.02,1,0.7356701271327423
5960,77577.26,0.5906,0.2165,0.4643,0,31795.23,1,0.8087099092425256
5961,57031.29,0.2751,0.1468,0.5095,0,14380.17,1,0.5371964556661369
5962,39254.7,0.1865,0.1732,0.1053,0,26515.91,1,0.2406609457309885
5963,61916.4,0.215,0.1442,0.2657,1,16238.41,0,0.5780155312559098
5964,72726.19,0.3462,0.136,0.1883,0,9181.46,1,0.2979478720271432
5965,48607.81,0.2606,0.2111,0.7049,0,15034.58,1,0.7758283689229163
5966,59107.22,0.0689,0.106,0.6584,0,22552.26,0,0.39497659255209233
5967,41513.42,0.0882,0.057,0.5759,0,24765.15,0,0.31481028659322835
5968,92981.12,0.4802,0.2172,0.5252,0,10939.24,1,0.7470346901617033
5969,57638.61,0.0426,0.2068,0.5018,2,17839.14,1,0.8954820878427495
5970,101318.89,0.1326,0.1196,0.6061,0,39375.63,1,0.3361738223898048
5971,103218.7,0.4412,0.0852,0.2722,0,41415.29,1,0.29632127229817723
5972,62973.85,0.2311,0.1784,0.2682,1,26407.28,1,0.6456696950224696
5973,39788.78,0.4488,0.065,0.1482,0,24614.46,0,0.31942239382719295
5974,20000.0,0.2843,0.1305,0.2697,0,28256.36,1,0.4145443800685134
5975,28199.07,0.1519,0.0663,0.0917,1,13582.78,0,0.3369186637398894
5976,30654.13,0.2156,0.1636,0.605,1,44742.85,1,0.8648422083889707
5977,99461.74,0.0712,0.0552,0.4881,2,34810.91,1,0.6885817580474538
5978,67895.61,0.2592,0.1696,0.5962,0,14549.84,1,0.6030023955337925
5979,74740.11,0.2666,0.1779,0.5399,0,15885.86,1,0.5623403768883838
5980,20000.0,0.0114,0.1426,0.6248,2,30936.5,1,0.9146812082114572
5981,35050.84,0.0844,0.0833,0.5399,0,17913.86,1,0.3382367582599116
5982,87176.99,0.0389,0.0693,0.6939,0,19212.67,0,0.2807907958628996
5983,72169.35,0.3247,0.1095,0.2633,0,36237.71,1,0.29654036042808496
5984,61319.87,0.3958,0.1384,0.4729,0,15677.08,1,0.5943970810622192
5985,79121.06,0.0977,0.172,0.5386,0,33209.65,0,0.3857256244926748
5986,105894.95,0.0069,0.0502,0.6967,0,42395.39,1,0.20418579614603893
5987,59473.94,0.2926,0.1851,0.5576,0,9965.41,1,0.6461210434925869
5988,66734.25,0.241,0.1854,0.3532,1,10771.37,1,0.7158128600852437
5989,69814.92,0.376,0.1345,0.4462,0,42714.92,0,0.5281164929036799
5990,124802.74,0.1705,0.1152,0.4547,1,13140.77,0,0.4895701218595305
5991,20000.0,0.228,0.21,0.6074,0,5836.03,1,0.745349608333448
5992,82080.58,0.0968,0.1991,0.2957,0,39740.32,1,0.24815103709427758
5993,62129.94,0.4325,0.2368,0.642,0,16292.12,1,0.8477067097491032
5994,79169.29,0.4232,0.1207,0.6519,1,16934.16,1,0.8833420109067665
5995,48565.69,0.4528,0.2223,0.4863,0,14076.85,1,0.7893440212987933
5996,63775.87,0.1786,0.0666,0.4555,0,41706.68,0,0.2716889958780993
5997,82785.26,0.2431,0.1282,0.3364,0,35976.75,0,0.2871975442972726
5998,142822.76,0.0314,0.1384,0.4129,0,28871.7,0,0.12274315246762114
5999,85200.9,0.1543,0.1338,0.5433,0,23130.33,1,0.3653032752547803
6000,43798.36,0.0854,0.1688,0.2182,1,10741.2,0,0.5042500973493468
